run_id,game_name,opponent,opponent_race,map,outcome,scbw_exit_code,launched_at,finished_at,game_time_sec,jar_version,git_rev,frozen,telemetry_flag,telemetry_status,plan_flag,result_winner,result_is_crashed,result_realtime_outed,score_self_is_winner,score_self_building,score_self_kill,score_self_razing,score_self_unit,score_opp_is_winner,score_opp_building,score_opp_kill,score_opp_razing,score_opp_unit,econ_samples,econ_last_frame,econ_minerals_gathered,econ_minerals_spent,econ_gas_gathered,econ_gas_spent,econ_supply_used_peak,econ_supply_total_peak,econ_frame_time_avg,econ_frame_time_max,record_timestamp,record_is_winner,record_num_starting_locations,record_opener,record_build_order,record_detected_strategies,record_frame_count,observed_game_id,observed_build_order,observed_is_winner,observed_end_frame,observed_average_fps,observed_engagement_count,observed_our_units_lost,observed_our_supply_lost,observed_enemy_units_killed,observed_enemy_supply_killed,observed_enemy_destroyed,observed_sample_interval_frames,observed_contact_radius_px,observed_merge_radius_px,observed_close_cooldown_frames,truth_self_created,truth_self_destroyed,truth_self_events,truth_opp_created,truth_opp_destroyed,truth_opp_types,truth_opp_events,truth_opp_last_frame,plan_events,plan_enqueued,plan_transitions,plan_completed,plan_cancelled,plan_units,plan_buildings,plan_tech,plan_upgrades,plan_queue_depth_peak,plan_last_frame,learn_opener,learn_build_order,learn_detected_strategies,learn_is_winner,learn_frame_count
20260903-210912,KTNJC000,Dave Churchill,Random,(2)Benzene.scx,LOSS,0,2026-09-03T21:09:12,2026-09-03T21:15:02,348.1,0.62,6d09bf8,False,True,ok,True,Dave Churchill,False,False,False,830,1500,0,2350,True,800,3500,2490,2500,620,14880,2890,2875,688,350,32,50,5.795,13735.0,1788495294922,false,2,Overpool,1HatchSpire,1Base;EarlyRush,14882,ceb7fa09-6bc0-4332-b156-3e062f208fb7,1HatchSpire,0,14882,160.9144,17,60,60,29,30,30,8,320,512,240,36,68,1634,30,30,7,1250,14887,436,79,357,46,34,61,17,0,1,25,14882,Overpool,1HatchSpire,1Base;EarlyRush,false,14882
20260903-210912,KTNJC023,MadMixR,Random,(4)Andromeda.scx,WIN,0,2026-09-03T21:09:12,2026-09-03T21:16:21,426.6,0.62,6d09bf8,False,True,ok,True,Infested Artosis,False,False,True,4470,29140,19650,30200,False,6050,45200,120,16260,1061,25464,31486,27750,9640,6025,248,310,5.276,16554.0,1788495370421,true,4,12Pool,3HatchHydra,1Base,25484,3b9d8adf-bff5-485b-b37c-bd45c24a8025,3HatchHydra,1,25484,177.3534,15,161,282,102,340,199,8,320,512,240,27,175,3539,206,201,16,2296,25450,2873,378,2495,362,17,326,44,0,8,52,25425,12Pool,3HatchHydra,1Base,true,25484
20260903-210912,KTNJC046,liongis,Zerg,(4)Jade.scx,LOSS,0,2026-09-03T21:09:12,2026-09-03T21:14:12,295.0,0.62,6d09bf8,False,True,ok,True,liongis,False,False,False,375,850,900,1550,True,1080,2150,1125,1950,386,9264,1658,1450,0,0,29,50,6.31,13066.0,1788495242907,false,4,4Pool,4Pool,1Base,9271,ee213058-fc61-4754-ba94-f70e69956980,4Pool,0,9271,120.9809,8,39,39,15,17,16,8,320,512,240,26,41,672,24,17,9,630,9272,253,62,191,24,43,33,29,0,0,11,9271,4Pool,4Pool,1Base,false,9271
20260903-210912,KTNJC069,Ecgberht,Terran,(2)Destination.scx,LOSS,0,2026-09-03T21:09:12,2026-09-03T21:16:08,412.8,0.62,6d09bf8,False,True,ok,True,Ecgberht,False,False,False,2545,18000,0,11750,True,4980,23900,8535,22325,1034,24816,12650,12650,3248,2550,83,102,4.588,11200.0,1788495358539,false,2,12Hatch,3HatchLurker,1Base;2RaxAcademy,24833,4b609285-1572-4e2e-88c2-bc07041fa68f,3HatchLurker,0,24833,174.9606,16,129,184,113,226,137,8,320,512,240,47,188,3157,355,119,19,2355,24859,2235,285,1950,181,104,232,48,1,4,66,24833,12Hatch,3HatchLurker,1Base;2RaxAcademy,false,24833
20260903-210912,KTNJC08C,WillBot,Random,(4)CircuitBreaker.scx,LOSS,0,2026-09-03T21:09:12,2026-09-03T21:15:55,398.2,0.62,6d09bf8,False,True,ok,True,WillBot,False,False,False,455,3300,750,3950,True,5325,6825,1365,18150,1074,25776,4762,4025,0,0,54,66,4.411,11936.0,1788495349400,false,4,4Pool,4Pool,2Gate;EarlyRush;1Base,25794,649bb7e4-8bb7-41a4-bdd7-ab285887ed3b,4Pool,0,25794,160.6483,14,124,124,17,60,20,8,320,512,240,71,132,2608,194,20,16,1330,25795,1276,324,952,74,290,304,20,0,0,10,25794,4Pool,4Pool,2Gate;EarlyRush;1Base,false,25794
20260903-210912,KTNJC0AF,Tomas Cere,Protoss,(4)LaMancha1.1.scx,LOSS,0,2026-09-03T21:09:12,2026-09-03T21:15:26,370.5,0.62,6d09bf8,False,True,ok,True,Tomas Cere,False,False,False,375,4200,3600,3200,True,3650,6150,1125,10900,857,20568,3738,3200,0,0,56,66,4.581,11978.0,1788495316998,false,4,4Pool,4Pool,1Base,20586,dca7830f-5ad5-46a2-981c-95db338233ce,4Pool,0,20586,149.2977,22,105,105,26,84,62,8,320,512,240,57,111,1070,194,63,17,1506,20604,441,91,350,58,37,67,24,0,0,11,20586,4Pool,4Pool,1Base,false,20586
20260903-210912,KTNJC0CI,VOID,Terran,(2)HeartbreakRidge.scx,LOSS,0,2026-09-03T21:09:12,2026-09-03T21:16:15,418.6,0.62,6d09bf8,False,True,ok,True,VOID,False,False,False,3250,6800,150,14925,True,5415,25550,10575,13975,1148,27552,16186,15725,4136,4075,122,152,5.028,11826.0,1788495367922,false,2,12Hatch,CrazyZerg,EarlyRush;1Base;2RaxAcademy,27561,cdd3ddca-215e-44be-b2f8-eb652641ffda,CrazyZerg,0,27561,211.7977,31,181,263,67,134,77,8,320,512,240,86,270,4794,295,69,21,2715,27568,8421,2213,6208,230,2276,2135,65,2,11,47,27561,12Hatch,CrazyZerg,EarlyRush;1Base;2RaxAcademy,false,27561
20260903-210912,KTNJC047,liongis,Zerg,(4)LaMancha1.1.scx,LOSS,0,2026-09-03T21:14:12,2026-09-03T21:18:04,230.0,0.62,6d09bf8,False,True,ok,True,liongis,False,False,False,1000,3150,0,2850,True,1365,4350,3900,4950,502,12048,3826,3800,360,100,48,70,2.339,5808.0,1788495476429,false,4,Overpool,SpeedlingAllIn,Hydralisk,12061,cf655b64-f7ac-47f4-af5a-6cfa4ca6cdee,SpeedlingAllIn,0,12061,214.9639,10,71,71,57,58,58,8,320,512,240,40,80,1196,37,59,10,1392,12062,476,68,408,54,7,60,7,0,1,12,12061,Overpool,SpeedlingAllIn,Hydralisk,false,12061
20260903-210912,KTNJC001,Dave Churchill,Random,(2)Destination.scx,LOSS,0,2026-09-03T21:15:02,2026-09-03T21:19:45,281.3,0.62,6d09bf8,False,True,ok,True,Dave Churchill,False,False,False,1475,1250,0,2850,True,800,4230,4425,3950,829,19896,4146,4150,0,0,39,56,3.28,6638.0,1788495575931,false,2,12Pool,1HatchSpire,1Base;EarlyRush,19904,5d83e7e4-3fe5-462d-83ec-dba5bf3b33a0,1HatchSpire,0,19904,154.2708,21,85,85,24,25,45,8,320,512,240,45,91,2970,41,25,7,1834,19905,838,117,721,61,42,83,34,0,0,36,19904,12Pool,1HatchSpire,1Base;EarlyRush,false,19904
20260903-210912,KTNJC0AG,Tomas Cere,Protoss,(4)Python.scx,WIN,0,2026-09-03T21:15:26,2026-09-03T21:19:24,236.3,0.62,6d09bf8,False,True,ok,True,Infested Artosis,False,False,True,375,3000,3900,1500,False,1300,550,0,1500,378,9072,1498,1450,0,0,37,50,3.22,10094.0,1788495553928,true,4,4Pool,4Pool,1Base,9085,d9d0ca3a-fea8-4c8d-80c6-976da124d5a4,4Pool,1,9085,25.0788,8,14,14,25,60,33,8,320,512,240,25,11,359,33,33,8,276,9048,189,30,159,24,0,29,1,0,0,7,9085,4Pool,4Pool,1Base,true,9085
20260903-210912,KTNJC08D,WillBot,Random,(4)EmpireoftheSun.scm,LOSS,0,2026-09-03T21:15:55,2026-09-03T21:22:09,371.9,0.62,6d09bf8,False,True,ok,True,WillBot,False,False,False,3145,17100,600,22300,True,5790,42880,9555,22275,1325,31800,18330,18325,7008,6775,132,150,4.195,11504.0,1788495720613,false,4,Overpool,CrazyZerg,1Base,31808,19ec8ac8-383e-4c05-9b67-46cd3936a139,CrazyZerg,0,31808,213.4577,25,248,409,92,208,103,8,320,512,240,111,307,6850,361,122,23,3288,31809,3387,360,3027,236,94,298,51,0,11,50,31808,Overpool,CrazyZerg,1Base,false,31808
20260903-210912,KTNJC06A,Ecgberht,Terran,(2)HeartbreakRidge.scx,LOSS,0,2026-09-03T21:16:08,2026-09-03T21:21:51,342.0,0.62,6d09bf8,False,True,ok,True,Ecgberht,False,False,False,2845,18150,0,13075,True,4205,23600,8535,20800,1058,25392,13234,13188,3032,3013,73,106,3.974,11679.0,1788495698308,false,2,12Hatch,3HatchLurker,1Base;2RaxAcademy,25391,99702a54-ccd1-4abc-b6eb-b8fa507ccf46,3HatchLurker,0,25391,155.3603,31,130,187,127,254,147,8,320,512,240,50,199,3195,338,144,19,2494,25392,4037,299,3738,196,90,232,62,1,4,47,25391,12Hatch,3HatchLurker,1Base;2RaxAcademy,false,25391
20260903-210912,KTNJC0CJ,VOID,Terran,(3)NeoMoonGlaive.scx,WIN,0,2026-09-03T21:16:15,2026-09-03T21:22:25,368.5,0.62,6d09bf8,False,True,ok,True,Infested Artosis,False,False,True,3065,41200,13170,32750,False,3590,39700,240,18850,1317,31608,23134,22900,9970,9925,216,232,4.381,14166.0,1788495735003,true,3,12Hatch,CrazyZerg,2RaxAcademy;1Base,31622,b9507dce-3645-482c-b053-08e4a0b07949,CrazyZerg,1,31622,143.9321,31,299,478,289,602,354,8,320,512,240,139,263,5777,353,349,18,3897,31589,2773,329,2444,293,31,285,30,2,12,37,31622,12Hatch,CrazyZerg,2RaxAcademy;1Base,true,31622
20260903-210912,KTNJC024,MadMixR,Random,(4)CircuitBreaker.scx,LOSS,0,2026-09-03T21:16:21,2026-09-03T21:20:03,221.0,0.62,6d09bf8,False,True,ok,True,MadMixR,False,False,False,840,50,0,1200,True,375,1460,2520,1200,285,6840,1698,1675,128,100,28,52,6.374,12798.0,1788495596355,false,4,12Pool,1HatchSpire,EarlyRush;1Base,6853,ff0aa08b-77f7-41de-9d41-82770d547f1e,1HatchSpire,0,6853,126.7478,1,4,4,1,1,1,8,320,512,240,8,21,299,19,1,5,331,6854,308,60,248,21,40,46,13,0,1,28,6853,12Pool,1HatchSpire,EarlyRush;1Base,false,6853
20260903-210912,KTNJC048,liongis,Zerg,(4)Python.scx,LOSS,0,2026-09-03T21:18:04,2026-09-03T21:21:56,230.2,0.62,6d09bf8,False,True,ok,True,liongis,False,False,False,375,950,0,1550,True,1080,2100,1125,2450,395,9480,1666,1550,0,0,29,50,4.205,11960.0,1788495707209,false,4,4Pool,4Pool,1Base,9488,4344d0e2-e527-432f-bca9-ba0e5d7f5677,4Pool,0,9488,165.3268,7,38,38,19,19,19,8,320,512,240,26,40,848,32,20,8,842,9489,254,61,193,26,40,34,27,0,0,11,9488,4Pool,4Pool,1Base,false,9488
20260903-210912,KTNJC0AH,Tomas Cere,Protoss,(4)Roadrunner.scx,WIN,0,2026-09-03T21:19:24,2026-09-03T21:23:10,224.3,0.62,6d09bf8,False,True,ok,True,Infested Artosis,False,False,True,375,2500,3375,1250,False,725,450,0,1250,325,7800,1466,1300,0,0,33,34,3.898,8211.0,1788495780299,true,4,4Pool,4Pool,1Base,7814,55edd921-edcd-4d2d-885d-24d53d2313d9,4Pool,1,7814,24.5627,3,9,9,21,50,27,8,320,512,240,22,9,310,27,27,7,217,7755,157,27,130,21,0,26,1,0,0,7,7814,4Pool,4Pool,1Base,true,7814
20260903-210912,KTNJC002,Dave Churchill,Random,(2)HeartbreakRidge.scx,LOSS,0,2026-09-03T21:19:45,2026-09-03T21:24:38,290.6,0.62,6d09bf8,False,True,ok,True,Dave Churchill,False,False,False,1035,900,0,3500,True,1200,5200,3105,4450,862,20688,4738,4675,0,0,40,52,3.2,9630.0,1788495868986,false,2,Overpool,1HatchSpire,1Base;EarlyRush;Hydralisk,20710,5f84c20d-c680-4963-9c02-80821d955720,1HatchSpire,0,20710,183.1741,24,102,102,17,18,25,8,320,512,240,57,111,2915,48,18,8,1954,20711,679,117,562,80,37,86,31,0,0,30,20710,Overpool,1HatchSpire,1Base;EarlyRush;Hydralisk,false,20710
20260903-210912,KTNJC025,MadMixR,Random,(4)EmpireoftheSun.scm,WIN,0,2026-09-03T21:20:03,2026-09-03T21:24:34,269.2,0.62,6d09bf8,False,True,ok,True,Infested Artosis,False,False,True,2385,17250,10320,22350,False,3715,28400,435,14450,972,23328,17010,16875,7736,7700,154,182,3.125,13589.0,1788495867360,true,4,12Pool,CrazyZerg,1Base,23345,7e332d39-10dd-4749-a93a-be00efcdc772,CrazyZerg,1,23345,208.2440,27,186,284,126,306,164,8,320,512,240,85,204,2659,173,163,23,2373,23303,1963,255,1708,207,19,221,23,0,11,29,23345,12Pool,CrazyZerg,1Base,true,23345
20260903-210912,KTNJC06B,Ecgberht,Terran,(3)NeoMoonGlaive.scx,LOSS,0,2026-09-03T21:21:51,2026-09-03T21:26:44,291.0,0.62,6d09bf8,False,True,ok,True,Ecgberht,False,False,False,1685,9200,0,7425,True,3280,14450,5055,10575,806,19344,7754,7725,2096,1625,70,86,3.711,8602.0,1788495994889,false,3,12Hatch,3HatchLurker,1Base,19346,5fd0feaf-f94c-4cbe-a94a-a99db8d90659,3HatchLurker,0,19346,205.4410,14,85,113,60,120,63,8,320,512,240,34,121,1872,197,65,18,1668,19367,1040,182,858,108,63,152,26,1,3,40,19346,12Hatch,3HatchLurker,1Base,false,19346
20260903-210912,KTNJC049,liongis,Zerg,(4)Roadrunner.scx,WIN,0,2026-09-03T21:21:56,2026-09-03T21:25:33,215.0,0.62,6d09bf8,False,True,ok,True,Infested Artosis,False,False,True,700,2750,120,1850,False,740,400,0,1900,317,7608,2594,2400,448,100,52,52,4.519,9115.0,1788495923398,true,4,Overpool,SpeedlingAllIn,1Base,7628,647dcdfc-a41a-4669-8cc4-6e58f23fb014,SpeedlingAllIn,1,7628,110.5153,4,12,12,45,55,46,8,320,512,240,23,9,727,24,46,8,451,7532,250,42,208,36,0,38,3,0,1,11,7628,Overpool,SpeedlingAllIn,1Base,true,7628
20260903-210912,KTNJC08E,WillBot,Random,(4)FightingSpirit.scx,LOSS,0,2026-09-03T21:22:09,2026-09-03T21:27:22,311.6,0.62,6d09bf8,False,True,ok,True,WillBot,False,False,False,375,2700,0,4550,True,2650,8675,1125,22825,1224,29376,5554,4500,0,0,28,50,3.027,11715.0,1788496035336,false,4,4Pool,4Pool,1Base;Hydralisk,29390,18a2532f-9419-4114-88e6-16c4a7c0b711,4Pool,0,29390,205.2127,9,154,154,18,24,19,8,320,512,240,84,162,4186,45,21,19,2496,29395,800,202,598,84,137,189,13,0,0,10,29390,4Pool,4Pool,1Base;Hydralisk,false,29390
20260903-210912,KTNJC0CK,VOID,Terran,(3)TauCross.scx,LOSS,0,2026-09-03T21:22:25,2026-09-03T21:26:29,242.3,0.62,6d09bf8,False,True,ok,True,VOID,False,False,False,1615,100,0,3750,True,1640,5650,4845,3225,538,12912,6426,5513,1232,638,72,86,4.675,12182.0,1788495979514,false,3,12Hatch,CrazyZerg,1Base,12929,28735b97-a5cf-427a-86fa-3b57d4e3ab57,CrazyZerg,0,12929,165.8176,13,43,43,1,2,2,8,320,512,240,31,92,843,79,2,17,785,12930,950,159,791,81,62,120,37,0,2,38,12929,12Hatch,CrazyZerg,1Base,false,12929
20260903-210912,KTNJC0AI,Tomas Cere,Protoss,(2)Benzene.scx,WIN,0,2026-09-03T21:23:10,2026-09-03T21:27:10,239.2,0.62,6d09bf8,False,True,ok,True,Infested Artosis,False,False,True,375,2600,4050,1400,False,950,500,0,1300,347,8328,1586,1350,0,0,34,50,4.467,10427.0,1788496021764,true,2,4Pool,4Pool,1Base,8341,9e0dadb4-f790-49b0-9310-b34e3567e493,4Pool,1,8341,27.0484,4,10,10,22,52,31,8,320,512,240,23,10,323,31,31,8,233,8308,161,28,133,22,0,27,1,0,0,7,8341,4Pool,4Pool,1Base,true,8341
20260903-210912,KTNJC026,MadMixR,Random,(4)FightingSpirit.scx,WIN,0,2026-09-03T21:24:34,2026-09-03T21:28:16,220.9,0.62,6d09bf8,False,True,ok,True,Infested Artosis,False,False,True,1155,2720,4020,5300,False,1340,0,0,1650,512,12288,4666,4175,1992,1600,90,100,3.177,10257.0,1788496087235,true,4,12Pool,1HatchSpire,1Base,12309,34d687ec-7c98-44bf-9f01-3c5e120122dd,1HatchSpire,1,12309,251.3346,9,0,0,21,42,31,8,320,512,240,12,2,531,6,31,6,536,12259,363,60,303,52,8,50,8,0,2,8,12309,12Pool,1HatchSpire,1Base,true,12309
20260903-210912,KTNJC003,Dave Churchill,Random,(3)NeoMoonGlaive.scx,LOSS,0,2026-09-03T21:24:38,2026-09-03T21:28:33,233.2,0.62,6d09bf8,False,True,ok,True,Dave Churchill,False,False,False,860,1700,0,2500,True,1190,4195,2580,3600,484,11616,3210,3200,152,0,36,52,3.424,9812.0,1788496101904,false,3,Overpool,SpeedlingAllIn,EarlyRush;1Base,11627,fbb44f83-9814-4ceb-90a1-5b2c782b18c2,SpeedlingAllIn,0,11627,140.1757,10,65,65,17,34,17,8,320,512,240,39,78,949,88,17,6,805,11658,1351,376,975,53,369,71,304,0,1,26,11627,Overpool,SpeedlingAllIn,EarlyRush;1Base,false,11627
20260903-210912,KTNJC04A,liongis,Zerg,(2)Benzene.scx,LOSS,0,2026-09-03T21:25:33,2026-09-03T21:28:54,199.9,0.62,6d09bf8,False,True,ok,True,liongis,False,False,False,375,1500,240,1800,True,1160,2800,1125,2200,457,10968,2066,1750,0,0,31,50,2.354,7678.0,1788496124997,false,2,4Pool,4Pool,1Base,10976,64513a4d-db8e-48dd-af15-1a0a67d219c4,4Pool,0,10976,289.8224,12,55,55,26,30,27,8,320,512,240,31,54,918,32,28,8,756,10977,279,65,214,30,40,38,27,0,0,11,10976,4Pool,4Pool,1Base,false,10976
20260903-210912,KTNJC0CL,VOID,Terran,(4)Andromeda.scx,CRASH,1,2026-09-03T21:26:29,2026-09-03T21:47:08,1237.1,0.62,6d09bf8,False,True,missing,True,,True,False,False,0,0,0,0,False,0,0,0,0,6890,165360,33614,33513,5736,2838,161,224,3.449,9513.0,,,,,,,,,,,,,,,,,,321,,,,,225,674,11579,579,320,18,6190,137655,5034,678,4356,523,133,518,149,2,9,45,165006,,,,,
20260903-210912,KTNJC06C,Ecgberht,Terran,(3)TauCross.scx,WIN,0,2026-09-03T21:26:44,2026-09-03T21:32:36,350.8,0.62,6d09bf8,False,True,ok,True,Infested Artosis,False,False,True,3740,30650,10665,20950,False,3630,14600,0,15325,1120,26880,21082,20200,5848,5100,240,240,4.025,8208.0,1788496349982,true,3,12Hatch,3HatchLurker,1Base,26879,c5e1b455-69b0-472a-bffe-90e1bf533f42,3HatchLurker,1,26879,79.7324,12,117,155,222,444,270,8,320,512,240,59,119,3179,270,268,18,2463,26848,2822,302,2520,290,13,252,41,1,8,43,26879,12Hatch,3HatchLurker,1Base,true,26879
20260903-210912,KTNJC0AJ,Tomas Cere,Protoss,(2)Destination.scx,WIN,0,2026-09-03T21:27:10,2026-09-03T21:31:11,238.9,0.62,6d09bf8,False,True,ok,True,Infested Artosis,False,False,True,375,3100,3525,1450,False,1175,600,0,1550,365,8760,1626,1450,0,0,36,50,4.367,10269.0,1788496264088,true,2,4Pool,4Pool,1Base,8775,739d542e-d2a7-46ef-84f4-2a12f31a255e,4Pool,1,8775,28.9115,6,13,13,26,62,33,8,320,512,240,24,12,397,34,34,7,290,8721,173,30,143,24,0,29,1,0,0,7,8775,4Pool,4Pool,1Base,true,8775
20260903-210912,KTNJC08F,WillBot,Random,(4)Icarus.scm,LOSS,0,2026-09-03T21:27:22,2026-09-03T21:33:30,366.0,0.62,6d09bf8,False,True,ok,True,WillBot,False,False,False,1340,9800,0,15550,True,2325,30185,4020,22600,1453,34872,16718,16675,376,100,64,88,3.617,11750.0,1788496401835,false,4,Overpool,SpeedlingAllIn,1Base;Hydralisk,34877,bbecb0e2-47a7-4160-adfa-400435bcc089,SpeedlingAllIn,0,34877,216.2893,12,568,568,96,116,102,8,320,512,240,287,583,8044,70,98,19,4987,34894,2253,325,1928,309,8,315,8,0,2,15,34877,Overpool,SpeedlingAllIn,1Base;Hydralisk,false,34877
20260903-210912,KTNJC027,MadMixR,Random,(4)Icarus.scm,LOSS,0,2026-09-03T21:28:16,2026-09-03T21:32:17,238.9,0.62,6d09bf8,False,True,ok,True,MadMixR,False,False,False,960,1000,0,2150,True,960,3250,2880,2425,422,10128,2986,2950,208,100,36,52,5.278,12265.0,1788496329043,false,4,Overpool,1HatchSpire,Hydralisk,10139,29ae924f-4cbe-4bac-ba29-2dd171fd2b1c,1HatchSpire,0,10139,154.6973,8,37,37,19,20,19,8,320,512,240,23,55,842,31,20,11,762,10140,654,72,582,46,24,61,11,0,0,18,10139,Overpool,1HatchSpire,Hydralisk,false,10139
20260903-210912,KTNJC004,Dave Churchill,Random,(3)TauCross.scx,LOSS,0,2026-09-03T21:28:33,2026-09-03T21:35:20,405.3,0.62,6d09bf8,False,True,ok,True,Dave Churchill,False,False,False,1075,4950,0,5200,True,1500,9010,4125,8550,1185,28440,6362,6375,0,0,40,52,4.291,12354.0,1788496510106,false,3,Overpool,1HatchSpire,EarlyRush;1Base;Hydralisk,28460,924397e2-27cd-4d2a-add7-32d3c468fa2e,1HatchSpire,0,28460,139.7055,32,175,175,96,99,99,8,320,512,240,88,182,4000,99,97,8,2920,28461,1086,144,942,110,35,125,19,0,0,22,28460,Overpool,1HatchSpire,EarlyRush;1Base;Hydralisk,false,28460
20260903-210912,KTNJC04B,liongis,Zerg,(2)Destination.scx,WIN,0,2026-09-03T21:28:54,2026-09-03T21:33:04,248.5,0.62,6d09bf8,False,True,ok,True,Infested Artosis,False,False,True,700,1900,4140,2450,False,1380,3730,2925,3350,549,13176,3146,3100,584,100,40,52,4.404,13123.0,1788496376480,true,2,Overpool,SpeedlingAllIn,1Base,13177,216ceb17-d86e-469a-8751-fa5f29196f7a,SpeedlingAllIn,1,13177,258.3769,18,38,38,29,38,55,8,320,512,240,29,59,1039,16,36,11,1140,13144,412,59,353,45,11,50,8,0,1,12,13177,Overpool,SpeedlingAllIn,1Base,true,13177
20260903-210912,KTNJC0AK,Tomas Cere,Protoss,(2)HeartbreakRidge.scx,WIN,0,2026-09-03T21:31:11,2026-09-03T21:34:57,224.2,0.62,6d09bf8,False,True,ok,True,Infested Artosis,False,False,True,375,2000,1725,1150,False,575,550,0,1000,303,7272,1138,1100,0,0,27,34,3.346,8025.0,1788496487139,true,2,4Pool,4Pool,1Base,7287,6007b7c9-9e20-4e35-a49b-80f0ae92d510,4Pool,1,7287,24.2710,4,9,9,17,40,21,8,320,512,240,19,10,237,21,20,5,158,7058,378,26,352,18,0,25,1,0,0,8,7287,4Pool,4Pool,1Base,true,7287
20260903-210912,KTNJC028,MadMixR,Random,(4)Jade.scx,WIN,0,2026-09-03T21:32:17,2026-09-03T21:36:27,248.4,0.62,6d09bf8,False,True,ok,True,Infested Artosis,False,False,True,1235,5500,4665,7550,False,1555,1850,0,3450,599,14376,6650,6200,2640,2250,111,116,4.266,12312.0,1788496579472,true,4,12Pool,1HatchSpire,1Base,14386,bb71b3bc-2589-410b-8c9c-9080434c0c01,1HatchSpire,1,14386,160.3951,9,44,44,65,86,84,8,320,512,240,38,44,1679,28,86,10,1065,14342,760,93,667,85,8,80,10,0,3,17,14386,12Pool,1HatchSpire,1Base,true,14386
20260903-210912,KTNJC06D,Ecgberht,Terran,(4)Andromeda.scx,LOSS,0,2026-09-03T21:32:36,2026-09-03T21:37:07,269.3,0.62,6d09bf8,False,True,ok,True,Ecgberht,False,False,False,1625,5550,0,7200,True,2830,13350,4995,8850,727,17448,7978,7900,1576,1550,63,86,3.924,12476.0,1788496618494,false,4,12Hatch,3HatchLurker,1Base;2RaxAcademy,17455,3fcc25bc-9982-4cd9-8570-73ed791d56e9,3HatchLurker,0,17455,239.3518,7,90,114,36,72,39,8,320,512,240,43,137,1533,167,40,18,1403,17470,1775,166,1609,119,33,130,32,1,3,46,17455,12Hatch,3HatchLurker,1Base;2RaxAcademy,false,17455
20260903-210912,KTNJC04C,liongis,Zerg,(2)HeartbreakRidge.scx,WIN,0,2026-09-03T21:33:04,2026-09-03T21:36:14,187.7,0.62,6d09bf8,False,True,ok,True,Infested Artosis,False,False,True,375,900,0,700,False,700,0,0,800,177,4248,754,700,0,0,22,34,6.133,10892.0,1788496565212,true,2,4Pool,4Pool,,4249,80c3ee96-a04b-4f43-bdc7-6fb86029d9d2,4Pool,1,4249,90.5244,2,0,0,9,18,9,8,320,512,240,11,0,155,6,10,5,143,4088,94,16,78,10,0,15,1,0,0,7,4249,4Pool,4Pool,,true,4249
20260903-210912,KTNJC08G,WillBot,Random,(4)Jade.scx,WIN,0,2026-09-03T21:33:30,2026-09-03T21:36:51,199.8,0.62,6d09bf8,False,True,ok,True,Infested Artosis,False,False,True,375,1900,1800,1100,False,600,200,0,950,272,6528,1282,1050,0,0,32,34,4.577,10783.0,1788496602366,true,4,4Pool,4Pool,1Base,6543,b065f16d-ed11-44f5-8fc4-522b4d5bf68c,4Pool,1,6543,134.2640,1,4,4,19,38,23,8,320,512,240,19,4,223,24,23,6,126,6242,135,24,111,17,0,23,1,0,0,7,6543,4Pool,4Pool,1Base,true,6543
20260903-210912,KTNJC0AL,Tomas Cere,Protoss,(3)NeoMoonGlaive.scx,WIN,0,2026-09-03T21:34:57,2026-09-03T21:38:43,224.2,0.62,6d09bf8,False,True,ok,True,Infested Artosis,False,False,True,375,2800,4050,1750,False,1350,900,0,1400,435,10440,1978,1700,0,0,40,50,2.643,7404.0,1788496713143,true,3,4Pool,4Pool,1Base,10449,0981ef71-5ba1-4d1e-b388-6aa0139e37ba,4Pool,1,10449,27.4063,5,18,18,23,56,32,8,320,512,240,30,18,395,32,32,8,330,10412,214,35,179,29,0,34,1,0,0,7,10449,4Pool,4Pool,1Base,true,10449
20260903-210912,KTNJC005,Dave Churchill,Random,(4)Andromeda.scx,LOSS,0,2026-09-03T21:35:20,2026-09-03T21:39:11,230.2,0.62,6d09bf8,False,True,ok,True,Dave Churchill,False,False,False,980,1700,0,2875,True,1040,4950,2940,3650,474,11376,4226,4000,824,675,48,68,3.305,10839.0,1788496741523,false,4,Overpool,3HatchLurker,1Base,11379,710cc574-1ac2-4022-b8e8-69c5af4e037f,3HatchLurker,0,11379,102.4605,7,31,34,17,34,17,8,320,512,240,22,63,684,89,17,6,748,11380,676,111,565,58,44,89,19,1,2,39,11379,Overpool,3HatchLurker,1Base,false,11379
20260903-210912,KTNJC04D,liongis,Zerg,(3)NeoMoonGlaive.scx,LOSS,0,2026-09-03T21:36:14,2026-09-03T21:40:09,233.6,0.62,6d09bf8,False,True,ok,True,liongis,False,False,False,1300,1200,0,3100,True,1340,4850,3900,4075,474,11376,4074,4050,328,100,45,70,4.213,7741.0,1788496799288,false,3,Overpool,SpeedlingAllIn,1Base;Hydralisk,11379,5a3ec638-93db-448a-9ae7-53a78297a08d,SpeedlingAllIn,0,11379,150.3198,16,78,78,24,24,24,8,320,512,240,42,90,1272,36,25,10,1415,11380,433,76,357,59,7,68,7,0,1,16,11379,Overpool,SpeedlingAllIn,1Base;Hydralisk,false,11379
20260903-210912,KTNJC029,MadMixR,Random,(4)LaMancha1.1.scx,LOSS,0,2026-09-03T21:36:27,2026-09-03T21:40:22,233.4,0.62,6d09bf8,False,True,ok,True,MadMixR,False,False,False,860,1400,0,1550,True,1750,2050,2580,4300,439,10536,2210,2200,304,100,34,52,4.842,10182.0,1788496811753,false,4,12Pool,3HatchHydra,1Base;2Gate;EarlyRush,10542,ad0cf2f2-3ae0-4f04-90e7-a42066b640d9,3HatchHydra,0,10542,158.2189,4,13,13,7,28,7,8,320,512,240,12,32,468,78,7,7,429,10569,2612,936,1676,32,1046,915,20,0,1,40,10542,12Pool,3HatchHydra,1Base;2Gate;EarlyRush,false,10542
20260903-210912,KTNJC08H,WillBot,Random,(4)LaMancha1.1.scx,LOSS,0,2026-09-03T21:36:51,2026-09-03T21:42:47,354.1,0.62,6d09bf8,False,True,ok,True,WillBot,False,False,False,1940,9600,240,26350,True,3355,49355,5820,28175,1435,34440,15322,15225,7528,7350,97,102,3.6,10762.0,1788496958497,false,4,Overpool,1HatchSpire,1Base;Hydralisk,34443,b617f45e-0b77-4364-b655-4f644ab0294f,1HatchSpire,0,34443,177.9980,25,246,462,54,87,56,8,320,512,240,80,258,7505,18,59,19,3787,34447,2664,242,2422,199,34,211,27,0,4,22,34443,Overpool,1HatchSpire,1Base;Hydralisk,false,34443
20260903-210912,KTNJC06E,Ecgberht,Terran,(4)CircuitBreaker.scx,WIN,0,2026-09-03T21:37:07,2026-09-03T21:43:15,366.0,0.62,6d09bf8,False,True,ok,True,Infested Artosis,False,False,True,4350,37100,14415,32925,False,4280,27500,0,18550,1265,30360,26810,26175,9448,8350,294,294,4.021,11572.0,1788496984369,true,4,12Hatch,3HatchLurker,1Base,30382,4daa3b68-5eb8-4682-8990-453dd86decb1,3HatchLurker,1,30382,89.0773,14,163,251,247,496,314,8,320,512,240,64,167,3893,309,310,19,2911,30342,2880,433,2447,372,50,379,45,1,8,48,30382,12Hatch,3HatchLurker,1Base,true,30382
20260903-210912,KTNJC0AM,Tomas Cere,Protoss,(3)TauCross.scx,WIN,0,2026-09-03T21:38:43,2026-09-03T21:43:26,282.1,0.62,6d09bf8,False,True,ok,True,Infested Artosis,False,False,True,375,2800,4050,1100,False,950,850,0,1400,430,10320,1042,1000,0,0,18,34,4.13,9013.0,1788496999707,true,3,4Pool,4Pool,1Base,10325,c5a7ac67-2bba-443b-a25e-e67c48772747,4Pool,1,10325,23.9471,5,11,11,23,56,32,8,320,512,240,18,14,325,32,32,8,261,10265,175,24,151,16,0,23,1,0,0,9,10325,4Pool,4Pool,1Base,true,10325
20260903-210912,KTNJC006,Dave Churchill,Random,(4)CircuitBreaker.scx,LOSS,0,2026-09-03T21:39:11,2026-09-03T21:43:58,284.7,0.62,6d09bf8,False,True,ok,True,Dave Churchill,False,False,False,940,1900,0,2750,True,2125,4150,2820,6850,693,16632,3522,3475,296,100,37,52,4.506,12108.0,1788497030298,false,4,Overpool,3HatchHydra,2Gate;EarlyRush;1Base,16649,2d91fada-dd78-4ac9-8dc2-46b40779a171,3HatchHydra,0,16649,153.5227,14,68,68,10,38,10,8,320,512,240,39,80,1247,108,10,8,1013,16650,6337,1835,4502,57,2051,1811,23,0,1,52,16649,Overpool,3HatchHydra,2Gate;EarlyRush;1Base,false,16649
20260903-210912,KTNJC04E,liongis,Zerg,(3)TauCross.scx,LOSS,0,2026-09-03T21:40:09,2026-09-03T21:44:04,233.3,0.62,6d09bf8,False,True,ok,True,liongis,False,False,False,535,1500,900,1300,True,1260,1650,1605,2500,458,10992,1498,1450,0,0,25,34,5.35,12325.0,1788497036381,false,3,4Pool,4Pool,EarlyRush;1Base,11007,23e3a4cd-395d-4812-8746-8287d70f6189,4Pool,0,11007,173.5311,20,29,29,30,30,31,8,320,512,240,23,35,959,33,32,10,869,11008,306,64,242,24,42,51,13,0,0,32,11007,4Pool,4Pool,EarlyRush;1Base,false,11007
20260903-210912,KTNJC02A,MadMixR,Random,(4)Python.scx,LOSS,0,2026-09-03T21:40:22,2026-09-03T21:47:55,450.9,0.62,6d09bf8,False,True,ok,True,MadMixR,False,False,False,6065,18080,6675,41375,True,11575,100505,19095,30765,1724,41376,41722,39075,8960,6825,156,220,4.751,14173.0,1788497265415,false,4,12Pool,3HatchHydra,1Base;FFE,41387,736000ac-e395-4a23-8a26-0c64a5696032,3HatchHydra,0,41387,160.5027,60,267,502,75,244,120,8,320,512,240,18,481,13612,389,112,22,4450,41388,5496,642,4854,521,108,493,141,0,8,35,41387,12Pool,3HatchHydra,1Base;FFE,false,41387
20260903-210912,KTNJC08I,WillBot,Random,(4)Python.scx,LOSS,0,2026-09-03T21:42:47,2026-09-03T21:47:42,293.8,0.62,6d09bf8,False,True,ok,True,WillBot,False,False,False,375,900,0,3400,True,3740,6150,1125,12350,924,22176,4138,3400,0,0,27,50,3.647,9287.0,1788497254597,false,4,4Pool,4Pool,1Base;2RaxAcademy,22198,4bef16f7-b2c7-4196-bf30-e0fc62baa2a0,4Pool,0,22198,133.0368,22,91,91,9,18,13,8,320,512,240,63,118,2194,204,17,22,1724,22229,443,82,361,63,21,72,10,0,0,10,22198,4Pool,4Pool,1Base;2RaxAcademy,false,22198
20260903-210912,KTNJC06F,Ecgberht,Terran,(4)EmpireoftheSun.scm,WIN,0,2026-09-03T21:43:15,2026-09-03T21:49:17,360.1,0.62,6d09bf8,False,True,ok,True,Infested Artosis,False,False,True,4415,45800,13815,44500,False,4530,39600,0,23000,1415,33960,35650,32800,14640,11975,382,388,3.519,14207.0,1788497347996,true,4,12Hatch,3HatchLurker,1Base,33978,ffbcbe27-9b82-4cc7-a320-058db67dea8b,3HatchLurker,1,33978,175.0917,15,221,342,317,640,394,8,320,512,240,78,226,4913,383,383,20,3156,33939,4944,538,4406,477,68,483,46,1,8,53,33978,12Hatch,3HatchLurker,1Base,true,33978
20260903-210912,KTNJC0AN,Tomas Cere,Protoss,(4)Andromeda.scx,WIN,0,2026-09-03T21:43:26,2026-09-03T21:47:39,251.3,0.62,6d09bf8,False,True,ok,True,Infested Artosis,False,False,True,375,2600,3525,1400,False,775,350,0,1300,341,8184,1490,1350,0,0,37,50,5.827,13900.0,1788497250934,true,4,4Pool,4Pool,1Base,8186,5fc4ed73-73d9-4f95-8569-e6db854f7ddd,4Pool,1,8186,22.3969,4,7,7,22,52,29,8,320,512,240,23,7,330,29,29,7,268,8142,166,28,138,22,0,27,1,0,0,7,8186,4Pool,4Pool,1Base,true,8186
20260903-210912,KTNJC007,Dave Churchill,Random,(4)EmpireoftheSun.scm,LOSS,0,2026-09-03T21:43:58,2026-09-03T21:48:01,242.0,0.62,6d09bf8,False,True,ok,True,Dave Churchill,False,False,False,700,300,0,2100,True,1190,3325,2100,2950,410,9840,3074,2750,472,100,37,52,5.802,13496.0,1788497271940,false,4,Overpool,SpeedlingAllIn,,9860,015c4aec-a8c7-4273-8c22-2ff9776599c8,SpeedlingAllIn,0,9860,156.8336,11,34,34,3,6,3,8,320,512,240,24,55,615,75,3,6,570,9861,459,112,347,43,79,49,62,0,1,11,9860,Overpool,SpeedlingAllIn,,false,9860
20260903-210912,KTNJC04F,liongis,Zerg,(4)Andromeda.scx,WIN,0,2026-09-03T21:44:04,2026-09-03T21:47:38,211.9,0.62,6d09bf8,False,True,ok,True,Infested Artosis,False,False,True,700,1450,0,1350,False,500,150,0,1300,246,5904,2010,1850,200,100,39,52,7.359,14631.0,1788497248070,true,4,Overpool,SpeedlingAllIn,1Base,5923,2eee1215-c764-4581-a517-0973dcdb95be,SpeedlingAllIn,1,5923,69.9081,2,3,3,23,29,23,8,320,512,240,16,4,343,15,24,8,269,5894,193,33,160,26,0,29,3,0,1,11,5923,Overpool,SpeedlingAllIn,1Base,true,5923
20260903-210912,KTNJC0CM,VOID,Terran,(4)CircuitBreaker.scx,WIN,0,2026-09-03T21:47:08,2026-09-03T21:52:31,321.5,0.62,6d09bf8,False,True,ok,True,Infested Artosis,False,False,True,3950,25550,12045,30400,False,4040,34650,240,13150,1034,24816,26330,25050,9680,8975,248,252,4.086,6287.0,1788497542126,true,4,12Hatch,CrazyZerg,EarlyRush;2RaxAcademy;1Base,24833,6bd809df-1a2c-4a16-8b23-cc4aacd70609,CrazyZerg,1,24833,132.0355,14,315,454,191,390,245,8,320,512,240,157,299,4517,240,237,21,2930,24795,8945,2312,6633,343,2288,2257,43,2,10,31,24833,12Hatch,CrazyZerg,EarlyRush;2RaxAcademy;1Base,true,24833
20260903-210912,KTNJC04G,liongis,Zerg,(4)CircuitBreaker.scx,WIN,0,2026-09-03T21:47:38,2026-09-03T21:50:53,193.4,0.62,6d09bf8,False,True,ok,True,Infested Artosis,False,False,True,375,900,0,800,False,400,0,0,950,187,4488,786,750,0,0,24,34,5.775,10490.0,1788497445527,true,4,4Pool,4Pool,,4497,1b5dca9b-279f-486d-b25f-e84d9631819e,4Pool,1,4497,96.2952,4,0,0,10,18,10,8,320,512,240,13,0,191,9,10,6,173,4473,95,17,78,11,0,16,1,0,0,7,4497,4Pool,4Pool,,true,4497
20260903-210912,KTNJC0AO,Tomas Cere,Protoss,(4)CircuitBreaker.scx,WIN,0,2026-09-03T21:47:39,2026-09-03T21:51:34,232.6,0.62,6d09bf8,False,True,ok,True,Infested Artosis,False,False,True,375,2100,3075,1100,False,625,300,0,1050,276,6624,1226,1150,0,0,30,34,4.997,10452.0,1788497483506,true,4,4Pool,4Pool,1Base,6636,c9c13fc4-e5de-4ac6-8b77-42f929803776,4Pool,1,6636,25.9514,4,6,6,18,42,23,8,320,512,240,19,6,237,23,23,6,157,6598,138,24,114,18,0,23,1,0,0,7,6636,4Pool,4Pool,1Base,true,6636
20260903-210912,KTNJC08J,WillBot,Random,(4)Roadrunner.scx,LOSS,0,2026-09-03T21:47:42,2026-09-03T21:54:02,377.8,0.62,6d09bf8,False,True,ok,True,WillBot,False,False,False,3560,12400,600,20400,True,5575,42100,13380,27450,1564,37536,20978,20657,4592,3532,146,168,3.553,9914.0,1788497634591,false,4,Overpool,3HatchMuta,EarlyRush;1Base;2Gate,37543,16055605-0c91-41d2-af33-7d36568b84f2,3HatchMuta,0,37543,251.8613,29,269,366,46,176,53,8,320,512,240,106,360,5449,222,54,17,2913,37544,4952,481,4471,294,194,403,70,0,8,63,37543,Overpool,3HatchMuta,EarlyRush;1Base;2Gate,false,37543
20260903-210912,KTNJC02B,MadMixR,Random,(4)Roadrunner.scx,LOSS,0,2026-09-03T21:47:55,2026-09-03T22:02:46,890.2,0.62,6d09bf8,False,True,ok,True,MadMixR,False,False,False,5015,48250,9300,149075,True,8225,393600,16845,37090,3904,93696,106402,106400,42052,25875,190,244,5.316,11517.0,1788498153851,false,4,12Pool,3HatchHydra,1Base;FFE,93715,ef88a4aa-52e4-40c6-974f-332502a5bb51,3HatchHydra,0,93715,133.7150,162,1234,2460,128,464,278,8,320,512,240,9,1357,46196,364,216,21,10927,93716,8848,1459,7389,1394,50,1393,59,0,7,36,93715,12Pool,3HatchHydra,1Base;FFE,false,93715
20260903-210912,KTNJC008,Dave Churchill,Random,(4)FightingSpirit.scx,LOSS,0,2026-09-03T21:48:01,2026-09-03T21:51:32,208.6,0.62,6d09bf8,False,True,ok,True,Dave Churchill,False,False,False,755,100,0,1100,True,375,1100,2265,950,230,5520,1498,1500,0,0,28,50,6.505,12143.0,1788497484120,false,4,12Pool,1HatchSpire,EarlyRush,5520,32203dc9-6344-4c1b-a809-90d7b94a226c,1HatchSpire,0,5520,154.3105,0,0,0,1,2,1,8,320,512,240,7,18,216,15,1,5,246,5521,244,44,200,19,26,35,9,0,0,12,5520,12Pool,1HatchSpire,EarlyRush,false,5520
20260903-210912,KTNJC06G,Ecgberht,Terran,(4)FightingSpirit.scx,LOSS,0,2026-09-03T21:49:17,2026-09-03T21:53:47,269.2,0.62,6d09bf8,False,True,ok,True,Ecgberht,False,False,False,1305,5000,0,7025,True,2705,14050,3915,8000,697,16728,7586,7125,2144,1550,75,118,3.829,11039.0,1788497617338,false,4,12Hatch,3HatchLurker,1Base,16742,4f24dbed-44eb-477a-a085-795514e61b38,3HatchLurker,0,16742,178.0173,12,76,104,33,66,34,8,320,512,240,32,109,1390,152,34,18,1360,16765,1005,180,825,100,70,143,33,1,3,42,16742,12Hatch,3HatchLurker,1Base,false,16742
20260903-210912,KTNJC04H,liongis,Zerg,(4)EmpireoftheSun.scm,LOSS,0,2026-09-03T21:50:53,2026-09-03T21:54:36,222.1,0.62,6d09bf8,False,True,ok,True,liongis,False,False,False,700,500,0,2300,True,780,3300,3000,2400,385,9240,3034,2950,432,100,45,52,4.524,13198.0,1788497665554,false,4,Overpool,SpeedlingAllIn,1Base,9240,1b32ee89-b781-4e7f-a602-0c9c66fc3698,SpeedlingAllIn,0,9240,136.8853,4,44,44,10,10,10,8,320,512,240,30,59,876,32,11,8,823,9243,315,56,259,43,9,48,7,0,1,11,9240,Overpool,SpeedlingAllIn,1Base,false,9240
20260903-210912,KTNJC009,Dave Churchill,Random,(4)Icarus.scm,WIN,0,2026-09-03T21:51:32,2026-09-03T21:56:00,266.6,0.62,6d09bf8,False,True,ok,True,Infested Artosis,False,False,True,1060,3900,2400,2500,False,500,2500,1380,2500,640,15360,3730,3875,24,0,32,36,3.947,11623.0,1788497751459,true,4,Overpool,1HatchSpire,EarlyRush;1Base,15378,2a4d2140-cd9e-442b-8e13-1854015fce81,1HatchSpire,1,15378,203.2096,8,50,50,63,78,66,8,320,512,240,46,64,1264,30,67,7,1290,15322,995,87,908,55,22,50,37,0,0,23,15378,Overpool,1HatchSpire,EarlyRush;1Base,true,15378
20260903-210912,KTNJC0AP,Tomas Cere,Protoss,(4)EmpireoftheSun.scm,WIN,0,2026-09-03T21:51:34,2026-09-03T21:55:40,245.1,0.62,6d09bf8,False,True,ok,True,Infested Artosis,False,False,True,375,2200,3375,1450,False,725,650,0,1100,360,8640,1658,1400,0,0,33,50,4.6,13222.0,1788497731277,true,4,4Pool,4Pool,1Base,8651,e4c9e0cd-09e8-46d3-95d8-81d08ab2c966,4Pool,1,8651,26.2801,5,14,14,19,44,25,8,320,512,240,24,13,337,25,25,7,264,8595,169,29,140,23,0,28,1,0,0,7,8651,4Pool,4Pool,1Base,true,8651
20260903-210912,KTNJC0CN,VOID,Terran,(4)EmpireoftheSun.scm,LOSS,0,2026-09-03T21:52:31,2026-09-03T21:59:39,426.7,0.62,6d09bf8,False,True,ok,True,VOID,False,False,False,3020,31800,900,32550,True,5515,58770,9180,26975,1610,38640,23726,23725,9272,8975,131,150,4.83,13223.0,1788497968913,false,4,12Hatch,CrazyZerg,2RaxAcademy;1Base,38659,88d04d74-ed38-4148-8b3b-028981f35860,CrazyZerg,0,38659,115.9012,36,363,574,237,494,265,8,320,512,240,155,421,8801,497,257,21,5008,38687,3278,404,2874,321,57,334,60,0,10,51,38659,12Hatch,CrazyZerg,2RaxAcademy;1Base,false,38659
20260903-210912,KTNJC06H,Ecgberht,Terran,(4)Icarus.scm,WIN,0,2026-09-03T21:53:47,2026-09-03T21:58:06,257.4,0.62,6d09bf8,False,True,ok,True,Infested Artosis,False,False,True,1385,6200,3600,7525,False,1200,2600,0,3100,594,14256,8170,7700,2544,2275,118,118,4.285,9252.0,1788497876646,true,4,12Hatch,3HatchLurker,1Base,14262,95470703-4cbc-451b-b957-b6afba428614,3HatchLurker,1,14262,191.8332,2,36,38,56,112,74,8,320,512,240,29,39,1010,73,73,12,813,14213,1163,138,1025,106,14,121,11,1,5,31,14262,12Hatch,3HatchLurker,1Base,true,14262
20260903-210912,KTNJC08K,WillBot,Random,(2)Benzene.scx,LOSS,0,2026-09-03T21:54:02,2026-09-03T21:59:09,305.6,0.62,6d09bf8,False,True,ok,True,WillBot,False,False,False,455,4900,1050,3850,True,5325,7325,1365,15950,1042,25008,4754,3975,0,0,59,66,3.714,9927.0,1788497938869,false,2,4Pool,4Pool,2Gate;EarlyRush;1Base,25019,725ba52a-16bd-4cd8-ad11-427ff4027f7a,4Pool,0,25019,201.3452,13,128,128,23,80,29,8,320,512,240,69,134,1586,194,29,16,1339,25029,1146,247,899,73,202,218,29,0,0,10,25019,4Pool,4Pool,2Gate;EarlyRush;1Base,false,25019
20260903-210912,KTNJC04I,liongis,Zerg,(4)FightingSpirit.scx,WIN,0,2026-09-03T21:54:36,2026-09-03T21:57:55,196.7,0.62,6d09bf8,False,True,ok,True,Infested Artosis,False,False,True,375,1600,0,950,False,400,100,0,1200,227,5448,986,900,0,0,29,34,5.491,11408.0,1788497865374,true,4,4Pool,4Pool,,5458,2aa2d73f-e60f-4617-a1ad-9691f03e8dd0,4Pool,1,5458,77.4886,2,2,2,20,32,20,8,320,512,240,16,2,254,10,21,6,179,5434,120,21,99,14,0,20,1,0,0,7,5458,4Pool,4Pool,,true,5458
20260903-210912,KTNJC0AQ,Tomas Cere,Protoss,(4)FightingSpirit.scx,WIN,0,2026-09-03T21:55:40,2026-09-03T21:59:23,221.1,0.62,6d09bf8,False,True,ok,True,Infested Artosis,False,False,True,375,2300,3375,1300,False,725,400,0,1150,310,7440,1410,1250,0,0,32,50,4.342,8830.0,1788497953746,true,4,4Pool,4Pool,1Base,7442,15cced72-5498-47e5-a57a-5d20ea003345,4Pool,1,7442,29.4075,5,8,8,20,46,26,8,320,512,240,21,8,304,26,26,7,212,7387,150,26,124,20,0,25,1,0,0,7,7442,4Pool,4Pool,1Base,true,7442
20260903-210912,KTNJC00A,Dave Churchill,Random,(4)Jade.scx,LOSS,0,2026-09-03T21:56:00,2026-09-03T21:59:43,221.1,0.62,6d09bf8,False,True,ok,True,Dave Churchill,False,False,False,700,200,0,2050,True,990,3550,2100,2600,388,9312,2730,2600,272,100,39,52,4.399,10794.0,1788497974569,false,4,Overpool,SpeedlingAllIn,,9333,4ff096b4-e1b1-4334-9c6f-77009c71606d,SpeedlingAllIn,0,9333,168.3461,7,35,35,2,4,2,8,320,512,240,23,56,585,68,2,6,643,9342,316,53,263,40,9,46,6,0,1,11,9333,Overpool,SpeedlingAllIn,,false,9333
20260903-210912,KTNJC04J,liongis,Zerg,(4)Icarus.scm,WIN,0,2026-09-03T21:57:55,2026-09-03T22:01:01,184.7,0.62,6d09bf8,False,True,ok,True,Infested Artosis,False,False,True,700,1850,1260,1500,False,795,150,0,1550,267,6408,2042,1950,256,100,43,52,3.709,7521.0,1788498053581,true,4,Overpool,SpeedlingAllIn,1Base,6419,e4b7dcd9-f6da-4e0d-a442-e19a48b0fb56,SpeedlingAllIn,1,6419,131.6096,7,3,3,26,37,30,8,320,512,240,16,4,396,14,30,8,439,6393,209,36,173,28,0,32,3,0,1,11,6419,Overpool,SpeedlingAllIn,1Base,true,6419
20260903-210912,KTNJC06I,Ecgberht,Terran,(4)Jade.scx,LOSS,0,2026-09-03T21:58:06,2026-09-03T22:02:10,242.0,0.62,6d09bf8,False,True,ok,True,Ecgberht,False,False,False,1545,3000,0,5275,True,2430,9600,4635,6275,629,15096,6418,6375,1048,975,64,84,3.557,9151.0,1788498116975,false,4,12Hatch,3HatchLurker,1Base;2RaxAcademy,15099,ff78e6cf-6cda-414d-8476-04cdfd0c11c1,3HatchLurker,0,15099,158.7165,9,70,82,20,40,21,8,320,512,240,35,108,1267,125,22,15,1164,15104,1076,141,935,94,27,115,22,1,3,43,15099,12Hatch,3HatchLurker,1Base;2RaxAcademy,false,15099
20260903-210912,KTNJC08L,WillBot,Random,(2)Destination.scx,LOSS,0,2026-09-03T21:59:09,2026-09-03T22:04:53,342.0,0.62,6d09bf8,False,True,ok,True,WillBot,False,False,False,1340,9750,0,14150,True,3275,27565,4020,25175,1334,32016,15278,15275,360,100,72,72,3.462,9811.0,1788498285813,false,2,Overpool,SpeedlingAllIn,Hydralisk;1Base,32025,e91c90e9-89dd-4f6a-b315-7ae5d06eabac,SpeedlingAllIn,0,32025,171.0239,7,516,516,87,105,92,8,320,512,240,260,531,8051,71,92,19,5948,32054,2099,305,1794,282,13,295,8,0,2,18,32025,Overpool,SpeedlingAllIn,Hydralisk;1Base,false,32025
20260903-210912,KTNJC0AR,Tomas Cere,Protoss,(4)Icarus.scm,WIN,0,2026-09-03T21:59:23,2026-09-03T22:03:42,257.2,0.62,6d09bf8,False,True,ok,True,Infested Artosis,False,False,True,375,4600,8250,2050,False,1550,850,0,2300,514,12336,2346,2000,0,0,49,66,4.584,9115.0,1788498211994,true,4,4Pool,4Pool,1Base,12340,eedc8900-7191-441b-ba7b-b402c620ecb8,4Pool,1,12340,28.0744,9,17,17,36,92,50,8,320,512,240,34,17,504,50,50,11,549,12306,234,40,194,34,0,39,1,0,0,7,12340,4Pool,4Pool,1Base,true,12340
20260903-210912,KTNJC0CO,VOID,Terran,(4)FightingSpirit.scx,CRASH,1,2026-09-03T21:59:39,2026-09-03T22:20:45,1264.7,0.62,6d09bf8,False,True,missing,True,,True,False,False,0,0,0,0,False,0,0,0,0,5803,139272,48050,48025,32078,22900,181,200,4.186,8235.0,,,,,,,,,,,,,,,,,,636,,,,,358,905,27457,763,576,21,10906,68323,5283,797,4486,643,117,739,44,2,12,59,67914,,,,,
20260903-210912,KTNJC00B,Dave Churchill,Random,(4)LaMancha1.1.scx,WIN,0,2026-09-03T21:59:43,2026-09-03T22:03:58,254.1,0.62,6d09bf8,False,True,ok,True,Infested Artosis,False,False,True,910,3100,1125,2900,False,375,1700,0,1950,492,11808,3074,3050,808,750,40,50,4.663,11617.0,1788498229719,true,4,Overpool,1HatchSpire,EarlyRush;1Base,11813,3a1b0027-b187-49d3-8c06-96507b26402d,1HatchSpire,1,11813,203.3701,11,34,34,51,62,53,8,320,512,240,29,35,1017,26,52,5,755,11769,480,59,421,45,4,50,8,0,1,13,11813,Overpool,1HatchSpire,EarlyRush;1Base,true,11813
20260903-210912,KTNJC04K,liongis,Zerg,(4)Jade.scx,WIN,0,2026-09-03T22:01:01,2026-09-03T22:04:53,230.5,0.62,6d09bf8,False,True,ok,True,Infested Artosis,False,False,True,375,1950,0,1250,False,740,100,0,1800,302,7248,1314,1200,0,0,36,50,3.693,9014.0,1788498283868,true,4,4Pool,4Pool,1Base,7256,a3a283ac-32c4-4f4e-92f8-7c8aa2ce70e2,4Pool,1,7256,183.5437,8,2,2,35,39,35,8,320,512,240,20,2,479,23,36,7,568,7237,156,25,131,19,0,24,1,0,0,7,7256,4Pool,4Pool,1Base,true,7256
20260903-210912,KTNJC06J,Ecgberht,Terran,(4)LaMancha1.1.scx,WIN,0,2026-09-03T22:02:10,2026-09-03T22:07:10,297.2,0.62,6d09bf8,False,True,ok,True,Infested Artosis,False,False,True,1610,10150,6345,9575,False,2115,5400,0,5075,707,16968,9642,9300,2824,2675,127,150,3.891,8465.0,1788498423694,true,4,12Hatch,3HatchLurker,1Base,16990,4f87644d-f0bc-4db3-904b-5951ebd929cb,3HatchLurker,1,16990,121.0116,6,40,51,82,164,108,8,320,512,240,28,44,1423,108,108,16,992,16954,1081,142,939,129,10,115,20,1,6,35,16990,12Hatch,3HatchLurker,1Base,true,16990
20260903-210912,KTNJC02C,MadMixR,Random,(2)Benzene.scx,WIN,0,2026-09-03T22:02:46,2026-09-03T22:09:07,379.1,0.62,6d09bf8,False,True,ok,True,Infested Artosis,False,False,True,2765,57550,17070,34350,False,5615,43300,0,28700,1343,32232,22662,21925,11112,10975,182,232,4.342,9784.0,1788498540194,true,2,12Pool,CrazyZerg,1Base,32242,265a372b-2a9c-4be9-8242-b9cfa852ecaa,CrazyZerg,1,32242,162.2471,23,291,471,230,676,302,8,320,512,240,135,267,4301,300,298,25,2933,32202,3000,301,2699,283,18,263,26,0,12,22,32242,12Pool,CrazyZerg,1Base,true,32242
20260903-210912,KTNJC0AS,Tomas Cere,Protoss,(4)Jade.scx,WIN,0,2026-09-03T22:03:42,2026-09-03T22:07:53,249.0,0.62,6d09bf8,False,True,ok,True,Infested Artosis,False,False,True,375,2600,3375,1400,False,725,650,0,1300,361,8664,1458,1400,0,0,33,34,4.879,11911.0,1788498462118,true,4,4Pool,4Pool,1Base,8682,6f55416b-49ff-497b-99b8-ef74d16ea9db,4Pool,1,8682,26.6591,6,11,11,22,52,28,8,320,512,240,24,12,331,28,28,7,228,8632,321,29,292,23,0,28,1,0,0,8,8682,4Pool,4Pool,1Base,true,8682
20260903-210912,KTNJC00C,Dave Churchill,Random,(4)Python.scx,LOSS,0,2026-09-03T22:03:58,2026-09-03T22:13:32,572.3,0.62,6d09bf8,False,True,ok,True,Dave Churchill,False,False,False,1580,9400,0,7000,True,3250,12710,4740,14175,959,23016,8826,8500,528,200,67,70,4.033,14410.0,1788498800915,false,4,Overpool,SpeedlingAllIn,EarlyRush;1Base;2Gate,23035,b075cc1f-bb7e-4abc-b87e-12b43385a4c7,SpeedlingAllIn,0,23035,13.8061,27,226,226,46,182,46,8,320,512,240,114,244,2167,174,46,11,2195,23049,1390,164,1226,145,19,145,17,0,2,12,23035,Overpool,SpeedlingAllIn,EarlyRush;1Base;2Gate,false,23035
20260903-210912,KTNJC08M,WillBot,Random,(2)HeartbreakRidge.scx,LOSS,0,2026-09-03T22:04:53,2026-09-03T22:10:19,324.4,0.62,6d09bf8,False,True,ok,True,WillBot,False,False,False,2110,7200,1950,9125,True,5375,17900,6330,22400,1231,29544,11530,11188,1152,938,78,104,3.592,13058.0,1788498609741,false,2,9PoolSpeed,3HatchHydra,2Gate;EarlyRush;1Base,29545,5de58bab-f9ef-4bde-8316-47b417bb27e5,3HatchHydra,0,29545,155.2763,12,184,199,36,126,44,8,320,512,240,87,236,3013,211,44,17,2078,29537,7184,1383,5801,181,1378,1343,31,0,9,61,29545,9PoolSpeed,3HatchHydra,2Gate;EarlyRush;1Base,false,29545
20260903-210912,KTNJC04L,liongis,Zerg,(4)LaMancha1.1.scx,WIN,0,2026-09-03T22:04:53,2026-09-03T22:08:43,227.7,0.62,6d09bf8,False,True,ok,True,Infested Artosis,False,False,True,1000,2900,1215,2550,False,1155,750,0,2650,412,9888,3546,3450,560,100,69,70,5.209,12801.0,1788498514223,true,4,Overpool,SpeedlingAllIn,1Base,9891,361ff1ad-7621-4216-bbeb-d95ad569b902,SpeedlingAllIn,1,9891,108.9684,14,15,15,50,58,53,8,320,512,240,33,15,755,27,53,11,1023,9877,352,58,294,51,1,53,4,0,1,11,9891,Overpool,SpeedlingAllIn,1Base,true,9891
20260903-210912,KTNJC06K,Ecgberht,Terran,(4)Python.scx,LOSS,0,2026-09-03T22:07:10,2026-09-03T22:12:54,342.4,0.62,6d09bf8,False,True,ok,True,Ecgberht,False,False,False,2650,13350,1200,15025,True,3680,28710,7950,18950,1104,26496,13114,13025,4136,4050,89,102,3.735,11314.0,1788498764270,false,4,12Hatch,3HatchLurker,1Base,26507,c8cd13cf-9a29-4eb8-a89d-3231b3b5de9e,3HatchLurker,0,26507,161.0069,17,124,198,92,184,104,8,320,512,240,43,183,2650,308,108,19,2263,26508,2529,308,2221,179,118,263,40,1,4,59,26507,12Hatch,3HatchLurker,1Base,false,26507
20260903-210912,KTNJC0AT,Tomas Cere,Protoss,(4)LaMancha1.1.scx,WIN,0,2026-09-03T22:07:53,2026-09-03T22:11:30,215.1,0.62,6d09bf8,False,True,ok,True,Infested Artosis,False,False,True,375,2300,2925,1150,False,575,500,0,1150,295,7080,1274,1150,0,0,30,34,5.306,12304.0,1788498682304,true,4,4Pool,4Pool,1Base,7101,459fadd3-c1e4-4c59-9555-f013fe8cdad4,4Pool,1,7101,23.3651,2,10,10,20,46,25,8,320,512,240,20,10,282,25,25,5,193,7069,151,26,125,19,0,25,1,0,0,7,7101,4Pool,4Pool,1Base,true,7101
20260903-210912,KTNJC04M,liongis,Zerg,(4)Python.scx,WIN,0,2026-09-03T22:08:43,2026-09-03T22:11:46,181.8,0.62,6d09bf8,False,True,ok,True,Infested Artosis,False,False,True,375,700,0,600,False,300,0,0,800,157,3768,730,600,0,0,18,18,6.994,15022.0,1788498699309,true,4,4Pool,4Pool,,3784,78b5df61-cc63-406b-ab01-6093c7b16a8e,4Pool,1,3784,135.8146,2,0,0,7,14,7,8,320,512,240,11,0,118,6,8,5,125,3724,74,14,60,8,0,13,1,0,0,7,3784,4Pool,4Pool,,true,3784
20260903-210912,KTNJC02D,MadMixR,Random,(2)Destination.scx,LOSS,0,2026-09-03T22:09:07,2026-09-03T22:12:47,218.1,0.62,6d09bf8,False,True,ok,True,MadMixR,False,False,False,840,200,0,2200,True,1125,3150,3390,2700,396,9504,3706,3338,664,388,51,68,4.349,10728.0,1788498758053,false,2,12Pool,CrazyZerg,1Base,9519,23995e77-76a4-46b5-b501-75a2315a2918,CrazyZerg,0,9519,198.4444,4,12,12,2,4,22,8,320,512,240,16,45,474,65,2,9,561,9520,592,104,488,48,38,79,23,0,2,36,9519,12Pool,CrazyZerg,1Base,false,9519
20260903-210912,KTNJC08N,WillBot,Random,(3)NeoMoonGlaive.scx,WIN,0,2026-09-03T22:10:19,2026-09-03T22:13:35,193.9,0.62,6d09bf8,False,True,ok,True,Infested Artosis,False,False,True,455,2000,1350,1050,False,600,450,0,1000,294,7056,1138,1125,0,0,23,34,3.554,8208.0,1788498804783,true,3,4Pool,4Pool,EarlyRush;1Base,7070,09e9ff8d-9389-460f-8636-0041a511b0e1,4Pool,1,7070,175.8321,2,9,9,20,40,22,8,320,512,240,17,9,277,25,22,6,151,6913,231,25,206,18,0,22,3,0,0,8,7070,4Pool,4Pool,EarlyRush;1Base,true,7070
20260903-210912,KTNJC0AU,Tomas Cere,Protoss,(4)Python.scx,WIN,0,2026-09-03T22:11:30,2026-09-03T22:15:03,212.0,0.62,6d09bf8,False,True,ok,True,Infested Artosis,False,False,True,375,3100,3375,1500,False,1125,450,0,1550,374,8976,1650,1450,0,0,39,50,3.174,10743.0,1788498894171,true,4,4Pool,4Pool,1Base,8992,36578de9-6c9d-497a-b51d-9bfe8d046ca1,4Pool,1,8992,29.4117,5,9,9,25,62,31,8,320,512,240,25,9,355,31,31,7,343,8952,178,30,148,24,0,29,1,0,0,7,8992,4Pool,4Pool,1Base,true,8992
20260903-210912,KTNJC04N,liongis,Zerg,(4)Roadrunner.scx,WIN,0,2026-09-03T22:11:46,2026-09-03T22:14:52,184.6,0.62,6d09bf8,False,True,ok,True,Infested Artosis,False,False,True,700,2000,120,1800,False,540,400,0,1550,307,7368,2474,2250,360,100,50,52,3.27,7494.0,1788498885591,true,4,Overpool,SpeedlingAllIn,1Base,7380,f188aad0-5cbd-4f22-b273-855a5fddf95d,SpeedlingAllIn,1,7380,163.6472,2,8,8,30,40,31,8,320,512,240,22,9,456,16,32,10,451,7352,241,41,200,34,0,37,3,0,1,11,7380,Overpool,SpeedlingAllIn,1Base,true,7380
20260903-210912,KTNJC02E,MadMixR,Random,(2)HeartbreakRidge.scx,LOSS,0,2026-09-03T22:12:47,2026-09-03T22:19:31,402.5,0.62,6d09bf8,False,True,ok,True,MadMixR,False,False,False,3740,18380,4275,26575,True,9750,63150,21445,29850,1344,32256,26978,26425,5296,4550,140,186,4.867,8633.0,1788499160971,false,2,Overpool,3HatchHydra,FFE,32273,c9988c49-9cca-4fab-b456-a998bc9c0e94,3HatchHydra,0,32273,147.2022,43,212,352,53,210,103,8,320,512,240,39,354,7339,343,81,21,3614,32287,3825,442,3383,362,66,365,69,0,8,37,32273,Overpool,3HatchHydra,FFE,false,32273
20260903-210912,KTNJC06L,Ecgberht,Terran,(4)Roadrunner.scx,LOSS,0,2026-09-03T22:12:54,2026-09-03T22:18:19,323.8,0.62,6d09bf8,False,True,ok,True,Ecgberht,False,False,False,1625,13050,0,12900,True,4430,23900,4875,14600,936,22464,12242,11425,3792,3600,94,150,4.076,9106.0,1788499089431,false,4,12Hatch,3HatchLurker,1Base;2RaxAcademy,22477,7154d3f2-2db7-4599-9eef-6366a77f60a6,3HatchLurker,0,22477,91.3098,18,114,179,80,160,84,8,320,512,240,41,163,2277,262,91,19,2036,22506,1762,251,1511,170,70,219,27,1,4,54,22477,12Hatch,3HatchLurker,1Base;2RaxAcademy,false,22477
20260903-210912,KTNJC00D,Dave Churchill,Random,(4)Roadrunner.scx,LOSS,0,2026-09-03T22:13:32,2026-09-03T22:17:54,260.2,0.62,6d09bf8,False,True,ok,True,Dave Churchill,False,False,False,1180,400,0,1800,True,1790,2920,3540,5600,674,16176,2834,2825,216,100,42,52,3.985,12000.0,1788499064504,false,4,Overpool,CrazyZerg,1Base,16184,b3404da1-6d11-406c-bb42-d78aebcd8621,CrazyZerg,0,16184,152.2022,6,14,14,4,8,4,8,320,512,240,13,43,517,132,4,6,606,16185,553,89,464,39,26,74,14,0,1,41,16184,Overpool,CrazyZerg,1Base,false,16184
20260903-210912,KTNJC08O,WillBot,Random,(3)TauCross.scx,LOSS,0,2026-09-03T22:13:35,2026-09-03T22:19:18,341.7,0.62,6d09bf8,False,True,ok,True,WillBot,False,False,False,2700,10350,0,19000,True,4890,33860,9000,19700,1127,27048,16606,16075,6544,6225,127,150,4.652,11234.0,1788499148724,false,3,9PoolSpeed,CrazyZerg,1Base,27065,492dcb15-325c-4db3-9dd9-f5c9949c3a00,CrazyZerg,0,27065,140.8753,21,190,307,60,132,66,8,320,512,240,97,258,5763,312,77,23,3166,27089,2076,300,1776,208,70,244,44,0,12,35,27065,9PoolSpeed,CrazyZerg,1Base,false,27065
20260903-210912,KTNJC04O,liongis,Zerg,(2)Benzene.scx,LOSS,0,2026-09-03T22:14:52,2026-09-03T22:19:26,272.3,0.62,6d09bf8,False,True,ok,True,liongis,False,False,False,1340,4400,0,5850,True,1705,11050,4020,9400,710,17040,6962,6925,384,100,57,72,4.479,12122.0,1788499156390,false,2,Overpool,SpeedlingAllIn,Hydralisk,17052,7aefb233-819d-43b7-a63e-ac810a986a15,SpeedlingAllIn,0,17052,168.6932,22,212,212,70,73,71,8,320,512,240,94,200,2720,49,72,10,2668,17053,946,131,815,114,9,122,8,0,1,14,17052,Overpool,SpeedlingAllIn,Hydralisk,false,17052
20260903-210912,KTNJC0AV,Tomas Cere,Protoss,(4)Roadrunner.scx,WIN,0,2026-09-03T22:15:03,2026-09-03T22:19:05,240.0,0.62,6d09bf8,False,True,ok,True,Infested Artosis,False,False,True,375,2800,4950,1550,False,1650,700,0,1400,388,9312,1730,1500,0,0,36,50,5.301,11718.0,1788499134162,true,4,4Pool,4Pool,1Base,9333,0b713a95-2d1e-49f2-8cdf-f3d6bf953ee0,4Pool,1,9333,27.8636,5,14,14,24,56,34,8,320,512,240,26,14,404,34,34,9,275,9292,181,31,150,25,0,30,1,0,0,7,9333,4Pool,4Pool,1Base,true,9333
20260903-210912,KTNJC00E,Dave Churchill,Random,(2)Benzene.scx,WIN,0,2026-09-03T22:17:54,2026-09-03T22:21:31,214.9,0.62,6d09bf8,False,True,ok,True,Infested Artosis,False,False,True,830,2050,1125,2700,False,375,900,0,1800,452,10848,2746,2725,864,750,50,50,3.109,6166.0,1788499284565,true,2,Overpool,1HatchSpire,1Base;EarlyRush,10852,b6c7011a-51d0-4fd8-b28a-ddd2af96d628,1HatchSpire,1,10852,196.3406,10,16,16,32,41,34,8,320,512,240,24,18,962,26,34,5,875,10817,436,54,382,39,3,47,6,0,1,12,10852,Overpool,1HatchSpire,1Base;EarlyRush,true,10852
20260903-210912,KTNJC06M,Ecgberht,Terran,(2)Benzene.scx,LOSS,0,2026-09-03T22:18:19,2026-09-03T22:22:20,238.9,0.62,6d09bf8,False,True,ok,True,Ecgberht,False,False,False,1305,5450,0,7375,True,3155,14000,3915,8950,683,16392,7298,7250,2280,1725,70,118,3.098,8327.0,1788499330604,false,2,12Hatch,3HatchLurker,1Base,16401,35803545-2bab-4a41-b355-7537294311e3,3HatchLurker,0,16401,141.7903,11,67,98,33,66,36,8,320,512,240,26,106,1230,168,37,18,1363,16402,1180,180,1000,103,60,161,15,1,3,56,16401,12Hatch,3HatchLurker,1Base,false,16401
20260903-210912,KTNJC0AW,Tomas Cere,Protoss,(2)Benzene.scx,WIN,0,2026-09-03T22:19:05,2026-09-03T22:23:12,245.3,0.62,6d09bf8,False,True,ok,True,Infested Artosis,False,False,True,375,2900,3750,1450,False,850,650,0,1450,360,8640,1674,1400,0,0,33,50,4.035,8269.0,1788499381119,true,2,4Pool,4Pool,1Base,8651,e6844480-f0a0-4181-8ca9-e1578a39f41b,4Pool,1,8651,24.5043,5,17,17,24,58,32,8,320,512,240,24,13,343,32,32,7,266,8613,174,30,144,23,0,29,1,0,0,7,8651,4Pool,4Pool,1Base,true,8651
20260903-210912,KTNJC08P,WillBot,Random,(4)Andromeda.scx,LOSS,0,2026-09-03T22:19:18,2026-09-03T22:24:28,308.1,0.62,6d09bf8,False,True,ok,True,WillBot,False,False,False,375,3250,0,4200,True,2485,7800,1125,17475,1145,27480,5306,4200,0,0,28,50,3.239,12950.0,1788499456596,false,4,4Pool,4Pool,Hydralisk;1Base,27499,c10f363b-f8a9-4594-a309-fd04d5ce3bf9,4Pool,0,27499,197.9151,12,145,145,22,30,23,8,320,512,240,79,150,3916,55,25,15,2563,27509,734,189,545,79,128,157,32,0,0,10,27499,4Pool,4Pool,Hydralisk;1Base,false,27499
20260903-210912,KTNJC04P,liongis,Zerg,(2)Destination.scx,LOSS,0,2026-09-03T22:19:26,2026-09-03T22:23:02,214.3,0.62,6d09bf8,False,True,ok,True,liongis,False,False,False,375,200,0,1250,True,780,1550,1125,1850,311,7464,1314,1250,0,0,26,50,5.084,10453.0,1788499372846,false,2,4Pool,4Pool,1Base,7473,4cb400ee-941c-4087-a8d7-5afbfe9cc73f,4Pool,0,7473,133.1018,7,25,25,4,4,4,8,320,512,240,20,29,559,25,5,8,504,7474,184,39,145,20,21,28,11,0,0,8,7473,4Pool,4Pool,1Base,false,7473
20260903-210912,KTNJC02F,MadMixR,Random,(3)NeoMoonGlaive.scx,LOSS,0,2026-09-03T22:19:31,2026-09-03T22:26:06,393.2,0.62,6d09bf8,False,True,ok,True,MadMixR,False,False,False,3060,43500,4800,25825,True,8800,61430,9180,35890,1582,37968,23882,23875,5912,4450,132,154,3.821,11260.0,1788499556643,false,3,12Pool,3HatchHydra,EarlyRush;1Base;2Gate,37977,ae429502-26e8-492b-ba7b-73df2e48356f,3HatchHydra,0,37977,150.6872,60,351,482,167,598,224,8,320,512,240,113,420,4768,381,214,26,4188,38002,5519,425,5094,346,65,367,50,0,8,37,37977,12Pool,3HatchHydra,EarlyRush;1Base;2Gate,false,37977
20260903-210912,KTNJC0CP,VOID,Terran,(4)Icarus.scm,LOSS,0,2026-09-03T22:20:45,2026-09-03T22:26:20,332.9,0.62,6d09bf8,False,True,ok,True,VOID,False,False,False,2950,4700,0,9000,True,5140,15020,9750,13350,1224,29376,11386,11213,2440,2113,80,116,3.726,9956.0,1788499572282,false,4,12Hatch,CrazyZerg,EarlyRush;1Base,29390,2654d228-7c1c-4c3a-9cb9-b98bf328bc13,CrazyZerg,0,29390,153.1956,26,119,140,47,94,48,8,320,512,240,54,181,3887,305,48,19,2352,29391,7353,2013,5340,158,2130,1963,42,0,8,44,29390,12Hatch,CrazyZerg,EarlyRush;1Base,false,29390
20260903-210912,KTNJC00F,Dave Churchill,Random,(2)Destination.scx,LOSS,0,2026-09-03T22:21:31,2026-09-03T22:25:41,248.0,0.62,6d09bf8,False,True,ok,True,Dave Churchill,False,False,False,870,3200,0,3950,True,400,2350,2610,2050,549,13176,3202,3200,1240,1050,50,50,3.84,10314.0,1788499530345,false,2,Overpool,1HatchSpire,1Base;EarlyRush,13177,3a650514-253c-4470-bfdd-58bada2ecc18,1HatchSpire,0,13177,123.6034,11,38,38,45,56,48,8,320,512,240,24,45,1315,26,48,6,881,13178,402,77,325,45,31,64,11,0,2,28,13177,Overpool,1HatchSpire,1Base;EarlyRush,false,13177
20260903-210912,KTNJC06N,Ecgberht,Terran,(2)Destination.scx,LOSS,0,2026-09-03T22:22:20,2026-09-03T22:27:09,287.7,0.62,6d09bf8,False,True,ok,True,Ecgberht,False,False,False,1625,13350,0,10025,True,4005,18900,4875,14175,851,20424,11114,10150,2616,2275,84,118,3.639,9897.0,1788499621724,false,2,12Hatch,3HatchLurker,1Base;2RaxAcademy,20431,3ef8aa93-9659-4aff-a336-d4ce7caa4194,3HatchLurker,0,20431,184.9728,19,129,163,86,172,109,8,320,512,240,54,174,2307,252,96,19,1878,20452,1938,257,1681,155,94,210,42,1,4,55,20431,12Hatch,3HatchLurker,1Base;2RaxAcademy,false,20431
20260903-210912,KTNJC04Q,liongis,Zerg,(2)HeartbreakRidge.scx,WIN,0,2026-09-03T22:23:02,2026-09-03T22:26:39,214.9,0.62,6d09bf8,False,True,ok,True,Infested Artosis,False,False,True,700,2500,1380,2100,False,1160,1350,0,2000,357,8568,2938,2850,456,100,45,52,5.08,11799.0,1788499590881,true,2,Overpool,SpeedlingAllIn,1Base,8589,0a0f1db9-4241-49dc-81bf-49f88f9e39e5,SpeedlingAllIn,1,8589,144.9825,10,30,30,43,50,47,8,320,512,240,28,28,714,24,45,9,592,8553,298,51,247,42,0,46,4,0,1,11,8589,Overpool,SpeedlingAllIn,1Base,true,8589
20260903-210912,KTNJC0AX,Tomas Cere,Protoss,(2)Destination.scx,WIN,0,2026-09-03T22:23:12,2026-09-03T22:26:52,218.2,0.62,6d09bf8,False,True,ok,True,Infested Artosis,False,False,True,375,2500,2925,1350,False,975,700,0,1250,338,8112,1490,1300,0,0,32,34,4.784,11378.0,1788499603676,true,2,4Pool,4Pool,1Base,8124,449bff4f-8d00-4c82-a431-d6316114035d,4Pool,1,8124,32.7265,3,14,14,21,50,26,8,320,512,240,24,14,333,26,26,5,233,8089,180,29,151,22,0,28,1,0,0,7,8124,4Pool,4Pool,1Base,true,8124
20260903-210912,KTNJC08Q,WillBot,Random,(4)CircuitBreaker.scx,LOSS,0,2026-09-03T22:24:28,2026-09-03T22:29:29,299.3,0.62,6d09bf8,False,True,ok,True,WillBot,False,False,False,1655,4400,0,21500,True,3250,37675,4965,24425,1324,31776,11838,11800,6512,6500,66,86,2.328,7618.0,1788499760864,false,4,9PoolSpeed,1HatchSpire,1Base;Hydralisk,31777,41081542-21e6-4592-b70a-995110ab0ccc,1HatchSpire,0,31777,128.5475,16,146,302,34,43,36,8,320,512,240,51,169,9632,53,38,19,2794,31778,2292,180,2112,148,27,160,17,0,3,31,31777,9PoolSpeed,1HatchSpire,1Base;Hydralisk,false,31777
20260903-210912,KTNJC00G,Dave Churchill,Random,(2)HeartbreakRidge.scx,WIN,0,2026-09-03T22:25:41,2026-09-03T22:31:43,360.4,0.62,6d09bf8,False,True,ok,True,Infested Artosis,False,False,True,1595,9200,3450,5800,False,1150,5900,900,5800,1091,26184,8610,8400,0,0,72,88,3.626,7057.0,1788499891854,true,2,Overpool,1HatchSpire,1Base;EarlyRush;Hydralisk,26197,e3454630-cc83-4500-80a4-d3990af434d8,1HatchSpire,1,26197,269.0533,22,122,122,138,184,148,8,320,512,240,78,120,3878,52,144,9,2469,26165,4107,139,3968,124,15,109,30,0,0,22,26184,Overpool,1HatchSpire,1Base;EarlyRush;Hydralisk,true,26197
20260903-210912,KTNJC02G,MadMixR,Random,(3)TauCross.scx,WIN,0,2026-09-03T22:26:06,2026-09-03T22:30:37,269.6,0.62,6d09bf8,False,True,ok,True,Infested Artosis,False,False,True,1235,4350,4605,4900,False,1535,1250,0,2975,542,13008,4570,4500,1368,1250,77,84,5.486,9575.0,1788499825963,true,3,12Pool,1HatchSpire,1Base;Hydralisk;EarlyRush,13022,5de96787-1b64-4f87-8431-d7d32ed767d6,1HatchSpire,1,13022,161.0270,16,23,23,43,60,59,8,320,512,240,28,26,1029,19,61,12,963,12979,501,80,421,61,18,65,13,0,2,8,13022,12Pool,1HatchSpire,1Base;Hydralisk;EarlyRush,true,13022
20260903-210912,KTNJC0CQ,VOID,Terran,(4)Jade.scx,WIN,0,2026-09-03T22:26:20,2026-09-03T22:30:54,272.3,0.62,6d09bf8,False,True,ok,True,Infested Artosis,False,False,True,2430,7450,6195,7900,False,2065,2300,0,3725,664,15936,10242,9900,3176,3025,146,166,4.912,10339.0,1788499846941,true,4,12Hatch,CrazyZerg,2RaxAcademy;1Base,15936,078ca777-1212-41d0-938f-fbec62c4a898,CrazyZerg,1,15936,142.5270,17,50,50,64,128,85,8,320,512,240,45,49,1448,87,85,16,1078,15900,1128,141,987,128,7,111,23,0,7,30,15936,12Hatch,CrazyZerg,2RaxAcademy;1Base,true,15936
20260903-210912,KTNJC04R,liongis,Zerg,(3)NeoMoonGlaive.scx,LOSS,0,2026-09-03T22:26:39,2026-09-03T22:30:42,242.0,0.62,6d09bf8,False,True,ok,True,liongis,False,False,False,375,700,900,1750,True,1180,2700,1125,2500,439,10536,1898,1700,0,0,28,50,5.634,12874.0,1788499833971,false,3,4Pool,4Pool,1Base,10542,9f05014b-7ce1-4e8e-ba7b-58047a8e7bb2,4Pool,0,10542,138.9751,8,52,52,14,14,16,8,320,512,240,30,52,1019,30,16,10,798,10543,264,61,203,29,36,38,23,0,0,11,10542,4Pool,4Pool,1Base,false,10542
20260903-210912,KTNJC0AY,Tomas Cere,Protoss,(2)HeartbreakRidge.scx,WIN,0,2026-09-03T22:26:52,2026-09-03T22:30:40,226.9,0.62,6d09bf8,False,True,ok,True,Infested Artosis,False,False,True,375,2900,3075,1300,False,625,600,0,1450,325,7800,1426,1250,0,0,32,34,5.787,11373.0,1788499831811,true,2,4Pool,4Pool,1Base,7814,ac73affa-8da3-4765-a7c9-caffaaaeb3c8,4Pool,1,7814,34.1398,3,12,12,24,58,29,8,320,512,240,23,12,310,29,29,6,203,7782,163,28,135,21,0,27,1,0,0,7,7814,4Pool,4Pool,1Base,true,7814
20260903-210912,KTNJC06O,Ecgberht,Terran,(2)HeartbreakRidge.scx,LOSS,0,2026-09-03T22:27:09,2026-09-03T22:32:01,290.2,0.62,6d09bf8,False,True,ok,True,Ecgberht,False,False,False,1965,12000,0,9400,True,4330,18500,7695,16250,936,22464,10866,10600,2368,2150,70,86,3.287,12391.0,1788499912906,false,2,12Hatch,3HatchLurker,1Base;2RaxAcademy,22477,198f2eb6-361a-4f8f-afcc-88c39247ad3f,3HatchLurker,0,22477,218.8765,15,105,142,77,154,91,8,320,512,240,44,160,2618,290,86,19,2024,22492,2136,249,1887,149,94,200,44,1,4,44,22477,12Hatch,3HatchLurker,1Base;2RaxAcademy,false,22477
20260903-210912,KTNJC08R,WillBot,Random,(4)EmpireoftheSun.scm,LOSS,0,2026-09-03T22:29:29,2026-09-03T22:34:03,272.3,0.62,6d09bf8,False,True,ok,True,WillBot,False,False,False,375,900,0,3600,True,4365,6300,1125,16150,992,23808,4514,3650,0,0,29,50,2.324,8192.0,1788500034936,false,4,4Pool,4Pool,1Base,23810,d97ec88b-09b4-45f6-9da1-c72ee60e1c8c,4Pool,0,23810,178.8866,18,96,96,8,16,10,8,320,512,240,67,124,2125,254,19,22,1621,23839,505,102,403,68,39,74,28,0,0,7,23810,4Pool,4Pool,1Base,false,23810
20260903-210912,KTNJC02H,MadMixR,Random,(4)Andromeda.scx,WIN,0,2026-09-03T22:30:37,2026-09-03T22:37:00,381.4,0.62,6d09bf8,False,True,ok,True,Infested Artosis,False,False,True,5475,20100,12720,36950,False,4240,59415,5100,18375,1369,32856,32714,30225,10168,10100,186,244,4.145,11217.0,1788500211773,true,4,12Pool,CrazyZerg,1Base,32862,260ffc08-6d99-472c-b44c-58e13240e08a,CrazyZerg,1,32862,195.5454,35,402,658,162,392,206,8,320,512,240,168,406,4680,208,198,20,2966,32830,4789,482,4307,406,29,413,58,0,11,61,32862,12Pool,CrazyZerg,1Base,true,32862
20260903-210912,KTNJC0AZ,Tomas Cere,Protoss,(3)NeoMoonGlaive.scx,WIN,0,2026-09-03T22:30:40,2026-09-03T22:34:32,230.0,0.62,6d09bf8,False,True,ok,True,Infested Artosis,False,False,True,375,2600,3375,1250,False,725,350,0,1300,332,7968,1394,1250,0,0,33,34,4.69,9120.0,1788500062606,true,3,4Pool,4Pool,1Base,7969,74344438-0f95-4c41-8695-4ab141118b29,4Pool,1,7969,28.6353,4,7,7,22,52,28,8,320,512,240,22,7,287,28,28,7,214,7922,161,26,135,20,0,25,1,0,0,7,7969,4Pool,4Pool,1Base,true,7969
20260903-210912,KTNJC04S,liongis,Zerg,(3)TauCross.scx,LOSS,0,2026-09-03T22:30:42,2026-09-03T22:34:55,251.1,0.62,6d09bf8,False,True,ok,True,liongis,False,False,False,1000,1600,0,3000,True,1340,4600,3900,3825,475,11400,3978,3950,352,100,44,70,5.441,9923.0,1788500086159,false,3,Overpool,SpeedlingAllIn,1Base;Hydralisk,11410,c8623add-1871-4a04-98c5-8ba42a6b8b1b,SpeedlingAllIn,0,11410,111.4556,16,80,80,31,32,31,8,320,512,240,41,83,1290,36,32,10,1361,11411,436,71,365,57,7,63,7,0,1,13,11410,Overpool,SpeedlingAllIn,1Base;Hydralisk,false,11410
20260903-210912,KTNJC0CR,VOID,Terran,(4)LaMancha1.1.scx,WIN,0,2026-09-03T22:30:54,2026-09-03T22:36:52,356.9,0.62,6d09bf8,False,True,ok,True,Infested Artosis,False,False,True,2705,25900,14145,27050,False,4240,26800,0,13250,1245,29880,22006,21150,9040,7875,216,294,4.399,10685.0,1788500202809,true,4,12Hatch,CrazyZerg,2RaxAcademy;1Base,29886,86e90144-601a-46b9-9097-c17e2bcc03b6,CrazyZerg,1,29886,163.3961,22,225,328,213,430,268,8,320,512,240,125,216,4907,276,270,21,2920,29851,2359,289,2070,273,12,242,36,0,11,34,29886,12Hatch,CrazyZerg,2RaxAcademy;1Base,true,29886
20260903-210912,KTNJC00H,Dave Churchill,Random,(3)NeoMoonGlaive.scx,WIN,0,2026-09-03T22:31:43,2026-09-03T22:36:28,284.3,0.62,6d09bf8,False,True,ok,True,Infested Artosis,False,False,True,1295,4300,2400,2700,False,800,3200,900,2700,740,17760,4082,4100,0,0,33,54,4.325,12515.0,1788500177559,true,3,Overpool,1HatchSpire,EarlyRush;1Base,17765,ca08852f-518a-4b4e-a1c4-051b7d3d5f63,1HatchSpire,1,17765,224.3541,10,62,62,70,86,74,8,320,512,240,44,66,1883,33,74,7,1221,17730,4884,74,4810,60,11,55,19,0,0,21,17765,Overpool,1HatchSpire,EarlyRush;1Base,true,17765
20260903-210912,KTNJC06P,Ecgberht,Terran,(3)NeoMoonGlaive.scx,LOSS,0,2026-09-03T22:32:01,2026-09-03T22:36:52,290.4,0.62,6d09bf8,False,True,ok,True,Ecgberht,False,False,False,1305,9050,0,8050,True,4205,14000,4815,12400,819,19656,7786,7775,2128,2100,65,86,3.929,12258.0,1788500201860,false,3,12Hatch,3HatchLurker,1Base,19656,67257b98-649b-4015-9665-96b6979ba824,3HatchLurker,0,19656,162.3342,11,82,114,64,128,67,8,320,512,240,34,118,1830,233,69,18,1500,19683,1191,189,1002,110,69,153,32,1,3,41,19656,12Hatch,3HatchLurker,1Base,false,19656
20260903-210912,KTNJC08S,WillBot,Random,(4)FightingSpirit.scx,LOSS,0,2026-09-03T22:34:03,2026-09-03T22:39:13,308.9,0.62,6d09bf8,False,True,ok,True,WillBot,False,False,False,3405,10400,600,19625,True,5475,36760,11115,26850,1291,30984,18770,18750,3944,3550,197,218,2.842,10991.0,1788500344716,false,4,Overpool,3HatchMuta,EarlyRush;1Base;2Gate,31002,2c7a4fd3-3ad0-4fa7-95fc-eae46ae69c6d,3HatchMuta,0,31002,224.6173,23,177,271,46,172,57,8,320,512,240,84,263,4099,230,59,17,2500,31012,6366,389,5977,269,114,312,72,0,5,58,31002,Overpool,3HatchMuta,EarlyRush;1Base;2Gate,false,31002
20260903-210912,KTNJC0B0,Tomas Cere,Protoss,(3)TauCross.scx,WIN,0,2026-09-03T22:34:32,2026-09-03T22:38:27,233.0,0.62,6d09bf8,False,True,ok,True,Infested Artosis,False,False,True,375,3300,3525,1550,False,1175,850,0,1650,388,9312,1682,1500,0,0,33,50,3.757,8215.0,1788500298518,true,3,4Pool,4Pool,1Base,9333,94029af7-2368-4ad2-a288-28f8a37a5560,4Pool,1,9333,24.7557,5,17,17,27,66,34,8,320,512,240,26,17,426,35,35,7,280,9284,195,31,164,25,0,30,1,0,0,7,9333,4Pool,4Pool,1Base,true,9333
20260903-210912,KTNJC04T,liongis,Zerg,(4)Andromeda.scx,LOSS,0,2026-09-03T22:34:55,2026-09-03T22:38:08,190.8,0.62,6d09bf8,False,True,ok,True,liongis,False,False,False,375,250,0,1450,True,780,2150,1125,2250,356,8544,1506,1400,0,0,27,50,3.835,13294.0,1788500281213,false,4,4Pool,4Pool,1Base,8558,42106397-324b-4fe9-897c-3272d5d7d733,4Pool,0,8558,221.6001,4,41,41,5,5,5,8,320,512,240,24,41,641,29,6,8,663,8559,222,52,170,23,33,32,20,0,0,11,8558,4Pool,4Pool,1Base,false,8558
20260903-210912,KTNJC00I,Dave Churchill,Random,(3)TauCross.scx,WIN,0,2026-09-03T22:36:28,2026-09-03T22:40:44,254.1,0.62,6d09bf8,False,True,ok,True,Infested Artosis,False,False,True,915,3800,2700,3000,False,900,2550,900,2500,631,15144,3978,3975,0,0,47,52,3.869,7059.0,1788500437557,true,3,Overpool,1HatchSpire,EarlyRush;1Base;Hydralisk,15161,9a9d2b78-8540-4cbd-a77d-b9aa5e8b894f,1HatchSpire,1,15161,156.7963,8,53,53,61,76,66,8,320,512,240,50,54,1788,29,66,8,1082,15104,466,72,394,63,6,59,13,0,0,26,15161,Overpool,1HatchSpire,EarlyRush;1Base;Hydralisk,true,15161
20260903-210912,KTNJC0CS,VOID,Terran,(4)Python.scx,WIN,0,2026-09-03T22:36:52,2026-09-03T22:43:22,388.1,0.62,6d09bf8,False,True,ok,True,Infested Artosis,False,False,True,3260,34300,13620,34275,False,4640,37950,240,16250,1502,36048,28762,26550,11584,9900,251,296,4.229,11483.0,1788500593951,true,4,12Hatch,CrazyZerg,2RaxAcademy;1Base,36055,35090692-07b6-426b-8559-7d131416b419,CrazyZerg,1,36055,166.9405,21,302,447,278,564,337,8,320,512,240,160,289,6323,332,327,21,3427,35998,4485,365,4120,342,18,305,46,2,12,34,36055,12Hatch,CrazyZerg,2RaxAcademy;1Base,true,36055
20260903-210912,KTNJC06Q,Ecgberht,Terran,(3)TauCross.scx,LOSS,0,2026-09-03T22:36:52,2026-09-03T22:41:47,293.2,0.62,6d09bf8,False,True,ok,True,Ecgberht,False,False,False,1305,8950,0,8875,True,3105,16950,3915,10975,775,18600,8210,8100,2392,2075,72,118,4.328,10256.0,1788500498654,false,3,12Hatch,3HatchLurker,1Base,18602,60f6d121-1657-4540-9826-5f15406f20f0,3HatchLurker,0,18602,169.7949,10,98,137,55,110,60,8,320,512,240,39,133,1548,194,62,18,1491,18599,1072,174,898,117,41,153,17,1,3,59,18602,12Hatch,3HatchLurker,1Base,false,18602
20260903-210912,KTNJC02I,MadMixR,Random,(4)CircuitBreaker.scx,LOSS,0,2026-09-03T22:37:00,2026-09-03T22:41:07,245.1,0.62,6d09bf8,False,True,ok,True,MadMixR,False,False,False,480,1850,0,1500,True,375,1750,2340,1800,475,11400,1922,1875,208,0,28,50,4.912,10968.0,1788500458620,false,4,12Pool,1HatchSpire,EarlyRush;1Base,11410,06449da3-cf13-45bb-b8fb-4746d6e65eb2,1HatchSpire,0,11410,153.1450,2,10,10,37,37,37,8,320,512,240,13,27,587,33,37,5,664,11411,353,51,302,27,25,41,10,0,0,14,11410,12Pool,1HatchSpire,EarlyRush;1Base,false,11410
20260903-210912,KTNJC04U,liongis,Zerg,(4)CircuitBreaker.scx,LOSS,0,2026-09-03T22:38:08,2026-09-03T22:42:29,260.3,0.62,6d09bf8,False,True,ok,True,liongis,False,False,False,1300,5200,0,5200,True,1340,9400,3900,8150,676,16224,6306,6300,576,100,48,72,4.245,11639.0,1788500541204,false,4,Overpool,SpeedlingAllIn,1Base;Hydralisk,16246,729752be-638a-4910-9116-d8dcce098f01,SpeedlingAllIn,0,16246,192.3156,20,182,182,68,74,69,8,320,512,240,83,171,2075,39,69,10,2280,16250,936,122,814,103,9,113,8,0,1,17,16246,Overpool,SpeedlingAllIn,1Base;Hydralisk,false,16246
20260903-210912,KTNJC0B1,Tomas Cere,Protoss,(4)Andromeda.scx,WIN,0,2026-09-03T22:38:27,2026-09-03T22:42:22,233.9,0.62,6d09bf8,False,True,ok,True,Infested Artosis,False,False,True,375,2800,3600,1350,False,800,600,0,1400,347,8328,1474,1350,0,0,32,34,5.031,14264.0,1788500533468,true,4,4Pool,4Pool,1Base,8341,3aef3710-2284-4557-9889-441de5066c64,4Pool,1,8341,27.0423,3,13,13,23,56,30,8,320,512,240,24,12,327,30,30,7,231,8304,165,28,137,22,0,27,1,0,0,7,8341,4Pool,4Pool,1Base,true,8341
20260903-210912,KTNJC08T,WillBot,Random,(4)Icarus.scm,LOSS,0,2026-09-03T22:39:13,2026-09-03T22:44:06,290.8,0.62,6d09bf8,False,True,ok,True,WillBot,False,False,False,375,5800,0,4750,True,4100,8975,1125,16100,1298,31152,6050,4700,0,0,32,50,2.507,12158.0,1788500636440,false,4,4Pool,4Pool,1Base,31157,f860e53d-1065-4040-9531-5881b9bcc6ad,4Pool,0,31157,203.4144,18,163,163,39,110,41,8,320,512,240,90,170,2857,185,39,13,1943,31184,596,106,490,89,18,98,8,0,0,7,31157,4Pool,4Pool,1Base,false,31157
20260903-210912,KTNJC00J,Dave Churchill,Random,(4)Andromeda.scx,WIN,0,2026-09-03T22:40:44,2026-09-03T22:44:54,248.5,0.62,6d09bf8,False,True,ok,True,Infested Artosis,False,False,True,910,3600,2400,2550,False,500,2400,240,2350,602,14448,3706,3600,768,350,34,50,3.536,9783.0,1788500688495,true,4,Overpool,1HatchSpire,1Base;EarlyRush,14448,b35043c7-cebf-4445-a55a-f3c68e09b374,1HatchSpire,1,14448,199.8000,9,55,55,60,72,64,8,320,512,240,40,50,1696,30,64,7,1142,14407,567,73,494,55,3,63,9,0,1,27,14448,Overpool,1HatchSpire,1Base;EarlyRush,true,14448
20260903-210912,KTNJC02J,MadMixR,Random,(4)EmpireoftheSun.scm,LOSS,0,2026-09-03T22:41:07,2026-09-03T22:47:06,357.0,0.62,6d09bf8,False,True,ok,True,MadMixR,False,False,False,6505,26900,150,22600,True,10615,39360,20640,30100,1461,35064,26354,26325,5792,4150,131,192,3.515,12397.0,1788500817259,false,4,12Pool,CrazyZerg,1Base,35063,258478e0-942b-44c8-af69-bb2fd433ca35,CrazyZerg,0,35063,253.2885,54,168,235,89,292,103,8,320,512,240,79,397,5044,380,115,30,3912,35078,4441,543,3898,374,159,394,126,0,23,55,35063,12Pool,CrazyZerg,1Base,false,35063
20260903-210912,KTNJC06R,Ecgberht,Terran,(4)Andromeda.scx,WIN,0,2026-09-03T22:41:47,2026-09-03T22:46:25,275.5,0.62,6d09bf8,False,True,ok,True,Infested Artosis,False,False,True,1385,14900,4290,10000,False,1430,6050,0,7350,719,17256,10042,9150,3400,2825,134,134,4.341,11365.0,1788500775083,true,4,12Hatch,3HatchLurker,1Base,17269,6bfa8f7e-b883-46a5-bd89-61229f772b8c,3HatchLurker,1,17269,164.6509,3,58,68,106,212,127,8,320,512,240,35,60,1767,127,127,14,1143,17229,1081,165,916,130,12,148,11,1,5,46,17269,12Hatch,3HatchLurker,1Base,true,17269
20260903-210912,KTNJC0B2,Tomas Cere,Protoss,(4)CircuitBreaker.scx,WIN,0,2026-09-03T22:42:22,2026-09-03T22:46:38,254.1,0.62,6d09bf8,False,True,ok,True,Infested Artosis,False,False,True,375,2600,3750,1350,False,850,200,0,1300,335,8040,1482,1300,0,0,38,50,5.079,13633.0,1788500789155,true,4,4Pool,4Pool,1Base,8062,c6abc74b-3ff5-4473-ae2e-df600ad4715e,4Pool,1,8062,27.8518,3,5,5,22,52,30,8,320,512,240,22,4,286,30,30,7,249,8023,165,28,137,22,0,27,1,0,0,7,8062,4Pool,4Pool,1Base,true,8062
20260903-210912,KTNJC04V,liongis,Zerg,(4)EmpireoftheSun.scm,WIN,0,2026-09-03T22:42:29,2026-09-03T22:46:03,211.6,0.62,6d09bf8,False,True,ok,True,Infested Artosis,False,False,True,375,3150,2400,1400,False,1175,700,0,2300,347,8328,1610,1350,0,0,30,50,5.273,15724.0,1788500755457,true,4,4Pool,4Pool,1Base,8341,11d22d22-0900-442a-9c60-ba8d645abdf7,4Pool,1,8341,127.3397,3,17,17,54,63,59,8,320,512,240,23,14,601,30,59,7,517,8292,169,29,140,22,0,28,1,0,0,7,8341,4Pool,4Pool,1Base,true,8341
20260903-210912,KTNJC0CT,VOID,Terran,(4)Roadrunner.scx,CRASH,1,2026-09-03T22:43:22,2026-09-03T22:46:04,160.5,0.62,6d09bf8,False,True,missing,True,,True,False,False,300,0,0,300,True,400,0,0,400,60,1440,50,0,0,0,8,18,0.0,0.0,,,,,,,,,,,,,,,,,,0,,,,,6,0,18,11,0,3,20,1384,,,,,,,,,,,,,,,,
20260903-210912,KTNJC08U,WillBot,Random,(4)Jade.scx,LOSS,0,2026-09-03T22:44:06,2026-09-03T22:48:52,284.9,0.62,6d09bf8,False,True,ok,True,WillBot,False,False,False,1810,13500,1050,11725,True,5525,24860,5430,25400,1231,29544,12658,12600,1336,1050,88,102,2.53,8358.0,1788500923316,false,4,Overpool,3HatchHydra,EarlyRush;1Base;2Gate,29545,94f77f4e-4713-49c2-8a2b-4460fd6cc96f,3HatchHydra,0,29545,230.5244,21,280,307,49,186,56,8,320,512,240,128,313,3559,229,58,17,2572,29572,6169,966,5203,211,857,928,29,0,9,46,29545,Overpool,3HatchHydra,EarlyRush;1Base;2Gate,false,29545
20260903-210912,KTNJC00K,Dave Churchill,Random,(4)CircuitBreaker.scx,WIN,0,2026-09-03T22:44:54,2026-09-03T22:49:04,248.0,0.62,6d09bf8,False,True,ok,True,Infested Artosis,False,False,True,1215,4600,2400,3100,False,800,2950,0,2850,680,16320,4162,4175,0,0,47,54,2.776,8741.0,1788500935518,true,4,Overpool,1HatchSpire,EarlyRush;1Base,16339,bdb7b982-5c7e-4ba8-a4c8-16c358c8f82d,1HatchSpire,1,16339,205.5518,13,65,65,77,92,81,8,320,512,240,48,60,2223,37,81,7,1479,16300,712,84,628,67,5,71,13,0,0,31,16339,Overpool,1HatchSpire,EarlyRush;1Base,true,16339
20260903-210912,KTNJC04W,liongis,Zerg,(4)FightingSpirit.scx,LOSS,0,2026-09-03T22:46:03,2026-09-03T22:50:02,238.1,0.62,6d09bf8,False,True,ok,True,liongis,False,False,False,700,500,0,1750,True,700,2250,2100,2050,332,7968,2130,2100,280,100,40,52,4.971,9729.0,1788500990956,false,4,Overpool,SpeedlingAllIn,EarlyRush;1Base,7969,d57d41c0-24dc-4ff4-a9f8-a3e6c636e620,SpeedlingAllIn,0,7969,139.7880,6,24,24,10,10,10,8,320,512,240,21,38,535,26,11,6,514,7982,522,97,425,31,68,54,42,0,1,35,7969,Overpool,SpeedlingAllIn,EarlyRush;1Base,false,7969
20260903-210912,KTNJC0CU,VOID,Terran,(2)Benzene.scx,WIN,0,2026-09-03T22:46:04,2026-09-03T22:52:53,407.0,0.62,6d09bf8,False,True,ok,True,Infested Artosis,False,False,True,4665,24350,10770,32300,False,3465,30500,240,11875,1113,26712,31802,29300,11664,8850,303,304,5.82,8851.0,1788501163232,true,2,12Hatch,CrazyZerg,1Base,26724,0cfde556-e678-4364-8199-56412d436e06,CrazyZerg,1,26724,174.4581,19,318,411,192,386,234,8,320,512,240,173,308,5108,233,229,21,3109,26690,3264,414,2850,395,2,339,61,2,12,36,26724,12Hatch,CrazyZerg,1Base,true,26724
20260903-210912,KTNJC06S,Ecgberht,Terran,(4)CircuitBreaker.scx,WIN,0,2026-09-03T22:46:25,2026-09-03T22:52:44,377.4,0.62,6d09bf8,False,True,ok,True,Infested Artosis,False,False,True,1385,19150,4440,15075,False,1430,8700,0,9575,860,20640,13362,12250,4480,4075,170,182,5.824,12339.0,1788501156242,true,4,12Hatch,3HatchLurker,1Base,20648,5980cb51-cca0-48ef-996d-e6d30150829d,3HatchLurker,1,20648,161.2500,6,79,96,134,268,162,8,320,512,240,40,82,2101,164,164,14,1628,20596,1299,204,1095,168,15,180,17,1,6,48,20648,12Hatch,3HatchLurker,1Base,true,20648
20260903-210912,KTNJC0B3,Tomas Cere,Protoss,(4)EmpireoftheSun.scm,WIN,0,2026-09-03T22:46:38,2026-09-03T22:51:46,307.1,0.62,6d09bf8,False,True,ok,True,Infested Artosis,False,False,True,375,3300,3525,1450,False,775,800,0,1650,357,8568,1634,1400,0,0,30,50,9.781,17558.0,1788501097122,true,4,4Pool,4Pool,1Base,8589,9f913c7f-80af-45f3-a1c4-b05bcc1d43cf,4Pool,1,8589,18.5175,4,19,19,27,66,34,8,320,512,240,24,16,337,34,34,7,256,8536,169,29,140,23,0,28,1,0,0,7,8589,4Pool,4Pool,1Base,true,8589
20260903-210912,KTNJC02K,MadMixR,Random,(4)FightingSpirit.scx,NO_RESULT,1,2026-09-03T22:47:06,2026-09-03T22:49:57,,0.62,6d09bf8,False,True,ok,True,,,,True,1155,14310,4950,8250,False,1650,3850,0,6625,652,15648,7066,6400,3024,2425,113,116,6.402,17656.0,1788501156254,true,4,12Pool,1HatchSpire,Hydralisk;1Base,15657,c27ceca6-9224-42af-8969-02ea6603d932,1HatchSpire,1,15657,182.7647,12,60,78,90,140,105,8,320,512,240,39,46,1822,26,107,10,1269,15625,826,94,732,84,10,83,8,0,3,16,15657,,,,,
20260903-210912,KTNJC08V,WillBot,Random,(4)LaMancha1.1.scx,NO_RESULT,1,2026-09-03T22:48:52,2026-09-03T22:49:57,,0.62,6d09bf8,False,True,ok,True,,,,False,375,1300,0,3900,True,2325,7200,1125,14900,1063,25512,4882,3900,0,0,29,50,3.015,7517.0,1788501331339,false,4,4Pool,4Pool,1Base;Hydralisk,25515,e112210c-816b-4847-957f-2b1b2bc6145f,4Pool,0,25515,207.4405,13,127,127,17,21,17,8,320,512,240,73,136,2654,50,19,19,2112,25532,923,286,637,73,248,265,21,0,0,10,25515,,,,,
20260903-210912,KTNJC00L,Dave Churchill,Random,(4)EmpireoftheSun.scm,WIN,0,2026-09-03T22:49:04,2026-09-03T22:55:06,360.2,0.62,6d09bf8,False,True,ok,True,Infested Artosis,False,False,True,915,1900,1200,2200,False,400,2350,1620,1350,556,13344,3122,3125,0,0,30,52,4.218,9852.0,1788501298180,true,4,Overpool,1HatchSpire,EarlyRush;1Base,13363,6bcaf423-cd2c-4df3-b2b5-90f74c0e2b1b,1HatchSpire,1,13363,152.6934,11,39,39,34,38,36,8,320,512,240,34,48,1134,21,37,6,853,13329,446,70,376,46,5,52,18,0,0,21,13363,Overpool,1HatchSpire,EarlyRush;1Base,true,13363
20260903-210912,KTNJC02L,MadMixR,Random,(4)Icarus.scm,WIN,0,2026-09-03T22:49:57,2026-09-03T22:55:22,321.1,0.62,6d09bf8,False,True,ok,True,Infested Artosis,False,False,True,880,2400,2580,1950,False,780,200,0,1900,356,8544,2986,2875,400,350,52,52,5.148,11560.0,1788501312641,true,4,Overpool,1HatchSpire,1Base,8558,28b95a54-b7a8-4247-a37f-3d0f3976a76c,1HatchSpire,1,8558,200.9133,3,4,4,36,48,43,8,320,512,240,18,5,550,19,44,8,352,8517,314,41,273,39,1,33,7,0,1,10,8558,Overpool,1HatchSpire,1Base,true,8558
20260903-210912,KTNJC08W,WillBot,Random,(4)Python.scx,LOSS,0,2026-09-03T22:49:57,2026-09-03T22:56:59,418.3,0.62,6d09bf8,False,True,ok,True,WillBot,False,False,False,375,1350,0,4250,True,2325,7625,1125,17800,1147,27528,4810,4200,0,0,51,66,3.762,13686.0,1788501410077,false,4,4Pool,4Pool,1Base;Hydralisk,27530,93fb3753-51ef-49ac-852c-9bf530ec36a3,4Pool,0,27530,146.2189,15,147,147,23,27,24,8,320,512,240,78,150,2653,54,25,19,2613,27531,742,193,549,78,133,177,16,0,0,10,27530,4Pool,4Pool,1Base;Hydralisk,false,27530
20260903-210912,KTNJC04X,liongis,Zerg,(4)Icarus.scm,WIN,0,2026-09-03T22:50:03,2026-09-03T22:55:02,294.9,0.62,6d09bf8,False,True,ok,True,Infested Artosis,False,False,True,375,1300,0,800,False,375,0,0,1050,182,4368,786,750,0,0,24,34,7.363,13854.0,1788501295819,true,4,4Pool,4Pool,,4373,ca0d58d3-2286-4f91-9057-e05aa9ebd303,4Pool,1,4373,105.0812,2,0,0,16,26,16,8,320,512,240,13,0,183,10,15,5,208,4341,97,17,80,11,0,16,1,0,0,7,4373,4Pool,4Pool,,true,4373
20260903-210912,KTNJC0B4,Tomas Cere,Protoss,(4)FightingSpirit.scx,WIN,0,2026-09-03T22:51:46,2026-09-03T22:57:02,313.3,0.62,6d09bf8,False,True,ok,True,Infested Artosis,False,False,True,375,2400,3075,1200,False,625,400,0,1200,307,7368,1386,1200,0,0,34,34,4.666,10295.0,1788501412017,true,4,4Pool,4Pool,1Base,7380,80745e07-459f-4b95-bb65-bda9a65761dd,4Pool,1,7380,19.5903,4,8,8,20,48,25,8,320,512,240,21,8,264,25,25,6,201,7331,153,27,126,20,0,26,1,0,0,7,7380,4Pool,4Pool,1Base,true,7380
20260903-210912,KTNJC06T,Ecgberht,Terran,(4)EmpireoftheSun.scm,LOSS,0,2026-09-03T22:52:44,2026-09-03T22:59:04,378.7,0.62,6d09bf8,False,True,ok,True,Ecgberht,False,False,False,2085,10050,0,12150,True,3955,21550,7155,19575,1100,26400,12314,12301,3176,3026,87,102,3.924,14796.0,1788501535873,false,4,12Hatch,3HatchLurker,1Base,26414,8a08a765-68b7-41f3-bd88-bf550b08c671,3HatchLurker,0,26414,126.4398,15,120,170,68,136,73,8,320,512,240,46,185,2665,305,75,20,2169,26415,2213,269,1944,178,80,227,33,1,8,45,26414,12Hatch,3HatchLurker,1Base,false,26414
20260903-210912,KTNJC0CV,VOID,Terran,(2)Destination.scx,WIN,0,2026-09-03T22:52:53,2026-09-03T23:04:13,678.2,0.62,6d09bf8,False,True,ok,True,Infested Artosis,False,False,True,4095,70750,16170,85700,False,5465,138400,1695,36650,2184,52416,57174,55325,24202,22400,294,330,7.099,11034.0,1788501843978,true,2,12Hatch,CrazyZerg,EarlyRush;1Base;2RaxAcademy,52423,602c6515-d509-445c-b623-3b1137cafc63,CrazyZerg,1,52423,88.8931,50,1033,1642,575,1174,764,8,320,512,240,460,1013,16502,702,700,21,10822,52369,9630,1817,7813,796,1183,1753,49,2,13,44,52423,12Hatch,CrazyZerg,EarlyRush;1Base;2RaxAcademy,true,52423
20260903-210912,KTNJC04Y,liongis,Zerg,(4)Jade.scx,LOSS,0,2026-09-03T22:55:02,2026-09-03T22:59:19,254.7,0.62,6d09bf8,False,True,ok,True,liongis,False,False,False,700,350,0,2000,True,700,2550,3000,2300,351,8424,2698,2650,328,100,41,52,5.534,11127.0,1788501551803,false,4,Overpool,SpeedlingAllIn,1Base,8434,7c900017-6000-4dd4-9df7-5d99f6aa1a52,SpeedlingAllIn,0,8434,117.0797,7,38,38,7,7,7,8,320,512,240,26,46,657,26,8,6,664,8454,296,51,245,37,9,43,7,0,1,11,8434,Overpool,SpeedlingAllIn,1Base,false,8434
20260903-210912,KTNJC00M,Dave Churchill,Random,(4)FightingSpirit.scx,LOSS,0,2026-09-03T22:55:06,2026-09-03T22:59:54,286.2,0.62,6d09bf8,False,True,ok,True,Dave Churchill,False,False,False,990,1000,0,2150,True,400,2600,2970,2050,506,12144,3018,3000,656,350,34,50,5.074,11287.0,1788501583551,false,4,Overpool,1HatchSpire,EarlyRush;1Base,12154,cc8b46d1-7435-43d3-bd04-ebb4c77cbc61,1HatchSpire,0,12154,128.3272,8,43,43,19,20,20,8,320,512,240,29,54,1251,25,20,7,947,12171,484,79,405,47,33,59,19,0,1,25,12154,Overpool,1HatchSpire,EarlyRush;1Base,false,12154
20260903-210912,KTNJC02M,MadMixR,Random,(4)Jade.scx,WIN,0,2026-09-03T22:55:22,2026-09-03T23:02:15,412.2,0.62,6d09bf8,False,True,ok,True,Infested Artosis,False,False,True,4410,22350,14520,45300,False,4890,75090,7200,25000,1417,34008,33910,33750,14008,13775,214,236,4.121,12878.0,1788501726872,true,4,12Pool,CrazyZerg,EarlyRush;1Base,34009,6fa6d89e-e940-4b86-bf96-0575aa40e0f3,CrazyZerg,1,34009,151.7149,50,505,778,163,372,220,8,320,512,240,221,573,5618,221,208,20,4317,33969,11572,2958,8614,456,2874,2892,51,2,13,42,34009,12Pool,CrazyZerg,EarlyRush;1Base,true,34009
20260903-210912,KTNJC08X,WillBot,Random,(4)Roadrunner.scx,LOSS,0,2026-09-03T22:56:59,2026-09-03T23:03:11,370.0,0.62,6d09bf8,False,True,ok,True,WillBot,False,False,False,1340,8900,0,12950,True,2650,25300,4020,21500,1324,31776,14182,14175,328,100,63,72,3.505,9782.0,1788501781125,false,4,Overpool,SpeedlingAllIn,1Base;Hydralisk,31777,7bf46fd2-289f-432b-b5df-367a83351b9d,SpeedlingAllIn,0,31777,124.5045,9,460,460,70,88,72,8,320,512,240,235,480,8942,64,73,19,4498,31807,1999,278,1721,260,11,268,8,0,2,15,31777,Overpool,SpeedlingAllIn,1Base;Hydralisk,false,31777
20260903-210912,KTNJC0B5,Tomas Cere,Protoss,(4)Icarus.scm,WIN,0,2026-09-03T22:57:02,2026-09-03T23:01:12,248.8,0.62,6d09bf8,False,True,ok,True,Infested Artosis,False,False,True,375,2100,3375,1150,False,725,300,0,1050,294,7056,1322,1200,0,0,32,34,4.037,9673.0,1788501665505,true,4,4Pool,4Pool,1Base;1GateCore,7070,968ba183-1e4d-449a-92d8-04f596f05b16,4Pool,1,7070,23.6428,5,6,6,18,42,24,8,320,512,240,20,6,269,24,24,7,191,7019,144,25,119,19,0,24,1,0,0,7,7070,4Pool,4Pool,1Base;1GateCore,true,7070
20260903-210912,KTNJC06U,Ecgberht,Terran,(4)FightingSpirit.scx,LOSS,0,2026-09-03T22:59:04,2026-09-03T23:04:00,294.1,0.62,6d09bf8,False,True,ok,True,Ecgberht,False,False,False,1305,4500,0,7450,True,2755,14350,3915,8425,686,16464,7186,7175,2208,1700,66,118,4.642,13244.0,1788501830472,false,4,12Hatch,3HatchLurker,1Base,16463,37c8cb51-8e28-4a9f-ba46-efbbc09e2bd9,3HatchLurker,0,16463,199.9938,12,67,101,30,60,31,8,320,512,240,27,108,1503,163,32,18,1345,16484,1325,168,1157,102,45,148,16,1,3,54,16463,12Hatch,3HatchLurker,1Base,false,16463
20260903-210912,KTNJC04Z,liongis,Zerg,(4)LaMancha1.1.scx,LOSS,0,2026-09-03T22:59:19,2026-09-03T23:03:06,224.7,0.62,6d09bf8,False,True,ok,True,liongis,False,False,False,375,1300,0,1550,True,780,2150,1125,2400,386,9264,1642,1500,0,0,30,50,5.169,13016.0,1788501777490,false,4,4Pool,4Pool,1Base,9271,d684c59d-2451-4ec9-8d4d-b61330f524d8,4Pool,0,9271,162.8503,8,35,35,26,26,26,8,320,512,240,26,41,795,34,27,8,731,9297,243,58,185,25,38,33,25,0,0,11,9271,4Pool,4Pool,1Base,false,9271
20260903-210912,KTNJC00N,Dave Churchill,Random,(4)Icarus.scm,LOSS,0,2026-09-03T22:59:54,2026-09-03T23:03:55,239.4,0.62,6d09bf8,False,True,ok,True,Dave Churchill,False,False,False,700,200,0,1900,True,940,2900,3000,2600,383,9192,2834,2800,360,100,37,52,5.024,14278.0,1788501829507,false,4,Overpool,SpeedlingAllIn,1Base,9209,7210bbd5-dbd9-401a-8586-dce0fd97a527,SpeedlingAllIn,0,9209,98.8039,5,27,27,2,4,2,8,320,512,240,23,49,483,65,2,6,532,9210,315,50,265,40,7,43,6,0,1,11,9209,Overpool,SpeedlingAllIn,1Base,false,9209
20260903-210912,KTNJC0B6,Tomas Cere,Protoss,(4)Jade.scx,WIN,0,2026-09-03T23:01:12,2026-09-03T23:05:08,233.7,0.62,6d09bf8,False,True,ok,True,Infested Artosis,False,False,True,375,3000,4575,1500,False,725,350,0,1500,373,8952,1610,1450,0,0,41,50,2.593,8985.0,1788501897948,true,4,4Pool,4Pool,1Base,8961,30e125f5-d83b-4fee-8fba-cd6d78353418,4Pool,1,8961,26.4709,7,7,7,25,60,32,8,320,512,240,25,7,331,32,32,7,340,8919,187,31,156,24,0,30,1,0,0,7,8961,4Pool,4Pool,1Base,true,8961
20260903-210912,KTNJC02N,MadMixR,Random,(4)LaMancha1.1.scx,LOSS,0,2026-09-03T23:02:15,2026-09-03T23:07:48,330.4,0.62,6d09bf8,False,True,ok,True,MadMixR,False,False,False,5420,25450,300,25875,True,8215,46265,16260,30200,1277,30648,25018,25025,6656,6575,157,206,3.208,6419.0,1788502058126,false,4,12Pool,CrazyZerg,1Base;EarlyRush,30661,abbcf400-23a9-4f70-9816-1bec7202d1c8,CrazyZerg,0,30661,99.6408,55,254,361,100,290,130,8,320,512,240,111,427,4879,354,131,32,4258,30662,9285,2380,6905,375,2298,2283,84,2,11,51,30661,12Pool,CrazyZerg,1Base;EarlyRush,false,30661
20260903-210912,KTNJC050,liongis,Zerg,(4)Python.scx,LOSS,0,2026-09-03T23:03:06,2026-09-03T23:06:39,211.4,0.62,6d09bf8,False,True,ok,True,liongis,False,False,False,700,450,0,2150,True,780,3150,2100,2400,378,9072,2762,2550,416,100,38,52,3.505,8210.0,1788501989431,false,4,Overpool,SpeedlingAllIn,1Base,9085,0310ef06-8102-4803-8251-c12659e207cb,SpeedlingAllIn,0,9085,182.1495,7,39,39,9,9,9,8,320,512,240,28,55,643,32,10,8,741,9086,536,156,380,40,134,45,110,0,1,11,9085,Overpool,SpeedlingAllIn,1Base,false,9085
20260903-210912,KTNJC08Y,WillBot,Random,(2)Benzene.scx,LOSS,0,2026-09-03T23:03:11,2026-09-03T23:08:03,290.8,0.62,6d09bf8,False,True,ok,True,WillBot,False,False,False,455,3000,150,3550,True,4425,6600,1365,14150,963,23112,4194,3675,0,0,50,66,3.516,7592.0,1788502071919,false,2,4Pool,4Pool,2Gate;EarlyRush;1Base,23128,8d51c5c7-a65c-47fd-a7c0-9e1b7cca7ba1,4Pool,0,23128,216.4092,12,118,118,19,60,20,8,320,512,240,63,122,1516,178,20,16,1150,23150,824,138,686,67,82,123,15,0,0,10,23128,4Pool,4Pool,2Gate;EarlyRush;1Base,false,23128
20260903-210912,KTNJC00O,Dave Churchill,Random,(4)Jade.scx,LOSS,0,2026-09-03T23:03:55,2026-09-03T23:08:39,281.7,0.62,6d09bf8,False,True,ok,True,Dave Churchill,False,False,False,900,1500,0,3550,True,1925,5800,2700,6950,649,15576,4362,4250,272,125,44,52,4.557,9722.0,1788502111226,false,4,Overpool,SpeedlingAllIn,2Gate;EarlyRush;1Base,15595,17cbb5ea-995e-4cd6-8c4e-1d015dfb9064,SpeedlingAllIn,0,15595,161.6904,15,110,110,8,30,8,8,320,512,240,57,115,1264,102,8,8,1322,15625,907,88,819,72,16,76,10,0,2,13,15595,Overpool,SpeedlingAllIn,2Gate;EarlyRush;1Base,false,15595
20260903-210912,KTNJC06V,Ecgberht,Terran,(4)Icarus.scm,WIN,0,2026-09-03T23:04:00,2026-09-03T23:09:29,326.7,0.62,6d09bf8,False,True,ok,True,Infested Artosis,False,False,True,1985,26700,10215,23725,False,3405,17550,0,13350,1063,25512,20334,18275,7088,6100,233,264,3.725,10075.0,1788502160679,true,4,12Hatch,3HatchLurker,1Base,25515,d20f1157-9f81-4c9b-9070-72dfa6fe0665,3HatchLurker,1,25515,143.3858,12,123,170,191,382,239,8,320,512,240,57,125,2876,238,237,18,2263,25478,1963,307,1656,262,40,267,31,1,8,42,25515,12Hatch,3HatchLurker,1Base,true,25515
20260903-210912,KTNJC0CW,VOID,Terran,(2)HeartbreakRidge.scx,LOSS,0,2026-09-03T23:04:13,2026-09-03T23:10:02,347.6,0.62,6d09bf8,False,True,ok,True,VOID,False,False,False,5000,4700,150,15275,True,5440,26450,16245,13500,1399,33576,19938,19326,3456,2726,129,152,3.522,9973.0,1788502193429,false,2,12Hatch,CrazyZerg,EarlyRush;1Base,33575,a5467fd6-dc58-4437-8c74-817a7aa04cdd,CrazyZerg,0,33575,204.4807,60,205,247,44,88,56,8,320,512,240,94,337,6731,306,49,18,3448,33576,10439,2496,7943,285,2539,2389,96,3,8,49,33575,12Hatch,CrazyZerg,EarlyRush;1Base,false,33575
20260903-210912,KTNJC0B7,Tomas Cere,Protoss,(4)LaMancha1.1.scx,WIN,0,2026-09-03T23:05:08,2026-09-03T23:09:00,230.3,0.62,6d09bf8,False,True,ok,True,Infested Artosis,False,False,True,375,2700,4050,1550,False,1350,550,0,1350,386,9264,1730,1500,0,0,39,50,4.479,11462.0,1788502129980,true,4,4Pool,4Pool,1Base,9271,e3ae1a30-0cdc-4645-95ef-1e176150af82,4Pool,1,9271,26.7779,7,13,13,23,54,32,8,320,512,240,26,11,368,32,32,8,297,9218,181,31,150,25,0,30,1,0,0,7,9271,4Pool,4Pool,1Base,true,9271
20260903-210912,KTNJC051,liongis,Zerg,(4)Roadrunner.scx,WIN,0,2026-09-03T23:06:39,2026-09-03T23:10:10,209.4,0.62,6d09bf8,False,True,ok,True,Infested Artosis,False,False,True,375,4750,1380,1850,False,1260,1250,0,3150,476,11424,2154,1850,0,0,39,50,2.489,8258.0,1788502200383,true,4,4Pool,4Pool,1Base,11441,6aa09375-629c-47e1-9364-6bddd4b37907,4Pool,1,11441,222.4599,4,28,28,85,95,89,8,320,512,240,32,25,990,45,89,10,743,11431,223,38,185,32,0,37,1,0,0,7,11441,4Pool,4Pool,1Base,true,11441
20260903-210912,KTNJC02O,MadMixR,Random,(4)Python.scx,LOSS,0,2026-09-03T23:07:48,2026-09-03T23:13:34,344.7,0.62,6d09bf8,False,True,ok,True,MadMixR,False,False,False,4945,16250,450,27800,True,12125,66270,15735,32075,1343,32232,28938,28900,5880,4925,144,186,3.58,9184.0,1788502402666,false,4,12Pool,3HatchHydra,1Base,32242,112df0af-358d-4c59-9b0b-6fc67a0e370a,3HatchHydra,0,32242,158.7268,52,249,407,44,172,53,8,320,512,240,36,365,9406,358,51,23,3619,32243,5654,473,5181,387,79,385,79,0,9,58,32242,12Pool,3HatchHydra,1Base,false,32242
20260903-210912,KTNJC08Z,WillBot,Random,(2)Destination.scx,LOSS,0,2026-09-03T23:08:03,2026-09-03T23:13:59,354.1,0.62,6d09bf8,False,True,ok,True,WillBot,False,False,False,3745,14900,1500,21725,True,5475,45885,11235,29250,1547,37128,21358,21350,3640,3500,174,204,3.347,6411.0,1788502431685,false,2,Overpool,3HatchMuta,1Base;2Gate;EarlyRush,37140,0e61a839-0660-4267-ae50-27c474d4dac4,3HatchMuta,0,37140,217.3710,39,279,371,57,208,89,8,320,512,240,109,383,5330,238,68,17,3192,37141,8279,416,7863,315,100,350,62,0,4,60,37140,Overpool,3HatchMuta,1Base;2Gate;EarlyRush,false,37140
20260903-210912,KTNJC00P,Dave Churchill,Random,(4)LaMancha1.1.scx,WIN,0,2026-09-03T23:08:39,2026-09-03T23:12:24,223.6,0.62,6d09bf8,False,True,ok,True,Infested Artosis,False,False,True,660,2800,1200,2050,False,400,1500,0,1800,461,11064,2946,2800,544,350,35,50,3.983,10881.0,1788502336122,true,4,Overpool,1HatchSpire,EarlyRush;1Base,11069,71897f95-7510-42ea-8fcc-d3826c47a3b4,1HatchSpire,1,11069,205.7906,5,30,30,48,56,51,8,320,512,240,30,31,977,26,51,6,735,11032,357,47,310,44,3,38,8,0,1,15,10963,Overpool,1HatchSpire,EarlyRush;1Base,true,11069
20260903-210912,KTNJC0B8,Tomas Cere,Protoss,(4)Python.scx,WIN,0,2026-09-03T23:09:00,2026-09-03T23:13:12,250.9,0.62,6d09bf8,False,True,ok,True,Infested Artosis,False,False,True,375,2400,2925,1450,False,975,700,0,1200,383,9192,1754,1450,0,0,34,34,4.066,11236.0,1788502384064,true,4,4Pool,4Pool,1Base,9209,21fbc469-0362-4a87-a803-d157defeddae,4Pool,1,9209,31.5757,5,14,14,21,48,26,8,320,512,240,26,14,329,26,26,5,235,9157,180,30,150,24,0,29,1,0,0,7,9209,4Pool,4Pool,1Base,true,9209
20260903-210912,KTNJC06W,Ecgberht,Terran,(4)Jade.scx,LOSS,0,2026-09-03T23:09:29,2026-09-03T23:14:02,272.1,0.62,6d09bf8,False,True,ok,True,Ecgberht,False,False,False,1410,5600,0,7200,True,3080,13550,4230,9125,710,17040,7418,7400,2000,1850,68,86,4.103,10930.0,1788502433871,false,4,12Hatch,3HatchLurker,1Base,17052,a9623278-d6db-4f11-a549-5378c8966347,3HatchLurker,0,17052,173.0817,10,74,102,38,76,40,8,320,512,240,31,109,1448,171,40,18,1463,17053,986,156,830,105,39,132,20,1,3,38,17052,12Hatch,3HatchLurker,1Base,false,17052
20260903-210912,KTNJC0CX,VOID,Terran,(3)NeoMoonGlaive.scx,LOSS,0,2026-09-03T23:10:02,2026-09-03T23:18:26,501.8,0.62,6d09bf8,False,True,ok,True,VOID,False,False,False,7155,13050,300,20800,True,5390,35900,26415,16525,2507,60168,38238,30225,10750,2050,114,174,3.822,9670.0,1788502696126,false,3,12Hatch,CrazyZerg,1Base,60173,f093d276-4245-4619-be71-d9dafe030c3c,CrazyZerg,0,60173,124.2731,82,245,278,122,244,127,8,320,512,240,113,479,11213,381,153,19,4802,60174,4037,606,3431,430,167,416,183,0,7,35,60173,12Hatch,CrazyZerg,1Base,false,60173
20260903-210912,KTNJC052,liongis,Zerg,(2)Benzene.scx,LOSS,0,2026-09-03T23:10:10,2026-09-03T23:14:20,248.2,0.62,6d09bf8,False,True,ok,True,liongis,False,False,False,1340,5650,0,5600,True,1665,10350,4020,10100,714,17136,6954,6875,352,200,54,70,3.652,10838.0,1788502453140,false,2,Overpool,SpeedlingAllIn,Hydralisk,17145,020745fc-1f25-418e-a2b2-1c11230b7528,SpeedlingAllIn,0,17145,209.0948,21,187,187,71,78,72,8,320,512,240,82,178,2216,41,73,10,2717,17174,970,123,847,109,10,112,9,0,2,11,17145,Overpool,SpeedlingAllIn,Hydralisk,false,17145
20260903-210912,KTNJC00Q,Dave Churchill,Random,(4)Python.scx,WIN,0,2026-09-03T23:12:24,2026-09-03T23:16:31,244.7,0.62,6d09bf8,False,True,ok,True,Infested Artosis,False,False,True,1590,4540,2400,4900,False,500,2800,0,2400,790,18960,4730,4725,1256,1150,50,54,2.541,7860.0,1788502582220,true,4,Overpool,1HatchSpire,EarlyRush;1Base,18974,3f6617bd-2757-4d75-9136-56d01b96ed4c,1HatchSpire,1,18974,216.8122,6,62,62,60,74,68,8,320,512,240,38,57,1748,29,68,7,1183,18943,544,91,453,64,7,75,13,0,3,28,18974,Overpool,1HatchSpire,EarlyRush;1Base,true,18974
20260903-210912,KTNJC0B9,Tomas Cere,Protoss,(4)Roadrunner.scx,WIN,0,2026-09-03T23:13:13,2026-09-03T23:16:37,202.6,0.62,6d09bf8,False,True,ok,True,Infested Artosis,False,False,True,375,2800,3375,1450,False,1125,800,0,1400,378,9072,1570,1500,0,0,34,34,3.026,6995.0,1788502589594,true,4,4Pool,4Pool,1Base,9085,705530ba-0622-4a85-8608-a497ccd8c1ba,4Pool,1,9085,31.4921,8,15,15,24,56,30,8,320,512,240,25,15,361,31,31,7,271,9033,278,31,247,25,0,30,1,0,0,8,9085,4Pool,4Pool,1Base,true,9085
20260903-210912,KTNJC02P,MadMixR,Random,(4)Roadrunner.scx,WIN,0,2026-09-03T23:13:34,2026-09-03T23:17:53,257.0,0.62,6d09bf8,False,True,ok,True,Infested Artosis,False,False,True,830,6550,4620,6300,False,1540,1500,0,3575,775,18600,5626,5150,2632,2175,98,98,3.622,9573.0,1788502664300,true,4,Overpool,1HatchSpire,1Base;Hydralisk,18602,2ad0e4b1-6f26-4129-9ce5-e9195d2aab22,1HatchSpire,1,18602,216.6163,15,31,31,53,78,71,8,320,512,240,34,31,1148,20,72,10,960,18561,500,70,430,66,2,60,6,0,4,19,18602,Overpool,1HatchSpire,1Base;Hydralisk,true,18602
20260903-210912,KTNJC090,WillBot,Random,(2)HeartbreakRidge.scx,WIN,0,2026-09-03T23:13:59,2026-09-03T23:17:11,190.5,0.62,6d09bf8,False,True,ok,True,Infested Artosis,False,False,True,375,2000,1500,1000,False,600,150,0,1000,252,6048,1106,1000,0,0,31,34,5.107,10969.0,1788502621290,true,2,4Pool,4Pool,1Base,6047,b56ef4e3-077e-4e7f-898a-58a20b197e80,4Pool,1,6047,115.9750,1,3,3,20,40,23,8,320,512,240,17,3,241,25,23,6,116,6008,133,23,110,16,0,22,1,0,0,7,6047,4Pool,4Pool,1Base,true,6047
20260903-210912,KTNJC06X,Ecgberht,Terran,(4)LaMancha1.1.scx,WIN,0,2026-09-03T23:14:02,2026-09-03T23:18:33,269.1,0.62,6d09bf8,False,True,ok,True,Infested Artosis,False,False,True,1490,26000,7260,17100,False,2305,12100,0,13000,937,22488,15794,15275,5704,5025,172,198,3.014,11954.0,1788502705243,true,4,12Hatch,3HatchLurker,1Base,22508,da0ca92b-3dc8-4c9b-8a6c-7cfcef7e7781,3HatchLurker,1,22508,191.6392,4,97,124,176,352,205,8,320,512,240,49,100,2466,205,205,15,1938,22474,1484,236,1248,201,24,207,20,1,8,37,22508,12Hatch,3HatchLurker,1Base,true,22508
20260903-210912,KTNJC053,liongis,Zerg,(2)Destination.scx,LOSS,0,2026-09-03T23:14:20,2026-09-03T23:17:43,202.4,0.62,6d09bf8,False,True,ok,True,liongis,False,False,False,375,450,0,1400,True,780,1650,1125,2000,350,8400,1482,1400,0,0,27,50,4.384,10751.0,1788502654277,false,2,4Pool,4Pool,1Base,8403,f73eac52-e950-4e36-8d89-c7aaf939b052,4Pool,0,8403,178.1282,7,26,26,8,9,8,8,320,512,240,23,31,691,26,9,8,639,8404,212,48,164,23,28,31,17,0,0,11,8403,4Pool,4Pool,1Base,false,8403
20260903-210912,KTNJC00R,Dave Churchill,Random,(4)Roadrunner.scx,WIN,0,2026-09-03T23:16:31,2026-09-03T23:20:25,232.4,0.62,6d09bf8,False,True,ok,True,Infested Artosis,False,False,True,1475,2300,1125,2900,False,375,2750,240,1500,626,15024,4106,4075,0,0,41,56,2.459,6777.0,1788502816884,true,4,Overpool,1HatchSpire,EarlyRush;1Base,15037,faae8907-df00-4875-8e42-e2419f06318b,1HatchSpire,1,15037,198.7624,17,61,61,41,46,43,8,320,512,240,46,58,1612,24,43,5,1295,14980,570,92,478,61,10,78,14,0,0,31,15037,Overpool,1HatchSpire,EarlyRush;1Base,true,15037
20260903-210912,KTNJC0BA,Tomas Cere,Protoss,(2)Benzene.scx,WIN,0,2026-09-03T23:16:37,2026-09-03T23:20:01,202.6,0.62,6d09bf8,False,True,ok,True,Infested Artosis,False,False,True,375,2900,4050,1500,False,1350,500,0,1450,374,8976,1650,1450,0,0,38,50,2.362,6512.0,1788502792534,true,2,4Pool,4Pool,1Base,8992,eb0bf8a0-df53-4741-aad7-5c0dab7f41ef,4Pool,1,8992,23.5095,8,11,11,24,58,33,8,320,512,240,25,10,350,33,33,8,297,8945,173,30,143,24,0,29,1,0,0,7,8992,4Pool,4Pool,1Base,true,8992
20260903-210912,KTNJC091,WillBot,Random,(3)NeoMoonGlaive.scx,LOSS,0,2026-09-03T23:17:11,2026-09-03T23:22:33,320.4,0.62,6d09bf8,False,True,ok,True,WillBot,False,False,False,1340,11650,0,14450,True,3275,28150,4020,25150,1427,34248,15722,15675,424,100,77,88,2.787,6641.0,1788502944021,false,3,Overpool,SpeedlingAllIn,1Base;Hydralisk,34257,8da564aa-7ac2-4935-8446-d2f8cecf85e4,SpeedlingAllIn,0,34257,154.1202,23,554,554,97,128,99,8,320,512,240,266,539,8263,79,101,19,5006,34283,1985,306,1679,289,9,296,8,0,2,16,34257,Overpool,SpeedlingAllIn,1Base;Hydralisk,false,34257
20260903-210912,KTNJC054,liongis,Zerg,(2)HeartbreakRidge.scx,WIN,0,2026-09-03T23:17:43,2026-09-03T23:20:58,193.2,0.62,6d09bf8,False,True,ok,True,Infested Artosis,False,False,True,700,1700,1260,1550,False,795,250,0,1600,272,6528,2082,2000,240,100,43,52,3.643,7913.0,1788502851202,true,2,Overpool,SpeedlingAllIn,1Base,6543,ba161c98-b2bf-4dbc-afbd-8ce5aa0cf2f8,SpeedlingAllIn,1,6543,130.4681,4,8,8,27,34,31,8,320,512,240,17,6,498,16,29,7,492,6503,221,36,185,29,0,32,3,0,1,11,6543,Overpool,SpeedlingAllIn,1Base,true,6543
20260903-210912,KTNJC02Q,MadMixR,Random,(2)Benzene.scx,LOSS,0,2026-09-03T23:17:53,2026-09-03T23:23:05,311.3,0.62,6d09bf8,False,True,ok,True,MadMixR,False,False,False,2020,8050,0,11200,True,4360,19665,6060,20900,1043,25032,9866,9850,2176,2100,85,104,3.801,8048.0,1788502973900,false,2,Overpool,1HatchSpire,Hydralisk,25050,773766d9-8850-4b81-9414-eff3be5cdd34,1HatchSpire,0,25050,161.4835,61,191,236,107,124,113,8,320,512,240,74,199,5719,86,117,18,3903,25081,1869,187,1682,148,26,155,29,0,3,33,25050,Overpool,1HatchSpire,Hydralisk,false,25050
20260903-210912,KTNJC0CY,VOID,Terran,(3)TauCross.scx,WIN,0,2026-09-03T23:18:26,2026-09-03T23:23:57,329.9,0.62,6d09bf8,False,True,ok,True,Infested Artosis,False,False,True,4230,41100,11745,30175,False,4140,26250,720,20000,1232,29568,32298,28300,10696,7650,289,350,4.075,10932.0,1788503026596,true,3,12Hatch,CrazyZerg,2RaxAcademy;1Base,29576,d6d6d243-cff7-4c73-8c44-c5a5af10f2ee,CrazyZerg,1,29576,138.2391,37,392,463,310,630,366,8,320,512,240,205,367,5839,366,360,18,4224,29544,9365,1919,7446,400,1763,350,52,1505,12,36,29576,12Hatch,CrazyZerg,2RaxAcademy;1Base,true,29576
20260903-210912,KTNJC06Y,Ecgberht,Terran,(4)Python.scx,WIN,0,2026-09-03T23:18:33,2026-09-03T23:23:31,296.3,0.62,6d09bf8,False,True,ok,True,Infested Artosis,False,False,True,1960,25250,8040,17000,False,2680,14450,0,12925,948,22752,16714,15350,4848,4775,196,216,3.891,12757.0,1788503000924,true,4,12Hatch,3HatchLurker,1Base,22756,f5710766-7586-4adf-88bd-18a038c97e5a,3HatchLurker,1,22756,135.0801,5,113,151,172,344,207,8,320,512,240,52,105,2655,210,208,18,2089,22721,1705,243,1462,217,26,214,20,1,8,43,22756,12Hatch,3HatchLurker,1Base,true,22756
20260903-210912,KTNJC0BB,Tomas Cere,Protoss,(2)Destination.scx,WIN,0,2026-09-03T23:20:01,2026-09-03T23:23:13,190.5,0.62,6d09bf8,False,True,ok,True,Infested Artosis,False,False,True,375,2200,1725,1300,False,575,550,0,1100,328,7872,1450,1250,0,0,33,34,3.984,8777.0,1788502986254,true,2,4Pool,4Pool,1Base,7876,882dbfc3-58c3-48c5-a969-ff656d1c6760,4Pool,1,7876,52.9003,4,11,11,19,44,23,8,320,512,240,23,11,288,23,23,5,200,7835,162,28,134,21,0,27,1,0,0,7,7876,4Pool,4Pool,1Base,true,7876
20260903-210912,KTNJC00S,Dave Churchill,Random,(2)Benzene.scx,LOSS,0,2026-09-03T23:20:25,2026-09-03T23:24:04,217.4,0.62,6d09bf8,False,True,ok,True,Dave Churchill,False,False,False,1215,1300,0,2750,True,1090,3950,3645,3550,481,11544,3850,3850,0,0,45,68,3.959,10708.0,1788503034247,false,2,Overpool,SpeedlingAllIn,1Base;EarlyRush,11565,1cf635a6-86b6-4a87-a506-ffa97c2791c5,SpeedlingAllIn,0,11565,164.9756,10,62,62,13,26,13,8,320,512,240,39,81,1071,88,13,6,891,11566,613,134,479,59,82,80,54,0,0,31,11565,Overpool,SpeedlingAllIn,1Base;EarlyRush,false,11565
20260903-210912,KTNJC055,liongis,Zerg,(3)NeoMoonGlaive.scx,LOSS,0,2026-09-03T23:20:58,2026-09-03T23:24:04,184.3,0.62,6d09bf8,False,True,ok,True,liongis,False,False,False,375,750,0,1500,True,780,2200,1125,2250,364,8736,1538,1450,0,0,28,50,3.586,9334.0,1788503037585,false,3,4Pool,4Pool,1Base,8744,d9c33b50-4168-441c-9863-5f62e9172218,4Pool,0,8744,250.4420,4,39,39,15,15,16,8,320,512,240,25,42,792,29,16,8,590,8745,206,41,165,24,19,33,8,0,0,11,8744,4Pool,4Pool,1Base,false,8744
20260903-210912,KTNJC092,WillBot,Random,(3)TauCross.scx,LOSS,0,2026-09-03T23:22:33,2026-09-03T23:27:01,265.8,0.62,6d09bf8,False,True,ok,True,WillBot,False,False,False,375,3900,0,4550,True,2950,8625,1125,19825,1241,29784,5378,4500,0,0,32,50,2.404,5706.0,1788503213474,false,3,4Pool,4Pool,1Base;Hydralisk,29793,56042bdc-4049-4dcc-94e5-01a6184c0c39,4Pool,0,29793,174.7572,23,163,163,44,53,44,8,320,512,240,86,166,3246,52,47,19,2540,29813,762,190,572,85,122,169,21,0,0,10,29793,4Pool,4Pool,1Base;Hydralisk,false,29793
20260903-210912,KTNJC02R,MadMixR,Random,(2)Destination.scx,LOSS,0,2026-09-03T23:23:05,2026-09-03T23:26:38,211.4,0.62,6d09bf8,False,True,ok,True,MadMixR,False,False,False,1000,1150,900,2950,True,1225,4250,3000,2800,507,12168,3818,3800,448,125,44,68,3.312,6662.0,1788503190186,false,2,Overpool,1HatchSpire,1Base,12185,654fd2f2-bf2b-47f6-a660-b805af1044d4,1HatchSpire,0,12185,163.5598,11,56,56,23,23,27,8,320,512,240,34,74,1311,39,26,9,1047,12186,866,93,773,61,27,71,21,0,1,22,12185,Overpool,1HatchSpire,1Base,false,12185
20260903-210912,KTNJC0BC,Tomas Cere,Protoss,(2)HeartbreakRidge.scx,WIN,0,2026-09-03T23:23:13,2026-09-03T23:26:34,199.3,0.62,6d09bf8,False,True,ok,True,Infested Artosis,False,False,True,375,2100,2925,1550,False,575,700,0,1050,392,9408,1562,1500,0,0,36,50,3.382,8081.0,1788503184956,true,2,4Pool,4Pool,1Base,9426,589800aa-8861-40ec-8089-7fa50fb98510,4Pool,1,9426,89.3201,6,12,12,18,42,23,8,320,512,240,25,13,307,23,23,5,268,9385,372,31,341,25,0,30,1,0,0,8,9426,4Pool,4Pool,1Base,true,9426
20260903-210912,KTNJC06Z,Ecgberht,Terran,(4)Roadrunner.scx,WIN,0,2026-09-03T23:23:31,2026-09-03T23:28:08,274.9,0.62,6d09bf8,False,True,ok,True,Infested Artosis,False,False,True,1685,14100,5640,12600,False,1880,8050,0,7050,807,19368,11714,11225,3856,3375,152,168,3.685,10558.0,1788503277270,true,4,12Hatch,3HatchLurker,1Base,19377,6d5cd720-ef76-47f7-bce1-7f9e6a477a52,3HatchLurker,1,19377,182.4296,3,57,74,103,206,127,8,320,512,240,34,61,1676,128,127,14,1384,19343,1822,179,1643,152,11,157,15,1,6,41,19377,12Hatch,3HatchLurker,1Base,true,19377
20260903-210912,KTNJC0CZ,VOID,Terran,(4)Andromeda.scx,LOSS,0,2026-09-03T23:23:57,2026-09-03T23:30:19,381.4,0.62,6d09bf8,False,True,ok,True,VOID,False,False,False,6375,10900,150,19450,True,6090,34580,23700,16575,1679,40296,26490,26475,3416,2075,103,126,3.338,11065.0,1788503411052,false,4,12Hatch,CrazyZerg,1Base,40302,6b08e5ab-910a-4042-a6f4-527a7b86465e,CrazyZerg,0,40302,165.0784,34,239,280,98,196,102,8,320,512,240,108,435,7631,387,128,19,4366,40303,4431,481,3950,381,95,352,125,0,4,47,40302,12Hatch,CrazyZerg,1Base,false,40302
20260903-210912,KTNJC00T,Dave Churchill,Random,(2)Destination.scx,LOSS,0,2026-09-03T23:24:04,2026-09-03T23:29:05,299.0,0.62,6d09bf8,False,True,ok,True,Dave Churchill,False,False,False,1655,8300,0,7200,True,3225,10010,4965,13200,881,21144,7898,7775,1488,1400,60,100,3.324,10740.0,1788503334320,false,2,Overpool,3HatchMuta,1Base;2Gate;EarlyRush,21144,78552bb5-5b44-402b-93e4-6cc5b188dc3a,3HatchMuta,0,21144,168.6136,18,117,129,39,154,56,8,320,512,240,62,150,1951,167,39,10,1618,21145,2093,224,1869,119,116,192,28,0,4,66,21144,Overpool,3HatchMuta,1Base;2Gate;EarlyRush,false,21144
20260903-210912,KTNJC056,liongis,Zerg,(3)TauCross.scx,LOSS,0,2026-09-03T23:24:04,2026-09-03T23:27:53,227.6,0.62,6d09bf8,False,True,ok,True,liongis,False,False,False,1000,1750,0,3000,True,1080,4350,3000,3350,465,11160,3906,3700,608,100,52,70,5.016,11135.0,1788503264881,false,3,Overpool,SpeedlingAllIn,1Base,11162,3b500e7f-ad90-4f62-a0b8-b276d9bd0b39,SpeedlingAllIn,0,11162,148.5374,12,69,69,35,35,36,8,320,512,240,43,81,1484,48,36,8,1202,11163,425,72,353,57,8,64,7,0,1,13,11162,Overpool,SpeedlingAllIn,1Base,false,11162
20260903-210912,KTNJC0BD,Tomas Cere,Protoss,(3)NeoMoonGlaive.scx,WIN,0,2026-09-03T23:26:34,2026-09-03T23:29:49,193.2,0.62,6d09bf8,False,True,ok,True,Infested Artosis,False,False,True,375,2500,3900,1450,False,1300,300,0,1250,359,8616,1618,1400,0,0,40,50,3.212,8203.0,1788503379905,true,3,4Pool,4Pool,1Base,8620,83efdffd-357b-4eb9-a5e3-c19712ccfdef,4Pool,1,8620,38.6800,5,6,6,21,50,29,8,320,512,240,24,6,317,29,29,8,251,8582,179,29,150,23,0,28,1,0,0,7,8620,4Pool,4Pool,1Base,true,8620
20260903-210912,KTNJC02S,MadMixR,Random,(2)HeartbreakRidge.scx,LOSS,0,2026-09-03T23:26:38,2026-09-03T23:32:58,377.9,0.62,6d09bf8,False,True,ok,True,MadMixR,False,False,False,6480,29550,3750,25950,True,10240,46875,46240,43175,1951,46824,30298,30238,4952,4738,119,170,2.97,8538.0,1788503570643,false,2,Overpool,CrazyZerg,1Base,46843,f16d9e91-660b-45dc-838f-ab881fd44a60,CrazyZerg,0,46843,206.2095,88,342,419,235,546,268,8,320,512,240,153,544,6622,435,242,27,5539,46863,5874,611,5263,461,146,455,143,2,11,62,46843,Overpool,CrazyZerg,1Base,false,46843
20260903-210912,KTNJC093,WillBot,Random,(4)Andromeda.scx,LOSS,0,2026-09-03T23:27:01,2026-09-03T23:31:52,290.1,0.62,6d09bf8,False,True,ok,True,WillBot,False,False,False,1705,11400,150,11750,True,5375,25110,5115,21600,1149,27576,12418,12375,1480,1250,91,102,3.386,11658.0,1788503501130,false,4,Overpool,3HatchHydra,1Base;2Gate;EarlyRush,27592,6cc0b722-4446-4481-9b6c-03598cda77cc,3HatchHydra,0,27592,184.8093,16,280,311,49,180,51,8,320,512,240,128,307,3476,225,51,16,2215,27568,9458,2198,7260,204,2318,2169,22,0,7,55,27592,Overpool,3HatchHydra,1Base;2Gate;EarlyRush,false,27592
20260903-210912,KTNJC057,liongis,Zerg,(4)Andromeda.scx,LOSS,0,2026-09-03T23:27:53,2026-09-03T23:30:59,184.2,0.62,6d09bf8,False,True,ok,True,liongis,False,False,False,375,100,0,1250,True,700,2000,1125,1900,316,7584,1226,1200,0,0,25,34,4.497,11440.0,1788503451432,false,4,4Pool,4Pool,1Base,7597,9850372c-2b68-4431-bd3b-2905912a2cac,4Pool,0,7597,178.0374,8,37,37,1,2,1,8,320,512,240,22,38,628,23,2,6,516,7598,233,58,175,20,43,29,29,0,0,10,7597,4Pool,4Pool,1Base,false,7597
20260903-210912,KTNJC070,Ecgberht,Terran,(2)Benzene.scx,LOSS,0,2026-09-03T23:28:08,2026-09-03T23:31:53,223.7,0.62,6d09bf8,False,True,ok,True,Ecgberht,False,False,False,1305,2100,0,5050,True,2405,10050,3915,6500,626,15024,6954,6125,1536,1050,70,134,3.201,9498.0,1788503503334,false,2,12Hatch,3HatchLurker,1Base,15037,19521ea5-0967-4aee-b344-ce78e3414078,3HatchLurker,0,15037,177.2562,7,62,74,13,26,13,8,320,512,240,32,99,1099,134,15,16,1153,15059,891,154,737,85,59,117,33,1,3,43,15037,12Hatch,3HatchLurker,1Base,false,15037
20260903-210912,KTNJC00U,Dave Churchill,Random,(2)HeartbreakRidge.scx,LOSS,0,2026-09-03T23:29:05,2026-09-03T23:33:02,235.8,0.62,6d09bf8,False,True,ok,True,Dave Churchill,False,False,False,1200,3700,0,3400,True,2025,4500,3600,6950,687,16488,4690,4650,568,300,58,68,3.436,9622.0,1788503573897,false,2,Overpool,3HatchHydra,1Base;2Gate;EarlyRush,16494,261ae6ea-291b-4724-becd-cca3d346ae45,3HatchHydra,0,16494,167.5226,21,70,70,19,74,19,8,320,512,240,45,91,1440,105,19,8,1192,16495,4269,1089,3180,75,1162,1063,21,0,5,49,16494,Overpool,3HatchHydra,1Base;2Gate;EarlyRush,false,16494
20260903-210912,KTNJC0BE,Tomas Cere,Protoss,(3)TauCross.scx,WIN,0,2026-09-03T23:29:49,2026-09-03T23:33:01,190.6,0.62,6d09bf8,False,True,ok,True,Infested Artosis,False,False,True,375,2900,4950,1600,False,1250,550,0,1450,396,9504,1794,1550,0,0,41,50,3.7,9957.0,1788503572519,true,3,4Pool,4Pool,1Base,9519,2b1fd5d1-891d-408f-a107-7542e1079a71,4Pool,1,9519,33.4562,5,11,11,25,58,35,8,320,512,240,27,11,361,35,35,9,329,9480,190,33,157,26,0,32,1,0,0,7,9519,4Pool,4Pool,1Base,true,9519
20260903-210912,KTNJC0D0,VOID,Terran,(4)CircuitBreaker.scx,WIN,0,2026-09-03T23:30:19,2026-09-03T23:34:59,278.1,0.62,6d09bf8,False,True,ok,True,Infested Artosis,False,False,True,5015,31950,10095,30700,False,3440,27400,1860,15750,1196,28704,31430,29625,10464,7825,304,304,3.132,9719.0,1788503690220,true,4,12Hatch,CrazyZerg,2RaxAcademy;1Base,28708,aae9d326-12b6-41cc-98a9-b143cb3abc58,CrazyZerg,1,28708,128.3418,16,291,379,247,502,296,8,320,512,240,163,300,5811,296,294,18,3567,28661,4070,413,3657,396,12,343,57,2,11,64,28708,12Hatch,CrazyZerg,2RaxAcademy;1Base,true,28708
20260903-210912,KTNJC058,liongis,Zerg,(4)CircuitBreaker.scx,WIN,0,2026-09-03T23:30:59,2026-09-03T23:34:05,184.7,0.62,6d09bf8,False,True,ok,True,Infested Artosis,False,False,True,1000,4750,2280,3300,False,1160,2350,0,3200,481,11544,4498,4450,440,100,67,70,2.511,7940.0,1788503636577,true,4,Overpool,SpeedlingAllIn,1Base,11565,3de9ad1e-2de8-4ad7-8278-04890da946e5,SpeedlingAllIn,1,11565,212.1891,5,52,52,74,95,78,8,320,512,240,48,48,1289,35,79,8,863,11549,563,78,485,67,1,71,6,0,1,11,11565,Overpool,SpeedlingAllIn,1Base,true,11565
20260903-210912,KTNJC094,WillBot,Random,(4)CircuitBreaker.scx,LOSS,0,2026-09-03T23:31:52,2026-09-03T23:36:11,257.1,0.62,6d09bf8,False,True,ok,True,WillBot,False,False,False,455,2300,0,3750,True,4875,6925,1365,16550,1010,24240,4410,3825,0,0,57,66,2.981,7563.0,1788503761583,false,4,4Pool,4Pool,1Base;2Gate;EarlyRush,24244,57880d57-410a-4c80-b24b-4e93b0c0b5c9,4Pool,0,24244,192.6254,11,118,118,11,40,11,8,320,512,240,67,127,1615,183,11,16,1131,24270,1199,274,925,70,237,242,32,0,0,10,24244,4Pool,4Pool,1Base;2Gate;EarlyRush,false,24244
20260903-210912,KTNJC071,Ecgberht,Terran,(2)Destination.scx,WIN,0,2026-09-03T23:31:53,2026-09-03T23:35:59,244.7,0.62,6d09bf8,False,True,ok,True,Infested Artosis,False,False,True,1385,20800,5790,13375,False,1930,8850,0,10350,828,19872,12946,11450,4544,3925,157,198,2.91,7162.0,1788503751628,true,2,12Hatch,3HatchLurker,1Base,19873,f7c9135a-c5be-48a6-af7c-0ab15b9861c2,3HatchLurker,1,19873,134.0440,4,73,93,139,278,165,8,320,512,240,44,76,2160,167,166,15,1405,19824,1344,201,1143,160,18,176,16,1,8,44,19873,12Hatch,3HatchLurker,1Base,true,19873
20260903-210912,KTNJC02T,MadMixR,Random,(3)NeoMoonGlaive.scx,LOSS,0,2026-09-03T23:32:58,2026-09-03T23:36:37,217.4,0.62,6d09bf8,False,True,ok,True,MadMixR,False,False,False,940,1600,0,1900,True,1300,2310,2820,4150,447,10728,2634,2625,304,100,35,52,4.057,8409.0,1788503787004,false,3,12Pool,3HatchHydra,EarlyRush;1Base;2Gate,10728,e1876b48-f0d9-4122-a7fa-16796626e257,3HatchHydra,0,10728,193.6580,3,27,27,8,32,8,8,320,512,240,23,43,472,76,8,8,472,10756,9217,3021,6196,40,3470,3000,20,0,1,30,10728,12Pool,3HatchHydra,EarlyRush;1Base;2Gate,false,10728
20260903-210912,KTNJC0BF,Tomas Cere,Protoss,(4)Andromeda.scx,WIN,0,2026-09-03T23:33:01,2026-09-03T23:36:40,217.6,0.62,6d09bf8,False,True,ok,True,Infested Artosis,False,False,True,375,2500,4575,1350,False,725,500,0,1250,350,8400,1370,1350,0,0,34,50,4.204,11287.0,1788503792536,true,4,4Pool,4Pool,1Base,8403,c4d9eeb6-7a7f-4311-9f55-6cef29c11d27,4Pool,1,8403,28.8674,6,8,8,21,50,28,8,320,512,240,21,9,307,28,28,7,251,8370,495,29,466,22,0,28,1,0,0,8,8403,4Pool,4Pool,1Base,true,8403
20260903-210912,KTNJC00V,Dave Churchill,Random,(3)NeoMoonGlaive.scx,LOSS,0,2026-09-03T23:33:02,2026-09-03T23:37:36,271.9,0.62,6d09bf8,False,True,ok,True,Dave Churchill,False,False,False,940,1300,0,3900,True,2225,6700,2820,8250,748,17952,4698,4650,152,0,36,36,3.269,9447.0,1788503844282,false,3,Overpool,3HatchMuta,EarlyRush;1Base;2Gate,17951,dd6fbd71-0ffd-4f9d-bb06-bde504d9a7c1,3HatchMuta,0,17951,212.3907,15,131,131,7,26,7,8,320,512,240,66,135,1468,116,7,8,1282,17952,3431,489,2942,82,457,457,31,0,1,55,17951,Overpool,3HatchMuta,EarlyRush;1Base;2Gate,false,17951
20260903-210912,KTNJC059,liongis,Zerg,(4)EmpireoftheSun.scm,LOSS,0,2026-09-03T23:34:05,2026-09-03T23:37:12,185.2,0.62,6d09bf8,False,True,ok,True,liongis,False,False,False,375,1800,0,1550,True,780,1900,1125,1750,390,9360,1738,1500,0,0,32,50,3.223,11295.0,1788503822603,false,4,4Pool,4Pool,1Base,9364,359d36cb-9bad-4944-a98a-d359092e6484,4Pool,0,9364,250.2778,9,32,32,25,36,25,8,320,512,240,26,35,658,21,26,8,569,9368,238,55,183,25,34,34,21,0,0,11,9364,4Pool,4Pool,1Base,false,9364
20260903-210912,KTNJC0D1,VOID,Terran,(4)EmpireoftheSun.scm,WIN,0,2026-09-03T23:34:59,2026-09-03T23:38:56,235.4,0.62,6d09bf8,False,True,ok,True,Infested Artosis,False,False,True,2800,20400,11595,20950,False,3390,22600,1200,10200,1047,25128,18438,18025,7232,6975,184,198,2.503,8938.0,1788503925606,true,4,12Hatch,CrazyZerg,2RaxAcademy;1Base,25143,cb1f6b6a-83e2-4903-a726-d1742945d3ab,CrazyZerg,1,25143,135.6739,25,190,284,163,328,205,8,320,512,240,100,186,3878,204,203,20,2071,25098,2854,246,2608,234,8,201,35,0,10,29,25143,12Hatch,CrazyZerg,2RaxAcademy;1Base,true,25143
20260903-210912,KTNJC072,Ecgberht,Terran,(2)HeartbreakRidge.scx,WIN,0,2026-09-03T23:35:59,2026-09-03T23:39:44,223.5,0.62,6d09bf8,False,True,ok,True,Infested Artosis,False,False,True,1465,9950,3990,7025,False,1330,3500,0,4975,594,14256,7498,7400,2032,2000,112,118,3.217,6852.0,1788503977859,true,2,12Hatch,3HatchLurker,1Base,14262,d7e9faf1-dcbe-48ae-9096-7718e0ec8a97,3HatchLurker,1,14262,140.0675,5,34,40,77,154,98,8,320,512,240,31,36,1203,98,97,12,908,14228,939,136,803,105,17,117,13,1,5,43,14262,12Hatch,3HatchLurker,1Base,true,14262
20260903-210912,KTNJC095,WillBot,Random,(4)EmpireoftheSun.scm,LOSS,0,2026-09-03T23:36:11,2026-09-03T23:42:58,404.9,0.62,6d09bf8,False,True,ok,True,WillBot,False,False,False,4940,29850,900,34050,True,5240,64995,14820,31800,1831,43944,27422,27375,9256,9125,130,166,3.62,10449.0,1788504170308,false,4,Overpool,CrazyZerg,2RaxAcademy;1Base,43960,bc7bffb9-557d-4071-812e-b00f41dab79a,CrazyZerg,0,43960,186.5221,40,361,585,172,378,203,8,320,512,240,156,456,10228,468,235,23,4759,43963,4420,470,3950,355,79,394,64,0,12,82,43960,Overpool,CrazyZerg,2RaxAcademy;1Base,false,43960
20260903-210912,KTNJC02U,MadMixR,Random,(3)TauCross.scx,LOSS,0,2026-09-03T23:36:37,2026-09-03T23:42:11,332.1,0.62,6d09bf8,False,True,ok,True,MadMixR,False,False,False,5045,22350,0,16950,True,8315,25165,15135,29425,1329,31896,17666,17725,4392,4175,100,136,3.544,10632.0,1788504122355,false,3,12Pool,CrazyZerg,1Base;EarlyRush,31901,4701c7b5-eb85-41d1-988d-f1999a412c43,CrazyZerg,0,31901,194.1402,69,182,215,80,246,103,8,320,512,240,85,286,3850,349,113,32,3510,31932,5101,593,4508,254,364,520,61,2,10,85,31901,12Pool,CrazyZerg,1Base;EarlyRush,false,31901
20260903-210912,KTNJC0BG,Tomas Cere,Protoss,(4)CircuitBreaker.scx,WIN,0,2026-09-03T23:36:40,2026-09-03T23:40:04,202.6,0.62,6d09bf8,False,True,ok,True,Infested Artosis,False,False,True,375,2600,2925,1250,False,575,600,0,1300,314,7536,1418,1250,0,0,28,34,4.303,10659.0,1788503996174,true,4,4Pool,4Pool,1Base,7535,78a958c5-aa67-4ce6-a69f-1e09eeed6a8d,4Pool,1,7535,45.6580,4,12,12,22,52,27,8,320,512,240,22,12,297,27,27,5,219,7500,150,26,124,20,0,25,1,0,0,7,7535,4Pool,4Pool,1Base,true,7535
20260903-210912,KTNJC05A,liongis,Zerg,(4)FightingSpirit.scx,LOSS,0,2026-09-03T23:37:12,2026-09-03T23:41:12,238.6,0.62,6d09bf8,False,True,ok,True,liongis,False,False,False,1040,7800,0,5400,True,1665,9300,3120,10050,696,16704,6418,6300,1008,125,54,70,3.32,9531.0,1788504063972,false,4,Overpool,SpeedlingAllIn,Hydralisk,16711,bdfa1874-fc36-483e-865a-4b7a6ee016e9,SpeedlingAllIn,0,16711,189.0315,20,184,184,78,91,78,8,320,512,240,86,174,2229,40,80,10,2462,16712,934,123,811,107,12,111,10,0,2,11,16711,Overpool,SpeedlingAllIn,Hydralisk,false,16711
20260903-210912,KTNJC00W,Dave Churchill,Random,(3)TauCross.scx,LOSS,0,2026-09-03T23:37:36,2026-09-03T23:42:54,317.4,0.62,6d09bf8,False,True,ok,True,Dave Churchill,False,False,False,1635,1750,900,2850,True,850,4200,4905,3300,1147,27528,4274,4275,0,0,37,56,3.505,11794.0,1788504166241,false,3,Overpool,1HatchSpire,EarlyRush;1Base;Hydralisk,27530,9000ad17-8297-433f-a418-5ec46d2ccc95,1HatchSpire,0,27530,157.6614,24,87,86,34,35,39,8,320,512,240,47,94,3160,32,36,9,1705,27531,2088,97,1991,63,24,77,20,0,0,36,27530,Overpool,1HatchSpire,EarlyRush;1Base;Hydralisk,false,27530
20260903-210912,KTNJC0D2,VOID,Terran,(4)FightingSpirit.scx,LOSS,0,2026-09-03T23:38:56,2026-09-03T23:44:09,311.1,0.62,6d09bf8,False,True,ok,True,VOID,False,False,False,3490,17550,450,22050,True,4990,39180,12195,19500,1349,32376,19358,19325,6920,6300,127,134,3.428,10046.0,1788504240069,false,4,12Hatch,CrazyZerg,2RaxAcademy;1Base,32397,1e6a3096-be17-4cb0-b8cf-678f73f5fad7,CrazyZerg,0,32397,199.8690,24,253,409,161,326,174,8,320,512,240,109,313,6813,420,173,20,3648,32407,2714,367,2347,259,89,288,67,0,12,39,32397,12Hatch,CrazyZerg,2RaxAcademy;1Base,false,32397
20260903-210912,KTNJC073,Ecgberht,Terran,(3)NeoMoonGlaive.scx,LOSS,0,2026-09-03T23:39:44,2026-09-03T23:44:15,269.4,0.62,6d09bf8,False,True,ok,True,Ecgberht,False,False,False,2005,16850,0,13725,True,5530,24050,7140,21700,1003,24072,13410,13395,4632,3970,98,118,3.028,9980.0,1788504247193,false,3,12Hatch,3HatchLurker,1Base;2RaxAcademy,24089,03bb51ae-1c66-43c2-bba3-8f800ef3d6a3,3HatchLurker,0,24089,201.9001,19,132,196,100,200,110,8,320,512,240,49,190,2880,360,116,19,2479,24120,2052,303,1749,197,97,250,44,1,8,48,24089,12Hatch,3HatchLurker,1Base;2RaxAcademy,false,24089
20260903-210912,KTNJC0BH,Tomas Cere,Protoss,(4)EmpireoftheSun.scm,WIN,0,2026-09-03T23:40:04,2026-09-03T23:43:41,214.8,0.62,6d09bf8,False,True,ok,True,Infested Artosis,False,False,True,375,3000,3525,1600,False,1175,750,0,1500,395,9480,1754,1550,0,0,37,50,3.9,12066.0,1788504212630,true,4,4Pool,4Pool,1Base,9488,77cd078e-1b0d-4850-bc76-cd8b372963f9,4Pool,1,9488,27.8543,3,15,15,25,60,32,8,320,512,240,27,15,363,32,32,7,290,9433,185,32,153,26,0,31,1,0,0,7,9488,4Pool,4Pool,1Base,true,9488
20260903-210912,KTNJC05B,liongis,Zerg,(4)Icarus.scm,WIN,0,2026-09-03T23:41:12,2026-09-03T23:44:46,212.3,0.62,6d09bf8,False,True,ok,True,Infested Artosis,False,False,True,375,900,0,800,False,400,0,0,800,187,4488,778,750,0,0,24,34,2.987,5870.0,1788504275793,true,4,4Pool,4Pool,,4497,ede5fdb1-0ab7-400c-955b-b0759719a02c,4Pool,1,4497,183.6228,3,0,0,9,18,9,8,320,512,240,13,0,162,6,10,5,182,4396,96,17,79,11,0,16,1,0,0,7,4497,4Pool,4Pool,,true,4497
20260903-210912,KTNJC02V,MadMixR,Random,(4)Andromeda.scx,WIN,0,2026-09-03T23:42:11,2026-09-03T23:47:01,287.4,0.62,6d09bf8,False,True,ok,True,Infested Artosis,False,False,True,4715,35340,19200,36625,False,6000,61800,0,17700,1143,27432,36090,32225,10912,7125,246,326,3.0,8805.0,1788504411075,true,4,12Pool,3HatchHydra,1Base,27437,05a5fe55-8950-4fcc-8de8-138deb5d54d1,3HatchHydra,1,27437,160.9969,10,242,408,127,430,220,8,320,512,240,42,248,4288,221,223,16,2431,27394,2842,438,2404,429,10,384,46,0,8,43,27319,12Pool,3HatchHydra,1Base,true,27437
20260903-210912,KTNJC00X,Dave Churchill,Random,(4)Andromeda.scx,LOSS,0,2026-09-03T23:42:54,2026-09-03T23:46:21,205.3,0.62,6d09bf8,False,True,ok,True,Dave Churchill,False,False,False,820,300,0,1550,True,1075,2000,2460,3400,417,10008,2010,2000,128,0,32,52,3.57,10040.0,1788504372838,false,4,Overpool,3HatchHydra,1Base;2Gate;EarlyRush,10015,b02d9b07-6310-47d0-b111-fde37993731d,3HatchHydra,0,10015,214.0907,4,25,24,2,6,2,8,320,512,240,18,38,361,57,2,5,487,10046,2729,772,1957,29,861,755,16,0,1,43,10015,Overpool,3HatchHydra,1Base;2Gate;EarlyRush,false,10015
20260903-210912,KTNJC096,WillBot,Random,(4)FightingSpirit.scx,LOSS,0,2026-09-03T23:42:58,2026-09-03T23:47:04,244.7,0.62,6d09bf8,False,True,ok,True,WillBot,False,False,False,375,1050,0,3600,True,3240,6550,1125,13550,984,23616,4458,3600,0,0,26,50,2.427,7407.0,1788504414844,false,4,4Pool,4Pool,1Base;2RaxAcademy,23624,b9809beb-48db-49ba-91e8-90fc445538c1,4Pool,0,23624,124.8446,20,92,92,9,18,9,8,320,512,240,67,125,2351,196,18,18,1607,23650,508,105,403,67,43,75,30,0,0,10,23624,4Pool,4Pool,1Base;2RaxAcademy,false,23624
20260903-210912,KTNJC0BI,Tomas Cere,Protoss,(4)FightingSpirit.scx,WIN,0,2026-09-03T23:43:41,2026-09-03T23:47:05,202.4,0.62,6d09bf8,False,True,ok,True,Infested Artosis,False,False,True,375,3700,6150,1700,False,1350,900,0,1850,426,10224,1946,1650,0,0,38,50,3.243,9790.0,1788504414830,true,4,4Pool,4Pool,1Base,10232,241e9ef2-e0ae-4650-82d1-fbe0480f04a5,4Pool,1,10232,70.8009,6,19,19,30,74,41,8,320,512,240,29,18,416,41,41,9,373,10185,197,34,163,28,0,33,1,0,0,7,10232,4Pool,4Pool,1Base,true,10232
20260903-210912,KTNJC0D3,VOID,Terran,(4)Icarus.scm,LOSS,0,2026-09-03T23:44:09,2026-09-03T23:49:00,290.0,0.62,6d09bf8,False,True,ok,True,VOID,False,False,False,2510,12350,0,23150,True,4365,41010,8430,17225,1172,28128,18114,17775,7480,6925,144,150,3.26,8323.0,1788504529811,false,4,12Hatch,CrazyZerg,2RaxAcademy;1Base,28150,ae9c0229-2715-4ada-ae09-bbceacccbffa,CrazyZerg,0,28150,214.6220,27,253,401,110,222,120,8,320,512,240,105,293,5785,355,136,20,3622,28170,2154,340,1814,230,93,269,61,0,10,37,28150,12Hatch,CrazyZerg,2RaxAcademy;1Base,false,28150
20260903-210912,KTNJC074,Ecgberht,Terran,(3)TauCross.scx,LOSS,0,2026-09-03T23:44:15,2026-09-03T23:48:49,271.6,0.62,6d09bf8,False,True,ok,True,Ecgberht,False,False,False,2455,14300,0,15325,True,4055,28700,7365,16350,1024,24576,14242,14200,3096,3025,114,154,2.915,9326.0,1788504518497,false,3,12Hatch,3HatchLurker,1Base,24585,0e5ca30a-7d88-435e-be6e-1b8b43f0737a,3HatchLurker,0,24585,237.5173,17,137,205,93,186,98,8,320,512,240,50,224,2582,278,103,19,2299,24605,2667,281,2386,215,58,242,33,1,5,41,24585,12Hatch,3HatchLurker,1Base,false,24585
20260903-210912,KTNJC05C,liongis,Zerg,(4)Jade.scx,LOSS,0,2026-09-03T23:44:46,2026-09-03T23:48:04,196.7,0.62,6d09bf8,False,True,ok,True,liongis,False,False,False,1000,250,0,2500,True,780,3400,3000,2700,407,9768,3274,3250,352,100,44,68,3.931,12333.0,1788504475890,false,4,Overpool,SpeedlingAllIn,1Base,9767,84666260-70a0-438a-a877-d5c4b4d1163c,SpeedlingAllIn,0,9767,185.8807,11,53,53,5,5,5,8,320,512,240,32,61,1106,34,6,8,1013,9786,346,62,284,48,7,55,6,0,1,13,9767,Overpool,SpeedlingAllIn,1Base,false,9767
20260903-210912,KTNJC00Y,Dave Churchill,Random,(4)CircuitBreaker.scx,LOSS,0,2026-09-03T23:46:21,2026-09-03T23:49:48,205.3,0.62,6d09bf8,False,True,ok,True,Dave Churchill,False,False,False,1155,1000,0,2500,True,990,4450,3465,3300,447,10728,3898,3600,720,375,44,68,2.545,6623.0,1788504578063,false,4,Overpool,2HatchMuta,1Base,10728,cf3d88a6-d88b-4276-b237-8e78b95b81ab,2HatchMuta,0,10728,179.3425,6,22,22,10,20,10,8,320,512,240,17,61,654,84,10,6,629,10729,698,121,577,53,52,96,23,0,2,46,10728,Overpool,2HatchMuta,1Base,false,10728
20260903-210912,KTNJC02W,MadMixR,Random,(4)CircuitBreaker.scx,LOSS,0,2026-09-03T23:47:01,2026-09-03T23:52:26,323.3,0.62,6d09bf8,False,True,ok,True,MadMixR,False,False,False,5000,15650,2400,26600,True,13600,66050,15900,31675,1250,30000,25934,25925,5744,5075,154,188,3.76,9451.0,1788504738751,false,4,Overpool,3HatchHydra,FFE;1Base,30010,6b223bcb-c53b-4a3c-b098-4dea4b1caedb,3HatchHydra,0,30010,156.9650,37,227,395,44,178,60,8,320,512,240,32,307,7105,363,54,23,3238,30016,3666,430,3236,315,91,327,95,0,8,52,30010,Overpool,3HatchHydra,FFE;1Base,false,30010
20260903-210912,KTNJC097,WillBot,Random,(4)Icarus.scm,LOSS,0,2026-09-03T23:47:04,2026-09-03T23:53:21,375.1,0.62,6d09bf8,False,True,ok,True,WillBot,False,False,False,1640,13700,0,36350,True,2950,66945,4920,28300,1733,41592,19570,19475,10260,10250,102,116,3.211,10270.0,1788504793759,false,4,Overpool,1HatchSpire,1Base;Hydralisk,41604,ee8809e0-da3a-4702-b061-d08aabbf8088,1HatchSpire,0,41604,139.9729,50,296,620,69,116,77,8,320,512,240,90,310,13436,58,73,19,4600,41605,4599,305,4294,252,46,274,27,0,4,30,41604,Overpool,1HatchSpire,1Base;Hydralisk,false,41604
20260903-210912,KTNJC0BJ,Tomas Cere,Protoss,(4)Icarus.scm,WIN,0,2026-09-03T23:47:05,2026-09-03T23:50:35,208.5,0.62,6d09bf8,False,True,ok,True,Infested Artosis,False,False,True,375,2400,4125,1350,False,575,750,0,1200,352,8448,1602,1350,0,0,33,34,3.683,10264.0,1788504625006,true,4,4Pool,4Pool,1Base,8465,f2ce81b6-2d90-400e-853f-63751effd2bc,4Pool,1,8465,29.8350,8,15,15,21,48,27,8,320,512,240,24,15,344,27,27,5,252,8412,171,30,141,23,0,29,1,0,0,7,8465,4Pool,4Pool,1Base,true,8465
20260903-210912,KTNJC05D,liongis,Zerg,(4)LaMancha1.1.scx,LOSS,0,2026-09-03T23:48:04,2026-09-03T23:51:14,187.6,0.62,6d09bf8,False,True,ok,True,liongis,False,False,False,375,750,0,1450,True,780,2100,1125,2250,354,8496,1490,1400,0,0,32,50,3.312,8744.0,1788504663914,false,4,4Pool,4Pool,1Base,8496,2c761d35-c449-4230-af04-07eabf0571ef,4Pool,0,8496,192.0576,8,37,37,15,15,15,8,320,512,240,24,40,625,29,16,8,609,8497,218,50,168,23,30,32,18,0,0,11,8496,4Pool,4Pool,1Base,false,8496
20260903-210912,KTNJC075,Ecgberht,Terran,(4)Andromeda.scx,WIN,0,2026-09-03T23:48:49,2026-09-03T23:53:37,286.9,0.62,6d09bf8,False,True,ok,True,Infested Artosis,False,False,True,1960,22250,7890,17400,False,2630,11450,0,11375,985,23640,17002,15250,4944,4625,204,216,3.593,11746.0,1788504808355,true,4,12Hatch,3HatchLurker,1Base,23655,d5d06cbb-9a9e-480f-8273-40ae3157660b,3HatchLurker,1,23655,164.2759,4,102,126,157,314,194,8,320,512,240,54,104,2562,195,194,19,1591,23613,1812,243,1569,218,18,208,26,1,8,40,23655,12Hatch,3HatchLurker,1Base,true,23655
20260903-210912,KTNJC0D4,VOID,Terran,(4)Jade.scx,LOSS,0,2026-09-03T23:49:00,2026-09-03T23:53:16,254.0,0.62,6d09bf8,False,True,ok,True,VOID,False,False,False,2435,1800,0,4950,True,4390,8210,9855,10400,913,21912,8266,8238,1312,788,56,70,3.451,10470.0,1788504788392,false,4,12Hatch,CrazyZerg,1Base,21919,ac9a43e4-ae4e-4aaa-a252-f2053072f51d,CrazyZerg,0,21919,185.0472,12,53,53,18,36,19,8,320,512,240,33,125,1828,235,23,19,1396,21920,1651,186,1465,111,59,132,50,0,4,43,21919,12Hatch,CrazyZerg,1Base,false,21919
20260903-210912,KTNJC00Z,Dave Churchill,Random,(4)EmpireoftheSun.scm,LOSS,0,2026-09-03T23:49:48,2026-09-03T23:54:29,278.6,0.62,6d09bf8,False,True,ok,True,Dave Churchill,False,False,False,915,850,0,2150,True,400,3020,3645,2050,1201,28824,3130,3150,0,0,33,52,2.612,13766.0,1788504858275,false,4,Overpool,1HatchSpire,EarlyRush;1Base,28832,0a6e7cec-a75e-43f2-9477-60c2a7bebfb4,1HatchSpire,0,28832,363.8539,10,53,53,16,17,16,8,320,512,240,33,66,1335,31,17,6,969,28833,459,79,380,46,31,61,18,0,0,28,28832,Overpool,1HatchSpire,EarlyRush;1Base,false,28832
20260903-210912,KTNJC0BK,Tomas Cere,Protoss,(4)Jade.scx,WIN,0,2026-09-03T23:50:35,2026-09-03T23:53:47,190.7,0.62,6d09bf8,False,True,ok,True,Infested Artosis,False,False,True,375,3500,4950,1600,False,1650,800,0,1750,403,9672,1746,1550,0,0,36,50,3.64,9157.0,1788504818156,true,4,4Pool,4Pool,1Base,9674,10eb8f25-24c4-4296-bade-c923aeedc78b,4Pool,1,9674,223.4481,5,17,17,29,70,39,8,320,512,240,27,16,384,40,40,9,362,9637,189,32,157,26,0,31,1,0,0,7,9674,4Pool,4Pool,1Base,true,9674
20260903-210912,KTNJC05E,liongis,Zerg,(4)Python.scx,LOSS,0,2026-09-03T23:51:14,2026-09-03T23:54:14,178.4,0.62,6d09bf8,False,True,ok,True,liongis,False,False,False,1000,450,0,2450,True,780,3250,3000,2700,410,9840,3370,3200,328,100,43,68,3.285,12693.0,1788504847856,false,4,Overpool,SpeedlingAllIn,1Base,9860,988609c6-7bb1-4d99-b3eb-c283e035b689,SpeedlingAllIn,0,9860,230.0443,15,46,46,9,9,9,8,320,512,240,32,59,899,33,10,8,959,9891,350,60,290,47,7,53,6,0,1,11,9860,Overpool,SpeedlingAllIn,1Base,false,9860
20260903-210912,KTNJC02X,MadMixR,Random,(4)EmpireoftheSun.scm,WIN,0,2026-09-03T23:52:26,2026-09-03T23:55:17,169.2,0.62,6d09bf8,False,True,ok,True,Infested Artosis,False,False,True,1260,2500,4350,2500,False,750,0,0,1250,378,9072,3730,3725,176,150,70,70,2.296,7692.0,1788504906873,true,4,12Pool,3HatchHydra,CannonRush;1Base,9085,c23461f9-03ad-46d8-9da6-6295bd98183b,3HatchHydra,1,9085,276.5798,7,0,0,25,50,38,8,320,512,240,28,1,599,39,39,6,333,9002,819,97,722,53,8,80,12,0,5,42,9085,12Pool,3HatchHydra,CannonRush;1Base,true,9085
20260903-210912,KTNJC0D5,VOID,Terran,(4)LaMancha1.1.scx,WIN,0,2026-09-03T23:53:16,2026-09-03T23:56:58,220.4,0.62,6d09bf8,False,True,ok,True,Infested Artosis,False,False,True,2600,8250,8295,9700,False,2715,7950,0,4125,693,16632,11226,10775,3264,3125,121,150,3.11,7265.0,1788505012059,true,4,12Hatch,CrazyZerg,2RaxAcademy;1Base,16649,a9b2badf-fe52-4769-8d8d-4ee3e5806ef1,CrazyZerg,1,16649,141.1321,9,68,95,74,148,106,8,320,512,240,52,71,1807,109,107,17,1106,16612,1079,159,920,145,7,124,29,0,6,26,16649,12Hatch,CrazyZerg,2RaxAcademy;1Base,true,16649
20260903-210912,KTNJC098,WillBot,Random,(4)Jade.scx,LOSS,0,2026-09-03T23:53:21,2026-09-03T23:58:21,299.0,0.62,6d09bf8,False,True,ok,True,WillBot,False,False,False,2450,16300,0,19325,True,5325,45550,7470,25100,1182,28368,19558,19275,4184,3525,150,202,3.404,7438.0,1788505093878,false,4,12Pool,3HatchHydra,1Base;2Gate;EarlyRush,28367,34cf4492-4404-46de-8bab-e6076c663724,3HatchHydra,0,28367,195.7313,10,266,352,63,254,73,8,320,512,240,93,334,4122,235,67,17,2363,28388,6436,1306,5130,281,1174,1241,57,0,8,49,28367,12Pool,3HatchHydra,1Base;2Gate;EarlyRush,false,28367
20260903-210912,KTNJC076,Ecgberht,Terran,(4)CircuitBreaker.scx,WIN,0,2026-09-03T23:53:37,2026-09-03T23:59:02,323.1,0.62,6d09bf8,False,True,ok,True,Infested Artosis,False,False,True,2505,34750,9390,18075,False,3055,17050,2460,17375,1174,28176,18690,17125,4832,4500,181,248,3.286,9165.0,1788505132526,true,4,12Hatch,3HatchLurker,1Base,28181,83ac7aca-f26f-4488-97d3-0c1de36890ef,3HatchLurker,1,28181,155.7663,13,122,153,241,482,292,8,320,512,240,54,145,3400,280,289,16,2655,28149,2417,256,2161,241,13,228,19,1,8,47,28181,12Hatch,3HatchLurker,1Base,true,28181
20260903-210912,KTNJC0BL,Tomas Cere,Protoss,(4)LaMancha1.1.scx,WIN,0,2026-09-03T23:53:47,2026-09-03T23:57:26,217.4,0.62,6d09bf8,False,True,ok,True,Infested Artosis,False,False,True,375,2800,3375,1350,False,725,500,0,1400,334,8016,1498,1350,0,0,34,50,4.433,10989.0,1788505036992,true,4,4Pool,4Pool,1Base,8031,47b0b60d-f978-4e6a-b315-c3d5081f6f9c,4Pool,1,8031,29.4032,5,10,10,23,56,29,8,320,512,240,22,10,322,29,29,7,251,7985,163,28,135,22,0,27,1,0,0,7,8031,4Pool,4Pool,1Base,true,8031
20260903-210912,KTNJC05F,liongis,Zerg,(4)Roadrunner.scx,LOSS,0,2026-09-03T23:54:14,2026-09-03T23:57:38,202.3,0.62,6d09bf8,False,True,ok,True,liongis,False,False,False,375,950,0,1400,True,700,1800,1125,2100,342,8208,1338,1300,0,0,30,50,4.678,10356.0,1788505048015,false,4,4Pool,4Pool,1Base,8217,a483c643-c9b0-49e1-96b0-4ac4023fffda,4Pool,0,8217,165.3651,9,30,30,18,19,18,8,320,512,240,23,34,693,26,19,6,606,8244,215,50,165,21,33,30,20,0,0,11,8217,4Pool,4Pool,1Base,false,8217
20260903-210912,KTNJC010,Dave Churchill,Random,(4)FightingSpirit.scx,LOSS,0,2026-09-03T23:54:29,2026-09-03T23:59:20,290.0,0.62,6d09bf8,False,True,ok,True,Dave Churchill,False,False,False,1435,1200,0,2600,True,800,3820,5205,3950,855,20520,3970,4000,0,0,41,56,3.357,10068.0,1788505151364,false,4,Overpool,1HatchSpire,EarlyRush;1Base,20524,de603dcb-cef1-4c92-9443-ff28780cf578,1HatchSpire,0,20524,220.9315,22,73,73,23,24,23,8,320,512,240,42,82,1858,41,24,8,1528,20525,3583,98,3485,54,35,77,21,0,0,33,20524,Overpool,1HatchSpire,EarlyRush;1Base,false,20524
20260903-210912,KTNJC02Y,MadMixR,Random,(4)FightingSpirit.scx,WIN,0,2026-09-03T23:55:17,2026-09-03T23:59:03,224.1,0.62,6d09bf8,False,True,ok,True,Infested Artosis,False,False,True,1155,10600,4035,7700,False,1345,3100,0,5000,644,15456,6842,6250,2736,2225,114,116,3.189,11132.0,1788505133982,true,4,Overpool,1HatchSpire,Hydralisk;1Base,15471,5cfa6dae-7215-4005-994a-d87e128c8b51,1HatchSpire,1,15471,260.9806,20,53,62,73,110,89,8,320,512,240,40,42,1671,24,90,11,1421,15417,869,85,784,83,1,74,8,0,3,17,15471,Overpool,1HatchSpire,Hydralisk;1Base,true,15471
20260903-210912,KTNJC0D6,VOID,Terran,(4)Python.scx,LOSS,0,2026-09-03T23:56:58,2026-09-04T00:06:28,568.0,0.62,6d09bf8,False,True,ok,True,VOID,False,False,False,6855,45050,5625,49450,True,7490,91835,24165,35525,2645,63480,46982,44875,14616,10025,184,204,4.568,9014.0,1788505580159,false,4,12Hatch,CrazyZerg,2RaxAcademy;1Base,63490,6494b51e-7ef4-48ba-b764-f5828d0bba9c,CrazyZerg,0,63490,103.0059,123,776,1025,408,820,475,8,320,512,240,337,895,20474,722,463,21,10173,63491,5723,750,4973,639,90,615,125,0,10,30,63490,12Hatch,CrazyZerg,2RaxAcademy;1Base,false,63490
20260903-210912,KTNJC0BM,Tomas Cere,Protoss,(4)Python.scx,WIN,0,2026-09-03T23:57:26,2026-09-04T00:00:41,193.3,0.62,6d09bf8,False,True,ok,True,Infested Artosis,False,False,True,375,2200,3375,1200,False,675,250,0,1100,295,7080,1322,1200,0,0,33,34,3.547,10404.0,1788505230977,true,4,4Pool,4Pool,1Base,7101,2e557416-f035-41a8-9e8c-e92c7a904d0b,4Pool,1,7101,26.9685,4,5,5,19,44,25,8,320,512,240,21,5,261,25,25,7,199,7052,144,25,119,19,0,24,1,0,0,7,7101,4Pool,4Pool,1Base,true,7101
20260903-210912,KTNJC05G,liongis,Zerg,(2)Benzene.scx,LOSS,0,2026-09-03T23:57:38,2026-09-04T00:01:41,241.7,0.62,6d09bf8,False,True,ok,True,liongis,False,False,False,1340,11600,0,7700,True,1640,14600,4020,12225,875,21000,8962,8875,384,100,60,72,2.698,7884.0,1788505291695,false,2,Overpool,SpeedlingAllIn,1Base;Hydralisk,21020,1e994984-9660-4820-93f8-1316833ec987,SpeedlingAllIn,0,21020,164.8684,23,356,356,87,112,87,8,320,512,240,128,269,3236,38,89,10,3742,21050,1078,165,913,154,9,155,8,0,2,11,21020,Overpool,SpeedlingAllIn,1Base;Hydralisk,false,21020
20260903-210912,KTNJC099,WillBot,Random,(4)LaMancha1.1.scx,LOSS,0,2026-09-03T23:58:21,2026-09-04T00:02:40,257.1,0.62,6d09bf8,False,True,ok,True,WillBot,False,False,False,375,900,0,3750,True,2325,6900,1125,15600,1015,24360,4722,3700,0,0,31,50,2.727,8401.0,1788505351497,false,4,4Pool,4Pool,1Base;Hydralisk,24368,12e8ae1f-9d90-4bf9-9a3c-4226d3ab2f65,4Pool,0,24368,168.7638,11,125,125,11,13,12,8,320,512,240,70,131,3677,43,13,19,2103,24397,846,258,588,69,220,232,26,0,0,10,24368,4Pool,4Pool,1Base;Hydralisk,false,24368
20260903-210912,KTNJC077,Ecgberht,Terran,(4)EmpireoftheSun.scm,LOSS,0,2026-09-03T23:59:02,2026-09-04T00:03:50,286.8,0.62,6d09bf8,False,True,ok,True,Ecgberht,False,False,False,1890,13300,0,11925,True,4155,21550,5670,16850,897,21528,11322,11051,3480,3076,92,118,3.652,11909.0,1788505420043,false,4,12Hatch,3HatchLurker,1Base;2RaxAcademy,21547,1bba70ac-649c-4b15-99de-8bd6c3bd7ef4,3HatchLurker,0,21547,163.0425,14,100,154,77,154,84,8,320,512,240,39,163,2253,285,88,20,2009,21548,1966,253,1713,167,73,197,47,1,8,42,21547,12Hatch,3HatchLurker,1Base;2RaxAcademy,false,21547
20260903-210912,KTNJC02Z,MadMixR,Random,(4)Icarus.scm,LOSS,0,2026-09-03T23:59:03,2026-09-04T00:04:40,335.3,0.62,6d09bf8,False,True,ok,True,MadMixR,False,False,False,2450,25600,150,29800,True,6690,57350,7350,36200,1396,33504,21086,20825,9200,8975,134,166,3.5,9273.0,1788505471235,false,4,Overpool,CrazyZerg,1Base,33513,282153dd-7e76-483b-8eb4-393876db1725,CrazyZerg,0,33513,233.8425,34,340,577,160,398,169,8,320,512,240,141,381,4845,364,170,28,3335,33541,3837,357,3480,276,57,298,47,0,12,45,33513,Overpool,CrazyZerg,1Base,false,33513
20260903-210912,KTNJC011,Dave Churchill,Random,(4)Icarus.scm,LOSS,0,2026-09-03T23:59:20,2026-09-04T00:03:03,221.2,0.62,6d09bf8,False,True,ok,True,Dave Churchill,False,False,False,835,1800,0,2550,True,1215,4550,2505,3050,471,11304,4258,3350,0,0,41,52,4.177,10558.0,1788505374449,false,4,Overpool,3HatchLurker,EarlyRush;1Base,11317,08f63149-8bc8-44b6-8d2f-7144be2690db,3HatchLurker,0,11317,163.9501,3,55,55,18,36,18,8,320,512,240,34,81,760,77,18,6,740,11318,9734,3017,6717,56,3447,2983,34,0,0,30,11317,Overpool,3HatchLurker,EarlyRush;1Base,false,11317
20260903-210912,KTNJC0BN,Tomas Cere,Protoss,(4)Roadrunner.scx,WIN,0,2026-09-04T00:00:41,2026-09-04T00:03:59,196.6,0.62,6d09bf8,False,True,ok,True,Infested Artosis,False,False,True,375,2500,3900,1450,False,1300,300,0,1250,354,8496,1562,1400,0,0,40,50,3.835,10193.0,1788505432204,true,4,4Pool,4Pool,1Base,8496,3e8401d9-25cf-4833-9e14-fec622ab5e0a,4Pool,1,8496,31.8129,6,7,7,21,50,29,8,320,512,240,24,6,306,29,29,8,253,8446,168,29,139,23,0,28,1,0,0,7,8496,4Pool,4Pool,1Base,true,8496
20260903-210912,KTNJC05H,liongis,Zerg,(2)Destination.scx,WIN,0,2026-09-04T00:01:41,2026-09-04T00:04:32,170.0,0.62,6d09bf8,False,True,ok,True,Infested Artosis,False,False,True,375,1750,1125,1000,False,675,100,0,1350,242,5808,1058,950,0,0,30,34,3.839,7909.0,1788505465165,true,2,4Pool,4Pool,1Base,5830,8ee0e410-3284-4eb7-86c5-31279e7c856a,4Pool,1,5830,159.0702,5,2,2,24,35,26,8,320,512,240,17,2,336,16,26,5,304,5797,123,22,101,15,0,21,1,0,0,7,5830,4Pool,4Pool,1Base,true,5830
20260903-210912,KTNJC09A,WillBot,Random,(4)Python.scx,WIN,0,2026-09-04T00:02:40,2026-09-04T00:06:34,232.7,0.62,6d09bf8,False,True,ok,True,Infested Artosis,False,False,True,2510,21000,5295,17650,False,2665,17900,0,9150,891,21384,15090,14875,6072,5975,168,182,2.775,8446.0,1788505586239,true,4,12Pool,CrazyZerg,2RaxAcademy;1Base,21392,7b31d877-8d80-4feb-84bb-9bf7bc35070e,CrazyZerg,1,21392,139.7754,6,134,202,142,298,164,8,320,512,240,78,139,3300,181,171,18,1726,21339,1934,208,1726,189,16,173,25,0,10,23,21392,12Pool,CrazyZerg,2RaxAcademy;1Base,true,21392
20260903-210912,KTNJC012,Dave Churchill,Random,(4)Jade.scx,LOSS,0,2026-09-04T00:03:03,2026-09-04T00:06:24,199.4,0.62,6d09bf8,False,True,ok,True,Dave Churchill,False,False,False,1000,900,0,2450,True,1140,4075,3000,3200,459,11016,3466,3450,376,100,44,68,2.76,7447.0,1788505576838,false,4,Overpool,SpeedlingAllIn,1Base,11038,07597187-a035-4bca-916c-6f91027c073f,SpeedlingAllIn,0,11038,117.7259,7,46,46,9,18,9,8,320,512,240,33,68,854,79,9,6,772,11039,461,65,396,52,7,58,6,0,1,11,11038,Overpool,SpeedlingAllIn,1Base,false,11038
20260903-210912,KTNJC078,Ecgberht,Terran,(4)FightingSpirit.scx,WIN,0,2026-09-04T00:03:50,2026-09-04T00:08:23,271.7,0.62,6d09bf8,False,True,ok,True,Infested Artosis,False,False,True,1985,24600,8115,16925,False,2655,11150,0,12300,968,23232,16238,15300,5040,4375,192,248,3.079,8213.0,1788505693543,true,4,12Hatch,3HatchLurker,1Base,23252,c15fd267-b2b5-4530-9b40-c4c3d7f25754,3HatchLurker,1,23252,192.8006,5,123,139,172,344,204,8,320,512,240,67,126,2778,204,204,18,2046,23221,1916,246,1670,221,24,216,21,1,8,48,23252,12Hatch,3HatchLurker,1Base,true,23252
20260903-210912,KTNJC0BO,Tomas Cere,Protoss,(2)Benzene.scx,WIN,0,2026-09-04T00:03:59,2026-09-04T00:07:27,205.5,0.62,6d09bf8,False,True,ok,True,Infested Artosis,False,False,True,375,2800,4050,1450,False,1350,450,0,1400,365,8760,1626,1450,0,0,39,50,3.857,9048.0,1788505637624,true,2,4Pool,4Pool,1Base,8775,556e04b6-7eb1-4f93-a4c9-5d906f410c23,4Pool,1,8775,29.1622,8,9,9,23,56,32,8,320,512,240,24,9,349,32,32,8,242,8737,184,30,154,24,0,29,1,0,0,7,8775,4Pool,4Pool,1Base,true,8775
20260903-210912,KTNJC05I,liongis,Zerg,(2)HeartbreakRidge.scx,WIN,0,2026-09-04T00:04:32,2026-09-04T00:07:35,181.1,0.62,6d09bf8,False,True,ok,True,Infested Artosis,False,False,True,700,1850,1020,1550,False,715,300,0,1750,277,6648,2138,2050,264,100,44,52,4.59,11665.0,1788505646909,true,2,Overpool,SpeedlingAllIn,1Base,6667,ea14b97c-1c9e-43b9-97f6-75c05f435919,SpeedlingAllIn,1,6667,138.9737,6,7,7,30,37,32,8,320,512,240,17,7,497,19,31,7,441,6603,227,37,190,30,0,33,3,0,1,11,6667,Overpool,SpeedlingAllIn,1Base,true,6667
20260903-210912,KTNJC030,MadMixR,Random,(4)Jade.scx,WIN,0,2026-09-04T00:04:40,2026-09-04T00:08:31,229.6,0.62,6d09bf8,False,True,ok,True,Infested Artosis,False,False,True,2190,15700,5175,13000,False,1875,9550,0,7850,804,19296,12722,12225,4632,4525,155,166,2.81,10622.0,1788505703843,true,4,12Pool,CrazyZerg,1Base,19315,9e39769f-6824-4ec4-9d40-30c703c905b5,CrazyZerg,1,19315,210.5653,14,108,138,131,262,147,8,320,512,240,64,107,2325,154,151,12,1844,19295,1512,184,1328,159,24,154,21,0,9,24,19315,12Pool,CrazyZerg,1Base,true,19315
20260903-210912,KTNJC013,Dave Churchill,Random,(4)LaMancha1.1.scx,WIN,0,2026-09-04T00:06:24,2026-09-04T00:10:57,271.7,0.62,6d09bf8,False,True,ok,True,Infested Artosis,False,False,True,1515,5200,2400,5850,False,800,3950,0,3250,771,18504,10658,9475,0,0,99,168,3.023,8504.0,1788505847385,true,4,Overpool,1HatchSpire,EarlyRush;1Base,18509,64b2c7ce-4234-47a8-a9c4-c15af5389e7b,1HatchSpire,1,18509,199.6816,10,80,80,80,104,84,8,320,512,240,61,81,2343,34,84,7,1746,18458,953,137,816,126,11,117,20,0,0,18,18409,Overpool,1HatchSpire,EarlyRush;1Base,true,18509
20260903-210912,KTNJC0D7,VOID,Terran,(4)Roadrunner.scx,WIN,0,2026-09-04T00:06:28,2026-09-04T00:11:49,320.2,0.62,6d09bf8,False,True,ok,True,Infested Artosis,False,False,True,3690,36150,13320,35300,False,4365,37600,0,17425,1201,28824,32078,29375,11664,9650,285,332,3.86,8292.0,1788505899882,true,4,12Hatch,CrazyZerg,EarlyRush;2RaxAcademy;1Base,28832,d9056b62-34c9-4367-8143-92e6c45554fd,CrazyZerg,1,28832,127.0599,18,402,540,273,562,324,8,320,512,240,209,377,5800,332,323,18,3894,28801,8007,1997,6010,395,1856,1740,43,202,12,26,28832,12Hatch,CrazyZerg,EarlyRush;2RaxAcademy;1Base,true,28832
20260903-210912,KTNJC09B,WillBot,Random,(4)Roadrunner.scx,LOSS,0,2026-09-04T00:06:34,2026-09-04T00:11:45,308.7,0.62,6d09bf8,False,True,ok,True,WillBot,False,False,False,3720,10100,0,21150,True,5525,41750,11160,26500,1232,29568,20098,20050,4136,4000,172,188,3.244,7882.0,1788505895321,false,4,12Pool,3HatchMuta,2Gate;EarlyRush;1Base,29576,4cf82353-6828-4c7b-b45c-c2c7023bc61a,3HatchMuta,0,29576,219.2071,30,268,370,39,154,42,8,320,512,240,104,344,4742,212,42,17,2637,29577,8216,1255,6961,291,1098,1190,61,0,4,58,29576,12Pool,3HatchMuta,2Gate;EarlyRush;1Base,false,29576
20260903-210912,KTNJC0BP,Tomas Cere,Protoss,(2)Destination.scx,WIN,0,2026-09-04T00:07:27,2026-09-04T00:11:03,214.6,0.62,6d09bf8,False,True,ok,True,Infested Artosis,False,False,True,375,2400,3075,1450,False,1025,700,0,1200,365,8760,1626,1450,0,0,34,50,3.865,9520.0,1788505854879,true,2,4Pool,4Pool,1Base,8775,ef2752a4-666f-4b11-b8c9-aaf6fe290055,4Pool,1,8775,37.2749,5,14,14,20,48,25,8,320,512,240,24,14,322,25,25,6,255,8719,177,30,147,24,0,29,1,0,0,7,8775,4Pool,4Pool,1Base,true,8775
20260903-210912,KTNJC05J,liongis,Zerg,(3)NeoMoonGlaive.scx,LOSS,0,2026-09-04T00:07:35,2026-09-04T00:11:05,208.5,0.62,6d09bf8,False,True,ok,True,liongis,False,False,False,375,1200,0,1500,True,780,2100,1125,2250,372,8928,1610,1500,0,0,28,50,4.486,9572.0,1788505855443,false,3,4Pool,4Pool,1Base,8930,8818b27e-b114-46a1-a8d2-66d7561adc53,4Pool,0,8930,174.7098,9,37,37,21,24,22,8,320,512,240,25,40,781,29,22,8,653,8943,211,44,167,25,21,33,11,0,0,11,8930,4Pool,4Pool,1Base,false,8930
20260903-210912,KTNJC079,Ecgberht,Terran,(4)Icarus.scm,WIN,0,2026-09-04T00:08:23,2026-09-04T00:13:06,281.6,0.62,6d09bf8,False,True,ok,True,Infested Artosis,False,False,True,1985,14850,8790,16750,False,2930,10150,0,7425,928,22272,15746,14550,5448,4675,202,232,3.02,13140.0,1788505976359,true,4,12Hatch,3HatchLurker,1Base,22291,c6d67236-5eaf-44d1-9393-b4cf99df8fbc,3HatchLurker,1,22291,158.0525,6,77,98,111,222,144,8,320,512,240,42,82,2105,144,142,16,1422,22255,1568,214,1354,204,9,184,21,1,8,42,22291,12Hatch,3HatchLurker,1Base,true,22291
20260903-210912,KTNJC031,MadMixR,Random,(4)LaMancha1.1.scx,LOSS,0,2026-09-04T00:08:31,2026-09-04T00:12:49,256.9,0.62,6d09bf8,False,True,ok,True,MadMixR,False,False,False,2450,12500,0,13800,True,6040,24580,7350,17275,891,21384,12538,12276,4936,4376,112,134,3.193,13325.0,1788505960466,false,4,12Pool,CrazyZerg,1Base;EarlyRush,21392,68454560-694b-4e12-9f44-8d3bc2d35db4,CrazyZerg,0,21392,276.4050,20,156,224,51,142,51,8,320,512,240,64,202,2443,247,51,22,2139,21419,2031,273,1758,168,79,220,41,0,12,35,21392,12Pool,CrazyZerg,1Base;EarlyRush,false,21392
20260903-210912,KTNJC014,Dave Churchill,Random,(4)Python.scx,LOSS,0,2026-09-04T00:10:57,2026-09-04T00:14:34,214.8,0.62,6d09bf8,False,True,ok,True,Dave Churchill,False,False,False,835,1000,0,2150,True,990,3250,3525,3150,427,10248,3258,3275,0,0,38,52,3.531,9088.0,1788506064459,false,4,Overpool,SpeedlingAllIn,EarlyRush;1Base,10263,5c503cdb-4781-43d0-8f8e-b75d90ef7182,SpeedlingAllIn,0,10263,121.2121,5,38,38,10,20,10,8,320,512,240,29,61,757,75,10,6,746,10264,532,88,444,49,39,62,26,0,0,22,10263,Overpool,SpeedlingAllIn,EarlyRush;1Base,false,10263
20260903-210912,KTNJC0BQ,Tomas Cere,Protoss,(2)HeartbreakRidge.scx,WIN,0,2026-09-04T00:11:03,2026-09-04T00:14:28,202.3,0.62,6d09bf8,False,True,ok,True,Infested Artosis,False,False,True,375,2400,3075,1400,False,625,650,0,1200,346,8304,1498,1350,0,0,31,50,3.074,6934.0,1788506058906,true,2,4Pool,4Pool,1Base,8310,ca59d47f-4ad3-4317-99a8-02dcf67f7438,4Pool,1,8310,26.9977,4,13,13,20,48,25,8,320,512,240,23,13,327,25,25,6,239,8256,177,28,149,22,0,27,1,0,0,7,8310,4Pool,4Pool,1Base,true,8310
20260903-210912,KTNJC05K,liongis,Zerg,(3)TauCross.scx,WIN,0,2026-09-04T00:11:05,2026-09-04T00:14:29,202.6,0.62,6d09bf8,False,True,ok,True,Infested Artosis,False,False,True,780,2900,1260,2200,False,1120,250,0,2150,361,8664,3050,2825,408,100,65,68,3.98,7692.0,1788506060769,true,3,Overpool,SpeedlingAllIn,1Base;EarlyRush,8682,bb9e4121-1ab6-491e-923b-d2da903b8eba,SpeedlingAllIn,1,8682,93.4504,12,5,5,49,58,52,8,320,512,240,27,6,635,26,52,8,797,8671,321,51,270,44,0,45,5,0,1,11,8682,Overpool,SpeedlingAllIn,1Base;EarlyRush,true,8682
20260903-210912,KTNJC09C,WillBot,Random,(2)Benzene.scx,LOSS,0,2026-09-04T00:11:45,2026-09-04T00:16:30,283.7,0.62,6d09bf8,False,True,ok,True,WillBot,False,False,False,375,4550,0,4500,True,2650,8300,1125,19075,1229,29496,5662,4450,0,0,34,50,2.669,9922.0,1788506181738,false,2,4Pool,4Pool,1Base;Hydralisk,29514,1e3dfe0d-e722-4394-ac58-89ffde3d0b83,4Pool,0,29514,227.1280,20,170,170,40,51,41,8,320,512,240,85,164,2897,55,43,19,2521,29525,670,151,519,84,77,122,29,0,0,10,29514,4Pool,4Pool,1Base;Hydralisk,false,29514
20260903-210912,KTNJC0D8,VOID,Terran,(2)Benzene.scx,WIN,0,2026-09-04T00:11:49,2026-09-04T00:17:08,317.2,0.62,6d09bf8,False,True,ok,True,Infested Artosis,False,False,True,4580,33750,13995,37600,False,4315,41850,240,17675,1246,29904,32942,30525,12384,10100,282,318,3.638,10176.0,1788506220513,true,2,12Hatch,CrazyZerg,1Base;2RaxAcademy,29917,acca6397-7d94-4190-a855-bcbe3d059703,CrazyZerg,1,29917,139.0377,27,395,538,258,520,329,8,320,512,240,203,378,6302,325,323,21,4057,29885,3235,434,2801,420,12,366,53,2,13,31,29917,12Hatch,CrazyZerg,1Base;2RaxAcademy,true,29917
20260903-210912,KTNJC032,MadMixR,Random,(4)Python.scx,WIN,0,2026-09-04T00:12:49,2026-09-04T00:16:22,211.2,0.62,6d09bf8,False,True,ok,True,Infested Artosis,False,False,True,1595,3500,1125,2350,False,375,1000,0,2000,519,12456,3754,3775,0,0,47,72,3.667,10050.0,1788506173770,true,4,12Pool,1HatchSpire,EarlyRush;1Base,12464,46518f7a-499c-4154-9a8e-ed2688bf0837,1HatchSpire,1,12464,185.1475,8,21,21,65,70,67,8,320,512,240,31,22,969,36,67,5,1051,12421,1114,73,1041,52,13,57,16,0,0,17,12464,12Pool,1HatchSpire,EarlyRush;1Base,true,12464
20260903-210912,KTNJC07A,Ecgberht,Terran,(4)Jade.scx,LOSS,0,2026-09-04T00:13:06,2026-09-04T00:17:01,232.5,0.62,6d09bf8,False,True,ok,True,Ecgberht,False,False,False,1545,3600,0,5050,True,2430,9350,4635,6775,648,15552,6338,6300,1200,1100,62,70,3.394,9461.0,1788506210386,false,4,12Hatch,3HatchLurker,1Base;2RaxAcademy,15564,41a9f0bb-770c-46b8-93c9-8ebb5beb06ef,3HatchLurker,0,15564,194.5293,7,71,81,25,50,27,8,320,512,240,35,107,1414,136,28,16,1030,15565,1106,161,945,92,48,139,18,1,3,52,15564,12Hatch,3HatchLurker,1Base;2RaxAcademy,false,15564
20260903-210912,KTNJC0BR,Tomas Cere,Protoss,(3)NeoMoonGlaive.scx,WIN,0,2026-09-04T00:14:28,2026-09-04T00:23:18,528.7,0.62,6d09bf8,False,True,ok,True,Infested Artosis,False,False,True,375,2800,3075,5750,False,625,400,0,1400,1472,35328,6374,5800,0,0,178,178,2.611,9833.0,1788506590241,true,3,4Pool,4Pool,1Base,35342,2c9503ed-8da5-47ac-ad54-315984d1b123,4Pool,1,35342,126.7394,3,8,8,23,56,31,8,320,512,240,94,8,831,28,28,6,244,35283,734,108,626,102,0,107,1,0,0,7,35342,4Pool,4Pool,1Base,true,35342
20260903-210912,KTNJC05L,liongis,Zerg,(4)Andromeda.scx,LOSS,0,2026-09-04T00:14:29,2026-09-04T00:17:41,190.2,0.62,6d09bf8,False,True,ok,True,liongis,False,False,False,375,0,0,1400,True,1080,1950,1125,2000,348,8352,1474,1400,0,0,26,50,4.1,12305.0,1788506252303,false,4,4Pool,4Pool,1Base,8372,0f81ec87-faa2-44ac-ab2c-29aa83631e65,4Pool,0,8372,213.3843,5,33,33,0,0,0,8,320,512,240,23,36,544,24,1,8,550,8373,181,33,148,23,7,31,2,0,0,11,8372,4Pool,4Pool,1Base,false,8372
20260903-210912,KTNJC015,Dave Churchill,Random,(4)Roadrunner.scx,LOSS,0,2026-09-04T00:14:34,2026-09-04T00:18:46,250.8,0.62,6d09bf8,False,True,ok,True,Dave Churchill,False,False,False,1435,2250,0,2650,True,500,4050,4305,2300,932,22368,3770,3800,0,0,35,70,2.43,10038.0,1788506319550,false,4,Overpool,1HatchSpire,EarlyRush;1Base,22384,bc515334-1684-4f45-a0ee-35262166a5fd,1HatchSpire,0,22384,221.2630,14,67,67,34,45,35,8,320,512,240,40,82,2108,30,35,7,1330,22385,1426,89,1337,54,32,70,19,0,0,37,22384,Overpool,1HatchSpire,EarlyRush;1Base,false,22384
20260903-210912,KTNJC033,MadMixR,Random,(4)Roadrunner.scx,LOSS,0,2026-09-04T00:16:22,2026-09-04T00:20:49,265.7,0.62,6d09bf8,False,True,ok,True,MadMixR,False,False,False,2610,9200,0,9700,True,5665,14440,9330,15950,887,21288,11274,11107,3360,3007,105,118,3.38,7589.0,1788506441629,false,4,12Pool,CrazyZerg,1Base,21299,f3ef0b4a-5cf9-4e81-9433-801488beffe8,CrazyZerg,0,21299,146.5597,27,113,134,37,110,45,8,320,512,240,52,174,2074,232,45,24,1868,21300,2342,245,2097,160,60,184,52,0,9,37,21299,12Pool,CrazyZerg,1Base,false,21299
20260903-210912,KTNJC09D,WillBot,Random,(2)Destination.scx,LOSS,0,2026-09-04T00:16:30,2026-09-04T00:21:58,326.5,0.62,6d09bf8,False,True,ok,True,WillBot,False,False,False,1340,10400,0,13700,True,3250,26530,4020,20325,1343,32232,15050,15025,360,200,88,104,3.486,7165.0,1788506507074,false,2,Overpool,SpeedlingAllIn,Hydralisk;1Base,32242,c64cc72b-a884-438e-afbe-fb13b026e7fb,SpeedlingAllIn,0,32242,170.1137,19,494,494,98,122,106,8,320,512,240,248,505,6903,78,101,19,5069,32267,1989,292,1697,274,11,279,11,0,2,10,32242,Overpool,SpeedlingAllIn,Hydralisk;1Base,false,32242
20260903-210912,KTNJC07B,Ecgberht,Terran,(4)LaMancha1.1.scx,LOSS,0,2026-09-04T00:17:01,2026-09-04T00:21:49,287.1,0.62,6d09bf8,False,True,ok,True,Ecgberht,False,False,False,1685,9450,0,9650,True,3480,17810,5055,11275,819,19656,8962,8950,2464,2350,83,104,4.037,10502.0,1788506502360,false,4,12Hatch,3HatchLurker,1Base,19656,98da8e1e-3360-4ce5-a232-3624ffe06c76,3HatchLurker,0,19656,175.9054,20,92,136,62,124,64,8,320,512,240,36,137,1955,200,64,18,1865,19686,1750,243,1507,130,84,208,30,1,4,50,19656,12Hatch,3HatchLurker,1Base,false,19656
20260903-210912,KTNJC0D9,VOID,Terran,(2)Destination.scx,WIN,0,2026-09-04T00:17:08,2026-09-04T00:22:57,347.6,0.62,6d09bf8,False,True,ok,True,Infested Artosis,False,False,True,5770,39800,12270,34950,False,4365,33650,2355,18800,1278,30672,38022,34050,11904,8600,319,352,4.231,12516.0,1788506569172,true,2,12Hatch,CrazyZerg,EarlyRush;1Base;2RaxAcademy,30692,e3531752-6e70-4b1f-b173-2e9f9448fbfd,CrazyZerg,1,30692,148.7739,33,435,582,308,630,386,8,320,512,240,212,407,7371,368,362,20,4928,30647,16794,4244,12550,481,4365,3194,79,958,13,48,30692,12Hatch,CrazyZerg,EarlyRush;1Base;2RaxAcademy,true,30692
20260903-210912,KTNJC05M,liongis,Zerg,(4)CircuitBreaker.scx,WIN,0,2026-09-04T00:17:41,2026-09-04T00:20:59,196.4,0.62,6d09bf8,False,True,ok,True,Infested Artosis,False,False,True,700,2100,1920,1550,False,755,150,0,1650,272,6528,2186,2050,296,100,47,52,5.137,11976.0,1788506452512,true,4,Overpool,SpeedlingAllIn,1Base,6543,11dd2a89-444a-4ba0-b571-4aaa0804fc5d,SpeedlingAllIn,1,6543,141.6301,2,3,3,31,42,35,8,320,512,240,17,4,507,16,34,8,326,6475,216,37,179,30,0,33,3,0,1,11,6543,Overpool,SpeedlingAllIn,1Base,true,6543
20260903-210912,KTNJC016,Dave Churchill,Random,(2)Benzene.scx,LOSS,0,2026-09-04T00:18:46,2026-09-04T00:22:59,251.2,0.62,6d09bf8,False,True,ok,True,Dave Churchill,False,False,False,940,1900,0,3350,True,1825,5050,2820,6250,639,15336,4210,4200,216,100,52,68,3.166,9885.0,1788506570641,false,2,Overpool,SpeedlingAllIn,1Base;2Gate;EarlyRush,15347,dff8c78c-00d2-4d25-9574-69bc1775fe49,SpeedlingAllIn,0,15347,182.7831,15,88,88,10,38,10,8,320,512,240,49,100,1177,93,10,8,1026,15377,1072,97,975,70,23,74,22,0,1,25,15347,Overpool,SpeedlingAllIn,1Base;2Gate;EarlyRush,false,15347
20260903-210912,KTNJC034,MadMixR,Random,(2)Benzene.scx,LOSS,0,2026-09-04T00:20:49,2026-09-04T00:25:14,263.0,0.62,6d09bf8,False,True,ok,True,MadMixR,False,False,False,1755,19200,300,10400,True,6800,22775,11265,22375,1079,25896,11426,11213,2072,1763,73,100,2.638,9092.0,1788506703454,false,2,12Pool,3HatchHydra,1Base;2Gate;EarlyRush,25918,71dd6623-d798-489c-add3-aaa3c017f59b,3HatchHydra,0,25918,230.0488,18,196,233,81,320,82,8,320,512,240,85,226,2318,266,82,20,2102,25932,7458,1825,5633,172,1921,1791,24,0,10,41,25918,12Pool,3HatchHydra,1Base;2Gate;EarlyRush,false,25918
20260903-210912,KTNJC05N,liongis,Zerg,(4)EmpireoftheSun.scm,LOSS,0,2026-09-04T00:20:59,2026-09-04T00:23:59,178.4,0.62,6d09bf8,False,True,ok,True,liongis,False,False,False,375,450,0,1450,True,1080,2100,1125,2150,360,8640,1546,1400,0,0,27,50,3.421,11416.0,1788506631059,false,4,4Pool,4Pool,1Base,8651,1f3f77c4-55bd-43e3-a971-e3a15e3fcce1,4Pool,0,8651,241.0999,4,34,34,9,9,10,8,320,512,240,24,40,794,27,10,8,609,8652,214,47,167,23,27,31,16,0,0,8,8651,4Pool,4Pool,1Base,false,8651
20260903-210912,KTNJC07C,Ecgberht,Terran,(4)Python.scx,WIN,0,2026-09-04T00:21:49,2026-09-04T00:25:46,235.3,0.62,6d09bf8,False,True,ok,True,Infested Artosis,False,False,True,1925,9400,4770,9175,False,1590,3800,0,4700,688,16512,9866,9525,2264,2125,144,152,3.033,10807.0,1788506735639,true,4,12Hatch,3HatchLurker,1Base,16525,b1a6aa25-5744-4f1e-a4ae-5f8fa65f0b52,3HatchLurker,1,16525,146.7957,5,51,55,75,150,96,8,320,512,240,37,54,1327,96,97,15,1100,16494,1613,157,1456,140,16,132,19,1,5,38,16525,12Hatch,3HatchLurker,1Base,true,16525
20260903-210912,KTNJC09E,WillBot,Random,(2)HeartbreakRidge.scx,WIN,0,2026-09-04T00:21:58,2026-09-04T00:24:55,175.2,0.62,6d09bf8,False,True,ok,True,Infested Artosis,False,False,True,375,1800,1500,1000,False,600,300,0,900,240,5760,1034,950,0,0,26,34,3.56,7650.0,1788506685906,true,2,4Pool,4Pool,1Base,5768,2e91a349-199a-4a39-85cf-17ce1d579cf2,4Pool,1,5768,159.4948,1,6,6,18,36,21,8,320,512,240,17,6,209,23,21,6,112,5713,127,22,105,15,0,21,1,0,0,7,5768,4Pool,4Pool,1Base,true,5768
20260903-210912,KTNJC0DA,VOID,Terran,(2)HeartbreakRidge.scx,LOSS,0,2026-09-04T00:22:57,2026-09-04T00:28:19,320.1,0.62,6d09bf8,False,True,ok,True,VOID,False,False,False,4480,11150,0,22325,True,5140,37980,14340,17475,1271,30504,22438,22400,6888,5950,135,186,3.397,8994.0,1788506890378,false,2,12Hatch,CrazyZerg,EarlyRush;1Base;2RaxAcademy,30506,e2670306-a8d1-4478-914c-59dcf43a4385,CrazyZerg,0,30506,161.1168,37,313,414,98,198,117,8,320,512,240,143,408,6727,366,113,21,4071,30510,11143,2685,8458,322,2703,2585,87,2,11,56,30506,12Hatch,CrazyZerg,EarlyRush;1Base;2RaxAcademy,false,30506
20260903-210912,KTNJC017,Dave Churchill,Random,(2)Destination.scx,LOSS,0,2026-09-04T00:22:59,2026-09-04T00:27:12,250.8,0.62,6d09bf8,False,True,ok,True,Dave Churchill,False,False,False,775,1250,0,2550,True,900,3450,3225,2850,655,15720,3786,3800,0,0,35,50,3.271,8908.0,1788506824324,false,2,12Pool,1HatchSpire,1Base;EarlyRush;Hydralisk,15719,efed3581-6d30-4fa9-b2ca-a2c84fa5d790,1HatchSpire,0,15719,207.6090,12,72,72,24,25,45,8,320,512,240,39,79,1825,36,25,8,1367,15735,705,106,599,62,44,71,35,0,0,25,15719,12Pool,1HatchSpire,1Base;EarlyRush;Hydralisk,false,15719
20260903-210912,KTNJC0BS,Tomas Cere,Protoss,(3)TauCross.scx,WIN,0,2026-09-04T00:23:18,2026-09-04T00:26:54,214.6,0.62,6d09bf8,False,True,ok,True,Infested Artosis,False,False,True,375,2400,3075,1200,False,1025,800,0,1200,343,8232,1186,1150,0,0,24,34,3.738,8891.0,1788506807922,true,3,4Pool,4Pool,1Base,8248,fef7cd65-9cf9-4f71-9055-550fb06f9964,4Pool,1,8248,25.8478,4,13,13,20,48,25,8,320,512,240,19,14,309,25,25,6,232,8208,295,28,267,20,0,27,1,0,0,8,8248,4Pool,4Pool,1Base,true,8248
20260903-210912,KTNJC05O,liongis,Zerg,(4)FightingSpirit.scx,LOSS,0,2026-09-04T00:23:59,2026-09-04T00:27:26,205.6,0.62,6d09bf8,False,True,ok,True,liongis,False,False,False,1000,1600,0,3050,True,1340,4600,3900,3950,475,11400,4042,4000,392,100,52,70,3.402,9901.0,1788506839094,false,4,Overpool,SpeedlingAllIn,1Base,11410,8195508b-ab48-428e-80d6-5363381706d8,SpeedlingAllIn,0,11410,216.6478,11,76,76,31,32,31,8,320,512,240,43,87,962,36,32,10,1144,11436,434,72,362,58,7,64,7,0,1,13,11410,Overpool,SpeedlingAllIn,1Base,false,11410
20260903-210912,KTNJC09F,WillBot,Random,(3)NeoMoonGlaive.scx,WIN,0,2026-09-04T00:24:55,2026-09-04T00:30:29,332.6,0.62,6d09bf8,False,True,ok,True,Infested Artosis,False,False,True,5065,23250,4995,26350,False,2240,33800,0,11175,1254,30096,23610,23525,7488,7275,178,178,3.82,8962.0,1788507020560,true,3,Overpool,CrazyZerg,2RaxAcademy;1Base,30103,6f8add6c-567d-48d4-96f9-208192544595,CrazyZerg,1,30103,136.7822,22,237,371,165,348,209,8,320,512,240,124,244,6463,218,212,19,2446,30008,2646,342,2304,307,4,280,49,2,11,77,30103,Overpool,CrazyZerg,2RaxAcademy;1Base,true,30103
20260903-210912,KTNJC035,MadMixR,Random,(2)Destination.scx,LOSS,0,2026-09-04T00:25:14,2026-09-04T00:29:11,235.6,0.62,6d09bf8,False,True,ok,True,MadMixR,False,False,False,2210,3200,150,6700,True,2740,8230,6630,7475,763,18312,7522,7425,1544,1400,65,86,3.02,8390.0,1788506943979,false,2,Overpool,CrazyZerg,1Base;2RaxAcademy,18323,ead2658d-0915-4a22-b799-be482338891d,CrazyZerg,0,18323,198.9488,16,74,86,28,56,50,8,320,512,240,45,117,1956,160,31,18,1395,18341,1811,189,1622,106,51,142,43,0,4,55,18323,Overpool,CrazyZerg,1Base;2RaxAcademy,false,18323
20260903-210912,KTNJC07D,Ecgberht,Terran,(4)Roadrunner.scx,WIN,0,2026-09-04T00:25:46,2026-09-04T00:30:35,287.2,0.62,6d09bf8,False,True,ok,True,Infested Artosis,False,False,True,2005,24400,11490,19075,False,3730,9200,240,12200,1011,24264,17850,16725,5808,5200,200,262,3.29,10180.0,1788507025416,true,4,12Hatch,3HatchLurker,1Base;2RaxAcademy,24275,56e6c4ff-a30b-4722-8340-0fee3c197e5f,3HatchLurker,1,24275,116.1559,16,108,127,180,360,220,8,320,512,240,55,100,2742,219,220,18,2229,24238,1806,263,1543,233,30,221,33,1,8,45,24275,12Hatch,3HatchLurker,1Base;2RaxAcademy,true,24275
20260903-210912,KTNJC0BT,Tomas Cere,Protoss,(4)Andromeda.scx,WIN,0,2026-09-04T00:26:54,2026-09-04T00:30:37,220.7,0.62,6d09bf8,False,True,ok,True,Infested Artosis,False,False,True,375,4300,4950,1900,False,1650,1350,0,2150,488,11712,2218,1850,0,0,37,50,3.609,10711.0,1788507027343,true,4,4Pool,4Pool,1Base,11720,e129171c-08bf-4405-a322-ba82ac887849,4Pool,1,11720,42.4193,8,29,29,36,86,46,8,320,512,240,33,27,549,46,46,9,414,11660,228,39,189,33,0,38,1,0,0,7,11720,4Pool,4Pool,1Base,true,11720
20260903-210912,KTNJC018,Dave Churchill,Random,(2)HeartbreakRidge.scx,LOSS,0,2026-09-04T00:27:12,2026-09-04T00:31:24,250.8,0.62,6d09bf8,False,True,ok,True,Dave Churchill,False,False,False,940,1900,0,3100,True,1975,5000,2820,6950,680,16320,3762,3725,160,0,36,36,3.637,9731.0,1788507075994,false,2,Overpool,3HatchHydra,1Base;2Gate;EarlyRush,16339,0c49f367-7737-4722-868d-d835ada8d238,3HatchHydra,0,16339,187.1657,20,87,87,10,38,10,8,320,512,240,50,99,1312,106,10,8,1152,16346,7025,1879,5146,64,2090,1856,22,0,1,55,16339,Overpool,3HatchHydra,1Base;2Gate;EarlyRush,false,16339
20260903-210912,KTNJC05P,liongis,Zerg,(4)Icarus.scm,LOSS,0,2026-09-04T00:27:26,2026-09-04T00:30:56,208.6,0.62,6d09bf8,False,True,ok,True,liongis,False,False,False,375,1150,900,1900,True,1510,2750,1125,3400,480,11520,2130,1850,0,0,33,50,3.773,10633.0,1788507046694,false,4,4Pool,4Pool,1Base,11534,d1c4d106-c069-4c0b-9add-225d0218c8a6,4Pool,0,11534,203.6171,7,47,47,22,23,23,8,320,512,240,33,53,979,27,24,11,799,11535,248,48,200,32,17,41,7,0,0,11,11534,4Pool,4Pool,1Base,false,11534
20260903-210912,KTNJC0DB,VOID,Terran,(3)NeoMoonGlaive.scx,WIN,0,2026-09-04T00:28:19,2026-09-04T00:32:53,271.9,0.62,6d09bf8,False,True,ok,True,Infested Artosis,False,False,True,4260,8750,7620,29825,False,2515,31300,900,4375,1338,32112,23902,22400,10820,10200,264,270,2.276,8364.0,1788507165272,true,3,12Hatch,CrazyZerg,1Base,32118,ae410362-1768-43aa-81d5-ad3d7c00955c,CrazyZerg,1,32118,188.8031,13,118,280,75,150,112,8,320,512,240,64,128,2228,105,105,16,1269,32070,2735,294,2441,271,22,243,37,2,12,28,32118,12Hatch,CrazyZerg,1Base,true,32118
20260903-210912,KTNJC036,MadMixR,Random,(2)HeartbreakRidge.scx,WIN,0,2026-09-04T00:29:11,2026-09-04T00:32:35,202.3,0.62,6d09bf8,False,True,ok,True,Infested Artosis,False,False,True,1195,5650,3135,7250,False,1545,2500,0,3875,649,15576,6890,6150,2392,1800,110,116,2.45,7147.0,1788507148731,true,2,12Pool,1HatchSpire,1Base;Hydralisk,15595,6eea966f-7958-4e1b-b278-b6beb02ec7d4,1HatchSpire,1,15595,222.0074,17,67,67,80,100,101,8,320,512,240,42,52,2164,36,92,10,1411,15468,839,96,743,86,9,83,11,0,2,12,15595,12Pool,1HatchSpire,1Base;Hydralisk,true,15595
20260903-210912,KTNJC09G,WillBot,Random,(3)TauCross.scx,LOSS,0,2026-09-04T00:30:29,2026-09-04T00:35:24,293.3,0.62,6d09bf8,False,True,ok,True,WillBot,False,False,False,375,2750,0,4250,True,2950,8025,1125,19775,1158,27792,5322,4200,0,0,31,50,2.927,7816.0,1788507314458,false,3,4Pool,4Pool,1Base;Hydralisk,27809,6cff3d85-fc1f-485e-89a6-8bd8cade6ace,4Pool,0,27809,206.0224,17,151,151,24,30,25,8,320,512,240,80,155,3202,53,27,19,2605,27830,741,192,549,79,131,165,27,0,0,10,27809,4Pool,4Pool,1Base;Hydralisk,false,27809
20260903-210912,KTNJC07E,Ecgberht,Terran,(2)Benzene.scx,LOSS,0,2026-09-04T00:30:35,2026-09-04T00:34:47,250.8,0.62,6d09bf8,False,True,ok,True,Ecgberht,False,False,False,1385,6400,0,8550,True,3555,16500,4155,9800,701,16824,8322,8150,2336,2100,74,118,3.247,7530.0,1788507279658,false,2,12Hatch,3HatchLurker,1Base,16835,8a41c865-57af-46de-a04b-2e00bc70872a,3HatchLurker,0,16835,170.1545,14,80,120,40,80,44,8,320,512,240,33,120,1314,182,46,18,1479,16860,1118,172,946,117,41,140,28,1,3,38,16835,12Hatch,3HatchLurker,1Base,false,16835
20260903-210912,KTNJC0BU,Tomas Cere,Protoss,(4)CircuitBreaker.scx,WIN,0,2026-09-04T00:30:37,2026-09-04T00:34:28,229.4,0.62,6d09bf8,False,True,ok,True,Infested Artosis,False,False,True,375,2600,3075,1300,False,625,550,0,1300,334,8016,1514,1250,0,0,33,34,3.81,9647.0,1788507261378,true,4,4Pool,4Pool,1Base,8031,8c3ec6c9-eb9d-49ca-b878-27aa08fcd937,4Pool,1,8031,27.4971,5,11,11,22,52,27,8,320,512,240,23,11,321,27,27,6,222,7985,162,28,134,22,0,27,1,0,0,7,8031,4Pool,4Pool,1Base,true,8031
20260903-210912,KTNJC05Q,liongis,Zerg,(4)Jade.scx,LOSS,0,2026-09-04T00:30:56,2026-09-04T00:35:12,253.9,0.62,6d09bf8,False,True,ok,True,liongis,False,False,False,1040,9350,0,5900,True,1665,11050,3120,11550,753,18072,7090,6825,696,200,55,70,3.336,9731.0,1788507304310,false,4,Overpool,SpeedlingAllIn,Hydralisk,18075,b120ac89-c488-4e98-ac57-7ee475d85f4f,SpeedlingAllIn,0,18075,173.9008,22,232,232,84,102,84,8,320,512,240,98,202,2595,41,86,10,2723,18076,1349,389,960,117,316,122,265,0,2,11,18075,Overpool,SpeedlingAllIn,Hydralisk,false,18075
20260903-210912,KTNJC019,Dave Churchill,Random,(3)NeoMoonGlaive.scx,LOSS,0,2026-09-04T00:31:24,2026-09-04T00:35:24,238.6,0.62,6d09bf8,False,True,ok,True,Dave Churchill,False,False,False,940,1100,0,2000,True,1775,2750,2820,4350,556,13344,2626,2625,152,0,30,36,3.824,11094.0,1788507315824,false,3,Overpool,3HatchMuta,EarlyRush;1Base;2Gate,13363,0fb9010b-03e7-4e7c-8520-86decbc75910,3HatchMuta,0,13363,174.9562,11,46,46,6,22,6,8,320,512,240,31,57,804,76,6,7,664,13393,3599,112,3487,42,56,86,25,0,1,51,13363,Overpool,3HatchMuta,EarlyRush;1Base;2Gate,false,13363
20260903-210912,KTNJC037,MadMixR,Random,(3)NeoMoonGlaive.scx,LOSS,0,2026-09-04T00:32:35,2026-09-04T00:36:33,235.4,0.62,6d09bf8,False,True,ok,True,MadMixR,False,False,False,1975,4350,0,7050,True,4340,10475,5925,10500,760,18240,8146,8057,2136,1957,78,86,2.615,10420.0,1788507384777,false,3,12Pool,CrazyZerg,1Base,18261,a5434751-7890-42d7-8904-b1087683c9c7,CrazyZerg,0,18261,281.7691,20,34,58,17,58,20,8,320,512,240,20,104,1455,180,20,24,1320,18291,2094,171,1923,111,41,133,34,0,4,30,18261,12Pool,CrazyZerg,1Base,false,18261
20260903-210912,KTNJC0DC,VOID,Terran,(3)TauCross.scx,LOSS,0,2026-09-04T00:32:53,2026-09-04T00:36:29,214.4,0.62,6d09bf8,False,True,ok,True,VOID,False,False,False,2135,800,0,5600,True,3140,7800,7305,7400,764,18336,8802,7950,528,350,55,136,2.922,10754.0,1788507381467,false,3,12Hatch,CrazyZerg,1Base,18354,bcccdd65-b426-4664-ae13-ff168083b1b3,CrazyZerg,0,18354,234.7810,17,53,53,8,16,9,8,320,512,240,32,119,1419,168,9,16,1413,18357,1509,180,1329,116,54,135,43,0,2,47,18354,12Hatch,CrazyZerg,1Base,false,18354
20260903-210912,KTNJC0BV,Tomas Cere,Protoss,(4)EmpireoftheSun.scm,WIN,0,2026-09-04T00:34:28,2026-09-04T00:38:05,214.4,0.62,6d09bf8,False,True,ok,True,Infested Artosis,False,False,True,375,2600,3750,1300,False,1250,300,0,1300,321,7704,1474,1300,0,0,36,50,3.501,9200.0,1788507476535,true,4,4Pool,4Pool,1Base,7721,48477f13-fbb0-4d44-952a-ea066b868dc1,4Pool,1,7721,38.5545,4,6,6,22,52,30,8,320,512,240,21,6,293,30,30,7,232,7684,156,27,129,21,0,26,1,0,0,7,7721,4Pool,4Pool,1Base,true,7721
20260903-210912,KTNJC07F,Ecgberht,Terran,(2)Destination.scx,LOSS,0,2026-09-04T00:34:47,2026-09-04T00:40:09,320.1,0.62,6d09bf8,False,True,ok,True,Ecgberht,False,False,False,3230,31550,0,18175,True,5730,34600,9690,29000,1202,28848,18674,18613,3448,3238,128,140,3.15,6809.0,1788507598459,false,2,12Hatch,3HatchLurker,1Base;2RaxAcademy,28863,bfb1457c-b2e1-46d7-9ac7-7a518b90f908,3HatchLurker,0,28863,164.8001,32,224,292,203,406,244,8,320,512,240,87,320,4341,456,230,19,3600,28881,5850,389,5461,290,96,328,52,1,8,54,28863,12Hatch,3HatchLurker,1Base;2RaxAcademy,false,28863
20260903-210912,KTNJC05R,liongis,Zerg,(4)LaMancha1.1.scx,LOSS,0,2026-09-04T00:35:12,2026-09-04T00:38:42,208.4,0.62,6d09bf8,False,True,ok,True,liongis,False,False,False,375,450,0,1450,True,1080,1450,1125,2350,359,8616,1538,1400,0,0,27,50,4.541,9622.0,1788507513571,false,4,4Pool,4Pool,1Base,8620,f42511bf-c546-47c2-9d55-08df0896fde4,4Pool,0,8620,192.1363,7,22,22,9,9,10,8,320,512,240,24,27,750,30,10,8,671,8644,221,51,170,23,32,32,19,0,0,11,8620,4Pool,4Pool,1Base,false,8620
20260903-210912,KTNJC01A,Dave Churchill,Random,(3)TauCross.scx,LOSS,0,2026-09-04T00:35:24,2026-09-04T00:38:58,212.0,0.62,6d09bf8,False,True,ok,True,Dave Churchill,False,False,False,1100,300,0,1950,True,1115,3600,3300,2800,457,10968,2730,2700,352,100,36,68,3.927,9851.0,1788507529114,false,3,Overpool,CrazyZerg,1Base,10976,af135668-d661-429c-8523-8aed93f7e0a7,CrazyZerg,0,10976,249.0922,6,16,16,3,6,3,8,320,512,240,14,45,523,76,3,6,434,10977,509,83,426,35,27,70,12,0,1,43,10976,Overpool,CrazyZerg,1Base,false,10976
20260903-210912,KTNJC09H,WillBot,Random,(4)Andromeda.scx,LOSS,0,2026-09-04T00:35:24,2026-09-04T00:42:29,423.2,0.62,6d09bf8,False,True,ok,True,WillBot,False,False,False,8365,29900,300,28900,True,6190,50825,26235,28075,2022,48528,36770,36688,5640,3788,178,204,3.486,11824.0,1788507738801,false,4,Overpool,CrazyZerg,2RaxAcademy;1Base,48548,c2418936-f57b-4572-a88a-424af76ce72f,CrazyZerg,0,48548,237.3945,67,455,517,179,388,203,8,320,512,240,207,668,13541,496,255,23,6596,48549,6902,1046,5856,556,545,541,176,2,327,44,48548,Overpool,CrazyZerg,2RaxAcademy;1Base,false,48548
20260903-210912,KTNJC0DD,VOID,Terran,(4)Andromeda.scx,WIN,0,2026-09-04T00:36:29,2026-09-04T00:40:40,250.4,0.62,6d09bf8,False,True,ok,True,Infested Artosis,False,False,True,4420,11600,7095,10950,False,2515,8450,240,5800,794,19056,17058,14525,3008,1975,163,178,3.554,13291.0,1788507632708,true,4,12Hatch,CrazyZerg,1Base;2RaxAcademy,19067,83001435-0213-4b26-9b7c-d8af63439cb6,CrazyZerg,1,19067,214.0926,12,81,111,96,192,123,8,320,512,240,52,88,2047,130,128,16,1276,19013,1596,211,1385,206,3,162,44,0,5,26,19067,12Hatch,CrazyZerg,1Base;2RaxAcademy,true,19067
20260903-210912,KTNJC038,MadMixR,Random,(3)TauCross.scx,LOSS,0,2026-09-04T00:36:33,2026-09-04T00:41:21,286.9,0.62,6d09bf8,False,True,ok,True,MadMixR,False,False,False,1955,17500,1650,10650,True,5525,23730,5865,18825,1045,25080,11418,11250,1928,1800,75,88,3.44,10662.0,1788507673680,false,3,12Pool,3HatchHydra,1Base;2Gate;EarlyRush,25081,838439db-0031-4ba6-bea9-964a7fc9a325,3HatchHydra,0,25081,198.0893,19,167,211,72,280,80,8,320,512,240,63,201,2384,235,80,19,1967,25093,10546,2139,8407,168,2259,2096,38,0,5,62,25081,12Pool,3HatchHydra,1Base;2Gate;EarlyRush,false,25081
20260903-210912,KTNJC0BW,Tomas Cere,Protoss,(4)FightingSpirit.scx,WIN,0,2026-09-04T00:38:05,2026-09-04T00:42:05,238.7,0.62,6d09bf8,False,True,ok,True,Infested Artosis,False,False,True,375,3000,6450,1650,False,950,300,0,1500,414,9936,1850,1600,0,0,48,50,3.576,8710.0,1788507717136,true,4,4Pool,4Pool,1Base,9953,843c8db7-5200-46dd-89d1-79a02854bbad,4Pool,1,9953,28.4173,8,6,6,25,60,36,8,320,512,240,28,6,361,36,36,8,378,9919,206,34,172,27,0,33,1,0,0,7,9953,4Pool,4Pool,1Base,true,9953
20260903-210912,KTNJC05S,liongis,Zerg,(4)Python.scx,LOSS,0,2026-09-04T00:38:42,2026-09-04T00:42:06,202.6,0.62,6d09bf8,False,True,ok,True,liongis,False,False,False,755,1100,0,2500,True,1340,3400,3165,3175,421,10104,3162,3175,0,0,44,52,4.396,11086.0,1788507718622,false,4,Overpool,SpeedlingAllIn,1Base;Hydralisk;EarlyRush,10108,fa2454df-fa64-4f17-b773-77aacb1044a9,SpeedlingAllIn,0,10108,185.1178,9,57,57,22,22,23,8,320,512,240,40,68,1029,33,23,10,1108,10131,514,84,430,48,31,70,14,0,0,29,10108,Overpool,SpeedlingAllIn,1Base;Hydralisk;EarlyRush,false,10108
20260903-210912,KTNJC01B,Dave Churchill,Random,(4)Andromeda.scx,LOSS,0,2026-09-04T00:38:58,2026-09-04T00:43:05,245.5,0.62,6d09bf8,False,True,ok,True,Dave Churchill,False,False,False,980,700,0,2950,True,1925,4400,2940,6350,666,15984,3770,3725,144,0,40,52,3.255,11334.0,1788507775516,false,4,Overpool,3HatchHydra,1Base;2Gate;EarlyRush,15998,0e02ebcf-9d68-43c3-ba41-e94fdafc8f26,3HatchHydra,0,15998,170.2774,8,77,76,4,14,4,8,320,512,240,43,89,1293,97,4,8,1076,15999,2596,628,1968,62,639,603,24,0,1,55,15998,Overpool,3HatchHydra,1Base;2Gate;EarlyRush,false,15998
20260903-210912,KTNJC07G,Ecgberht,Terran,(2)HeartbreakRidge.scx,WIN,0,2026-09-04T00:40:09,2026-09-04T00:44:25,253.9,0.62,6d09bf8,False,True,ok,True,Infested Artosis,False,False,True,2195,17050,4365,11100,False,1455,7750,0,8525,800,19200,11034,10825,2624,2575,138,138,2.675,8309.0,1788507859060,true,2,12Hatch,3HatchLurker,1Base,19222,bd10a1cf-e40c-4d67-9cc3-7a2cd3e9745e,3HatchLurker,1,19222,179.1237,4,63,78,127,254,160,8,320,512,240,39,68,1990,155,155,13,1244,19183,1700,198,1502,154,29,168,23,1,6,45,19222,12Hatch,3HatchLurker,1Base,true,19222
20260903-210912,KTNJC0DE,VOID,Terran,(4)CircuitBreaker.scx,WIN,0,2026-09-04T00:40:40,2026-09-04T00:44:26,223.6,0.62,6d09bf8,False,True,ok,True,Infested Artosis,False,False,True,5970,10700,8295,13250,False,2765,9350,0,5350,903,21672,20746,19125,3088,2125,205,266,2.522,8717.0,1788507855915,true,4,12Hatch,CrazyZerg,2RaxAcademy;1Base,21671,508c0f13-7e80-4eed-bcad-b53eec7d0492,CrazyZerg,1,21671,217.5480,13,91,121,95,190,126,8,320,512,240,49,95,2562,128,126,17,1253,21622,1854,287,1567,267,18,215,68,0,4,29,21671,12Hatch,CrazyZerg,2RaxAcademy;1Base,true,21671
20260903-210912,KTNJC039,MadMixR,Random,(4)Andromeda.scx,LOSS,0,2026-09-04T00:41:21,2026-09-04T00:46:13,290.3,0.62,6d09bf8,False,True,ok,True,MadMixR,False,False,False,2385,13175,0,15400,True,5190,28685,8055,18625,979,23496,13410,13363,4808,4538,111,134,2.872,10540.0,1788507963160,false,4,12Pool,CrazyZerg,1Base,23500,72ba47be-8b0a-4731-a50d-0e8d8fd29901,CrazyZerg,0,23500,259.1637,41,123,205,46,144,56,8,320,512,240,54,196,2206,225,56,24,1993,23482,2413,263,2150,172,70,213,38,0,12,49,23500,12Pool,CrazyZerg,1Base,false,23500
20260903-210912,KTNJC0BX,Tomas Cere,Protoss,(4)Icarus.scm,WIN,0,2026-09-04T00:42:05,2026-09-04T00:45:39,211.6,0.62,6d09bf8,False,True,ok,True,Infested Artosis,False,False,True,375,2500,3375,1250,False,725,500,0,1250,324,7776,1514,1300,0,0,32,34,3.522,7252.0,1788507930070,true,4,4Pool,4Pool,1Base,7783,49a70d93-be43-4a92-9297-b070ee39feda,4Pool,1,7783,27.3634,5,11,11,21,50,27,8,320,512,240,22,10,364,27,27,7,236,7749,156,27,129,21,0,26,1,0,0,7,7783,4Pool,4Pool,1Base,true,7783
20260903-210912,KTNJC05T,liongis,Zerg,(4)Roadrunner.scx,WIN,0,2026-09-04T00:42:06,2026-09-04T00:45:24,196.1,0.62,6d09bf8,False,True,ok,True,Infested Artosis,False,False,True,375,3200,1140,1400,False,1080,650,0,2250,342,8208,1474,1350,0,0,33,50,3.55,7397.0,1788507914346,true,4,4Pool,4Pool,1Base,8217,9676fed0-db5a-46cf-b957-5e3250d29a6b,4Pool,1,8217,132.9035,5,13,13,53,64,55,8,320,512,240,23,13,579,29,56,8,556,8185,161,28,133,22,0,27,1,0,0,7,8217,4Pool,4Pool,1Base,true,8217
20260903-210912,KTNJC09I,WillBot,Random,(4)CircuitBreaker.scx,LOSS,0,2026-09-04T00:42:29,2026-09-04T00:47:06,274.9,0.62,6d09bf8,False,True,ok,True,WillBot,False,False,False,375,1200,0,4100,True,2625,7750,1125,17575,1116,26784,5234,4100,0,0,26,50,2.01,8011.0,1788508016969,false,4,4Pool,4Pool,Hydralisk;1Base,26786,fc7864d6-ef6c-4669-9235-2a2894c89ae3,4Pool,0,26786,220.0651,8,153,153,12,14,12,8,320,512,240,77,149,4219,61,14,19,2316,26810,717,185,532,77,125,162,23,0,0,10,26786,4Pool,4Pool,Hydralisk;1Base,false,26786
20260903-210912,KTNJC01C,Dave Churchill,Random,(4)CircuitBreaker.scx,LOSS,0,2026-09-04T00:43:05,2026-09-04T00:47:54,287.4,0.62,6d09bf8,False,True,ok,True,Dave Churchill,False,False,False,1360,3900,0,3100,True,1925,4300,4080,8350,735,17640,4602,4575,208,150,36,52,2.554,7115.0,1788508063598,false,4,Overpool,3HatchMuta,2Gate;EarlyRush;1Base,17641,c56d34c3-1f17-41d0-8dad-39b6c95683e9,3HatchMuta,0,17641,171.2572,14,71,70,20,78,20,8,320,512,240,40,90,1172,113,20,8,1119,17642,2984,691,2293,75,704,660,29,0,2,42,17641,Overpool,3HatchMuta,2Gate;EarlyRush;1Base,false,17641
20260903-210912,KTNJC07H,Ecgberht,Terran,(3)NeoMoonGlaive.scx,LOSS,0,2026-09-04T00:44:25,2026-09-04T00:49:30,302.5,0.62,6d09bf8,False,True,ok,True,Ecgberht,False,False,False,3130,18550,0,13600,True,5755,25310,9390,22700,1117,26808,13634,13625,3680,3300,95,118,2.939,9238.0,1788508161052,false,3,12Hatch,3HatchLurker,1Base;2RaxAcademy,26817,410d3d37-36f6-473d-963a-1f757281818f,3HatchLurker,0,26817,180.6521,16,153,215,111,222,121,8,320,512,240,60,209,3254,372,128,19,2604,26826,2297,298,1999,195,89,245,48,1,4,48,26817,12Hatch,3HatchLurker,1Base;2RaxAcademy,false,26817
20260903-210912,KTNJC0DF,VOID,Terran,(4)EmpireoftheSun.scm,WIN,0,2026-09-04T00:44:26,2026-09-04T00:48:26,239.1,0.62,6d09bf8,False,True,ok,True,Infested Artosis,False,False,True,2350,9100,7545,10650,False,2565,8800,0,4550,757,18168,11642,11150,3680,3600,138,150,3.228,11692.0,1788508098723,true,4,12Hatch,CrazyZerg,2RaxAcademy;1Base,18168,96c62f68-d115-4e7d-9fc2-70ea34ed99a0,CrazyZerg,1,18168,203.8091,7,60,84,76,152,105,8,320,512,240,51,78,1694,107,104,16,1200,18135,1860,164,1696,147,5,131,25,0,8,32,18168,12Hatch,CrazyZerg,2RaxAcademy;1Base,true,18168
20260903-210912,KTNJC05U,liongis,Zerg,(2)Benzene.scx,WIN,0,2026-09-04T00:45:24,2026-09-04T00:49:40,253.9,0.62,6d09bf8,False,True,ok,True,Infested Artosis,False,False,True,1340,9050,240,5300,False,1180,6250,0,5525,657,15768,6618,6575,360,100,69,72,3.353,10033.0,1788508173441,true,2,Overpool,SpeedlingAllIn,1Base;Hydralisk,15781,374f379e-f782-4d40-ae1a-683e0a4f47d2,SpeedlingAllIn,1,15781,182.4769,23,163,163,151,161,152,8,320,512,240,84,124,2794,77,153,10,2686,15747,777,118,659,110,0,110,6,0,2,11,15781,Overpool,SpeedlingAllIn,1Base;Hydralisk,true,15781
20260903-210912,KTNJC0BY,Tomas Cere,Protoss,(4)Jade.scx,WIN,0,2026-09-04T00:45:39,2026-09-04T00:49:21,220.6,0.62,6d09bf8,False,True,ok,True,Infested Artosis,False,False,True,375,3400,5250,1650,False,1350,150,0,1700,425,10200,2002,1650,0,0,49,50,3.615,10523.0,1788508153540,true,4,4Pool,4Pool,1Base,10201,bfabaa66-905f-4470-84fe-ca2c02ba4f41,4Pool,1,10201,29.5749,9,3,3,28,68,38,8,320,512,240,28,3,373,38,38,8,389,10157,198,33,165,27,0,32,1,0,0,7,10201,4Pool,4Pool,1Base,true,10201
20260903-210912,KTNJC03A,MadMixR,Random,(4)CircuitBreaker.scx,WIN,0,2026-09-04T00:46:13,2026-09-04T00:50:07,232.5,0.62,6d09bf8,False,True,ok,True,Infested Artosis,False,False,True,1135,2950,1125,2050,False,375,2510,1800,1850,702,16848,2842,2850,0,0,34,54,2.92,10994.0,1788508197423,true,4,Overpool,1HatchSpire,EarlyRush;1Base,16866,c0395d15-74f8-4246-be92-a78d299ef415,1HatchSpire,1,16866,320.9015,15,40,40,53,59,55,8,320,512,240,31,48,1113,32,55,5,1192,16814,419,70,349,41,9,49,21,0,0,20,16866,Overpool,1HatchSpire,EarlyRush;1Base,true,16866
20260903-210912,KTNJC09J,WillBot,Random,(4)EmpireoftheSun.scm,LOSS,0,2026-09-04T00:47:06,2026-09-04T00:52:11,302.8,0.62,6d09bf8,False,True,ok,True,WillBot,False,False,False,1730,11800,1650,10850,True,5175,22495,5190,23450,1169,28056,11666,11625,1376,1150,81,86,2.772,9637.0,1788508319166,false,4,Overpool,3HatchHydra,EarlyRush;1Base;2Gate,28057,5ade1af7-64f1-44c9-906d-7e9935e6abfe,3HatchHydra,0,28057,237.4291,18,245,271,46,182,55,8,320,512,240,114,281,3426,224,57,17,2177,28069,7104,1261,5843,192,1221,1225,27,0,9,37,28057,Overpool,3HatchHydra,EarlyRush;1Base;2Gate,false,28057
20260903-210912,KTNJC01D,Dave Churchill,Random,(4)EmpireoftheSun.scm,LOSS,0,2026-09-04T00:47:54,2026-09-04T00:51:58,242.1,0.62,6d09bf8,False,True,ok,True,Dave Churchill,False,False,False,1130,1200,0,2550,True,990,5000,3390,3200,449,10776,3626,3600,600,375,41,68,3.708,10334.0,1788508307982,false,4,Overpool,2HatchMuta,1Base,10790,26c7c1d6-9d27-4727-a4ef-470bb2647d67,2HatchMuta,0,10790,185.4232,4,26,26,12,24,12,8,320,512,240,19,65,715,79,12,6,712,10791,764,109,655,53,38,92,15,0,2,42,10790,Overpool,2HatchMuta,1Base,false,10790
20260903-210912,KTNJC0DG,VOID,Terran,(4)FightingSpirit.scx,WIN,0,2026-09-04T00:48:26,2026-09-04T00:52:18,230.2,0.62,6d09bf8,False,True,ok,True,Infested Artosis,False,False,True,2190,9950,7545,14350,False,2415,12950,0,4975,793,19032,13218,13075,5488,5425,165,166,2.959,7892.0,1788508327362,true,4,12Hatch,CrazyZerg,1Base,19036,83f3b152-b138-4c7a-b68d-edc4953fa7a8,CrazyZerg,1,19036,186.9041,7,114,161,86,172,115,8,320,512,240,70,112,2207,115,115,16,1356,18978,1365,175,1190,161,7,149,17,0,9,22,19036,12Hatch,CrazyZerg,1Base,true,19036
20260903-210912,KTNJC0BZ,Tomas Cere,Protoss,(4)LaMancha1.1.scx,WIN,0,2026-09-04T00:49:21,2026-09-04T00:53:44,260.7,0.62,6d09bf8,False,True,ok,True,Infested Artosis,False,False,True,375,3100,3375,1350,False,725,350,0,1550,347,8328,1626,1400,0,0,39,50,4.654,9930.0,1788508415464,true,4,4Pool,4Pool,1Base,8341,aeea406a-9a6a-4ce6-bfd0-1b4e73b562d2,4Pool,1,8341,27.3107,5,7,7,26,62,32,8,320,512,240,22,7,311,32,32,7,282,8306,178,29,149,23,0,28,1,0,0,7,8341,4Pool,4Pool,1Base,true,8341
20260903-210912,KTNJC07I,Ecgberht,Terran,(3)TauCross.scx,LOSS,0,2026-09-04T00:49:30,2026-09-04T00:54:47,315.1,0.62,6d09bf8,False,True,ok,True,Ecgberht,False,False,False,1710,12950,0,13225,True,3955,24450,6030,14850,935,22440,12578,12313,3144,2913,97,152,3.629,10259.0,1788508478219,false,3,12Hatch,3HatchLurker,1Base,22446,05dfa0c6-2c96-4623-a8bd-e0e6a0ac92e3,3HatchLurker,0,22446,182.3027,13,138,186,94,188,101,8,320,512,240,57,208,2689,274,104,18,2271,22472,2128,277,1851,184,85,239,33,1,4,46,22446,12Hatch,3HatchLurker,1Base,false,22446
20260903-210912,KTNJC05V,liongis,Zerg,(2)Destination.scx,LOSS,0,2026-09-04T00:49:40,2026-09-04T00:53:50,248.3,0.62,6d09bf8,False,True,ok,True,liongis,False,False,False,400,950,0,1600,True,740,1800,2100,2000,334,8016,2314,1950,472,100,37,50,5.432,10574.0,1788508419886,false,2,Overpool,SpeedlingAllIn,1Base,8031,a482055f-3326-4284-9151-9962759edb1c,SpeedlingAllIn,0,8031,171.5949,11,19,19,18,19,31,8,320,512,240,18,29,652,23,19,8,738,8034,256,41,215,28,9,34,6,0,1,12,8031,Overpool,SpeedlingAllIn,1Base,false,8031
20260903-210912,KTNJC03B,MadMixR,Random,(4)EmpireoftheSun.scm,NO_RESULT,,2026-09-04T00:50:07,,,0.62,6d09bf8,False,True,missing,True,,,,False,0,0,0,0,False,0,0,0,0,1008,24192,13618,13600,5128,5025,105,118,2.343,10217.0,,,,,,,,,,,,,,,,,,72,,,,,69,220,2338,271,77,30,2273,24214,2752,274,2478,189,54,217,43,0,14,47,23966,,,,,
20260903-210912,KTNJC01E,Dave Churchill,Random,(4)FightingSpirit.scx,NO_RESULT,,2026-09-04T00:51:58,,,0.62,6d09bf8,False,True,missing,True,,,,,,,,,,,,,,,,,,,,,,,,,,,,,,,,,,,,,,,,,0,,,,,0,0,0,0,0,0,0,,,,,,,,,,,,,,,,,
20260903-210912,KTNJC09K,WillBot,Random,(4)FightingSpirit.scx,NO_RESULT,,2026-09-04T00:52:11,,,0.62,6d09bf8,False,True,missing,True,,,,,,,,,,,,,,,,,,,,,,,,,,,,,,,,,,,,,,,,,0,,,,,0,0,0,0,0,0,0,,,,,,,,,,,,,,,,,
20260903-210912,KTNJC0DH,VOID,Terran,(4)Icarus.scm,NO_RESULT,,2026-09-04T00:52:18,,,0.62,6d09bf8,False,True,missing,True,,,,,,,,,,,,,,,,,,,,,,,,,,,,,,,,,,,,,,,,,0,,,,,0,0,0,0,0,0,0,,,,,,,,,,,,,,,,,
20260903-210912,KTNJC0C0,Tomas Cere,Protoss,(4)Python.scx,NO_RESULT,,2026-09-04T00:53:44,,,0.62,6d09bf8,False,True,missing,True,,,,,,,,,,,,,,,,,,,,,,,,,,,,,,,,,,,,,,,,,0,,,,,0,0,0,0,0,0,0,,,,,,,,,,,,,,,,,
20260903-210912,KTNJC05W,liongis,Zerg,(2)HeartbreakRidge.scx,NO_RESULT,,2026-09-04T00:53:50,,,0.62,6d09bf8,False,True,missing,True,,,,,,,,,,,,,,,,,,,,,,,,,,,,,,,,,,,,,,,,,0,,,,,0,0,0,0,0,0,0,,,,,,,,,,,,,,,,,
20260903-210912,KTNJC07J,Ecgberht,Terran,(4)Andromeda.scx,NO_RESULT,,2026-09-04T00:54:47,,,0.62,6d09bf8,False,True,missing,True,,,,,,,,,,,,,,,,,,,,,,,,,,,,,,,,,,,,,,,,,0,,,,,0,0,0,0,0,0,0,,,,,,,,,,,,,,,,,
