run_id,game_name,opponent,opponent_race,map,outcome,scbw_exit_code,launched_at,finished_at,game_time_sec,jar_version,git_rev,frozen,telemetry_flag,telemetry_status,plan_flag,result_winner,result_is_crashed,result_realtime_outed,score_self_is_winner,score_self_building,score_self_kill,score_self_razing,score_self_unit,score_opp_is_winner,score_opp_building,score_opp_kill,score_opp_razing,score_opp_unit,econ_samples,econ_last_frame,econ_minerals_gathered,econ_minerals_spent,econ_gas_gathered,econ_gas_spent,econ_supply_used_peak,econ_supply_total_peak,econ_frame_time_avg,econ_frame_time_max,record_timestamp,record_is_winner,record_num_starting_locations,record_opener,record_build_order,record_detected_strategies,record_frame_count,observed_game_id,observed_build_order,observed_is_winner,observed_end_frame,observed_average_fps,observed_engagement_count,observed_our_units_lost,observed_our_supply_lost,observed_enemy_units_killed,observed_enemy_supply_killed,observed_enemy_destroyed,observed_sample_interval_frames,observed_contact_radius_px,observed_merge_radius_px,observed_close_cooldown_frames,truth_self_created,truth_self_destroyed,truth_self_events,truth_opp_created,truth_opp_destroyed,truth_opp_types,truth_opp_events,truth_opp_last_frame,plan_events,plan_enqueued,plan_transitions,plan_completed,plan_cancelled,plan_units,plan_buildings,plan_tech,plan_upgrades,plan_queue_depth_peak,plan_last_frame,learn_opener,learn_build_order,learn_detected_strategies,learn_is_winner,learn_frame_count
20260904-031526,KU4HQ000,Dave Churchill,Random,(2)Benzene.scx,LOSS,0,2026-09-04T03:15:27,2026-09-04T03:20:10,280.5,0.63,6e32a9d,False,True,ok,True,Dave Churchill,False,False,False,660,850,0,1750,True,375,2400,2730,1800,457,10968,2418,2400,440,350,33,34,4.728,10330.0,1788517202115,false,2,Overpool,1HatchSpire,1Base;EarlyRush,10976,f1626ad5-c5a5-4bda-892a-28f3ff606482,1HatchSpire,0,10976,165.9020,5,36,36,16,17,17,8,320,512,240,26,48,901,26,17,6,791,10977,411,66,345,37,30,48,17,0,1,21,10976,Overpool,1HatchSpire,1Base;EarlyRush,false,10976
20260904-031526,KU4HQ01E,MadMixR,Random,(4)FightingSpirit.scx,LOSS,0,2026-09-04T03:15:27,2026-09-04T03:21:08,337.8,0.63,6e32a9d,False,True,ok,True,MadMixR,False,False,False,1850,14500,0,7825,True,7375,14615,5550,21125,1033,24792,9538,9525,752,625,76,102,3.653,11158.0,1788517259433,false,4,Overpool,3HatchHydra,2Gate;EarlyRush;1Base,24802,898f9d8c-109c-4d03-ae21-c0fd78f189bc,3HatchHydra,0,24802,255.1714,31,184,198,60,238,61,8,320,512,240,89,209,3347,255,62,23,2394,24833,6986,1648,5338,156,1713,1600,39,0,9,42,24802,Overpool,3HatchHydra,2Gate;EarlyRush;1Base,false,24802
20260904-031526,KU4HQ02S,liongis,Zerg,(2)HeartbreakRidge.scx,WIN,0,2026-09-04T03:15:27,2026-09-04T03:19:19,226.3,0.63,6e32a9d,False,True,ok,True,Infested Artosis,False,False,True,375,1200,0,850,False,400,50,0,1100,197,4728,818,800,0,0,25,34,5.157,9768.0,1788517151766,true,2,4Pool,4Pool,,4745,f9f3da95-7593-4b82-b057-336889d464dd,4Pool,1,4745,108.4274,4,1,1,16,24,16,8,320,512,240,14,1,215,11,17,6,210,4715,105,19,86,12,0,18,1,0,0,7,4745,4Pool,4Pool,,true,4745
20260904-031526,KU4HQ046,Ecgberht,Terran,(4)Jade.scx,WIN,0,2026-09-04T03:15:27,2026-09-04T03:21:03,331.7,0.63,6e32a9d,False,True,ok,True,Infested Artosis,False,False,True,1985,24400,9090,20250,False,2855,15450,0,12200,985,23640,17738,16575,6216,5600,200,200,3.322,10654.0,1788517254827,true,4,12Hatch,3HatchLurker,1Base,23655,075dfbca-b02f-4fc2-8108-a568dbd83439,3HatchLurker,1,23655,229.3242,3,119,164,171,342,209,8,320,512,240,57,119,2803,212,211,18,1864,23624,2171,293,1878,238,59,263,21,1,8,51,23655,12Hatch,3HatchLurker,1Base,true,23655
20260904-031526,KU4HQ05K,WillBot,Random,(3)TauCross.scx,LOSS,0,2026-09-04T03:15:27,2026-09-04T03:21:11,340.8,0.63,6e32a9d,False,True,ok,True,WillBot,False,False,False,375,5200,300,4450,True,4750,8125,1125,18050,1197,28728,5234,4450,0,0,56,82,3.204,10216.0,1788517260614,false,3,4Pool,4Pool,EarlyRush;1Base;2Gate,28739,117d489d-9892-4c13-9bb3-5f70b321a8d5,4Pool,0,28739,272.4885,7,147,147,22,74,27,8,320,512,240,80,154,2161,195,27,13,1790,28740,1056,321,735,82,278,288,33,0,0,10,28739,4Pool,4Pool,EarlyRush;1Base;2Gate,false,28739
20260904-031526,KU4HQ06Y,Tomas Cere,Protoss,(4)Python.scx,WIN,0,2026-09-04T03:15:27,2026-09-04T03:20:02,271.5,0.63,6e32a9d,False,True,ok,True,Infested Artosis,False,False,True,375,3300,4050,1400,False,1250,600,0,1650,401,9624,1490,1400,0,0,34,34,4.361,12227.0,1788517193190,true,4,4Pool,4Pool,1Base,9643,c04c3b7e-d9a0-453c-b081-99fa0318e93c,4Pool,1,9643,35.8953,8,10,10,28,66,37,8,320,512,240,24,11,406,38,38,8,312,9583,433,29,404,23,0,28,1,0,0,8,9643,4Pool,4Pool,1Base,true,9643
20260904-031526,KU4HQ08C,VOID,Terran,(4)CircuitBreaker.scx,WIN,0,2026-09-04T03:15:27,2026-09-04T03:20:29,295.8,0.63,6e32a9d,False,True,ok,True,Infested Artosis,False,False,True,2350,11850,7395,9300,False,2565,8900,0,5925,750,18000,11442,10975,3544,3425,132,134,3.787,9425.0,1788517221014,true,4,12Hatch,CrazyZerg,EarlyRush;2RaxAcademy;1Base,18013,366896c1-3880-41b6-978c-bc87d1638def,CrazyZerg,1,18013,236.7321,11,84,108,97,194,125,8,320,512,240,60,88,1903,128,126,16,1400,17953,7662,2169,5493,145,2352,2140,22,0,7,29,18013,12Hatch,CrazyZerg,EarlyRush;2RaxAcademy;1Base,true,18013
20260904-031526,KU4HQ02T,liongis,Zerg,(3)NeoMoonGlaive.scx,LOSS,0,2026-09-04T03:19:19,2026-09-04T03:22:40,199.5,0.63,6e32a9d,False,True,ok,True,liongis,False,False,False,1340,7800,0,6000,True,1665,11200,4020,10925,732,17568,7154,7125,352,100,51,72,1.964,5941.0,1788517349684,false,3,Overpool,SpeedlingAllIn,Hydralisk,17579,19c6cbed-e0d6-4642-86ee-ed4a40b34596,SpeedlingAllIn,0,17579,207.1962,23,264,264,76,91,76,8,320,512,240,98,209,2320,40,78,10,2794,17580,876,134,742,120,11,123,9,0,2,11,17579,Overpool,SpeedlingAllIn,Hydralisk,false,17579
20260904-031526,KU4HQ06Z,Tomas Cere,Protoss,(4)Roadrunner.scx,WIN,0,2026-09-04T03:20:02,2026-09-04T03:22:49,166.1,0.63,6e32a9d,False,True,ok,True,Infested Artosis,False,False,True,375,2100,3075,1150,False,625,500,0,1050,302,7248,1378,1200,0,0,28,34,2.501,6378.0,1788517361448,true,4,4Pool,4Pool,1Base,7256,88f85333-3bfe-4a39-825e-f8edc8423654,4Pool,1,7256,50.3243,4,14,14,18,42,23,8,320,512,240,20,10,294,23,23,6,186,7216,144,25,119,19,0,24,1,0,0,7,7256,4Pool,4Pool,1Base,true,7256
20260904-031526,KU4HQ001,Dave Churchill,Random,(2)Destination.scx,LOSS,0,2026-09-04T03:20:10,2026-09-04T03:23:13,181.2,0.63,6e32a9d,False,True,ok,True,Dave Churchill,False,False,False,835,600,0,2150,True,990,3400,2505,3100,408,9792,2810,2800,0,0,36,68,2.669,6348.0,1788517382847,false,2,12Pool,3HatchLurker,1Base;EarlyRush,9798,9397d4ed-ba61-48b7-947f-271c1de4c134,3HatchLurker,0,9798,220.0765,6,26,26,6,12,26,8,320,512,240,19,50,568,77,6,6,604,9826,6650,1997,4653,43,2270,1972,25,0,0,38,9798,12Pool,3HatchLurker,1Base;EarlyRush,false,9798
20260904-031526,KU4HQ08D,VOID,Terran,(4)EmpireoftheSun.scm,LOSS,0,2026-09-04T03:20:29,2026-09-04T03:25:32,301.8,0.63,6e32a9d,False,True,ok,True,VOID,False,False,False,3680,16900,150,20950,True,4815,37970,11040,20625,1375,33000,18746,18725,6480,5700,135,150,3.295,9568.0,1788517526243,false,4,12Hatch,CrazyZerg,1Base,33017,67ef1f89-1c78-4d9a-bc4a-0c2fbcd3484b,CrazyZerg,0,33017,177.3104,45,246,362,119,242,130,8,320,512,240,110,323,5948,357,131,21,4096,33018,2624,366,2258,255,95,281,70,0,15,38,33017,12Hatch,CrazyZerg,1Base,false,33017
20260904-031526,KU4HQ047,Ecgberht,Terran,(4)LaMancha1.1.scx,LOSS,0,2026-09-04T03:21:03,2026-09-04T03:24:50,226.2,0.63,6e32a9d,False,True,ok,True,Ecgberht,False,False,False,1305,3500,0,6325,True,2480,13300,3915,7275,661,15864,7466,7000,2120,1775,67,102,3.279,7895.0,1788517480598,false,4,12Hatch,3HatchLurker,1Base,15874,7f020f75-ddcf-4082-918e-22251ec99268,3HatchLurker,0,15874,228.2423,11,61,80,22,44,22,8,320,512,240,29,105,1255,141,24,16,1314,15895,1036,168,868,100,52,140,24,1,3,50,15874,12Hatch,3HatchLurker,1Base,false,15874
20260904-031526,KU4HQ01F,MadMixR,Random,(4)Icarus.scm,LOSS,0,2026-09-04T03:21:08,2026-09-04T03:26:02,292.4,0.63,6e32a9d,False,True,ok,True,MadMixR,False,False,False,2425,18900,4500,17650,True,5340,24130,7275,23150,1222,29328,16010,15675,5616,5125,134,166,3.239,9574.0,1788517553405,false,4,Overpool,CrazyZerg,1Base,29328,15f896d0-82c0-4b17-ab32-ae2f88be6584,CrazyZerg,0,29328,234.3727,54,224,278,129,314,142,8,320,512,240,100,275,3452,209,143,22,3040,29352,3834,317,3517,222,79,257,46,0,14,44,29328,Overpool,CrazyZerg,1Base,false,29328
20260904-031526,KU4HQ05L,WillBot,Random,(4)Andromeda.scx,WIN,0,2026-09-04T03:21:11,2026-09-04T03:29:00,467.8,0.63,6e32a9d,False,True,ok,True,Infested Artosis,False,False,True,4985,55350,10770,101075,False,4990,164100,0,35575,1990,47760,64629,62300,27202,25800,303,384,4.839,11873.0,1788517730791,true,4,Overpool,CrazyZerg,2RaxAcademy;1Base,47773,f035592e-2ef0-4408-a3d1-dd2891e04207,CrazyZerg,1,47773,86.5463,44,1125,1821,339,728,551,8,320,512,240,524,1095,19676,558,535,23,9930,47700,7362,1195,6167,837,416,779,55,347,14,40,47527,Overpool,CrazyZerg,2RaxAcademy;1Base,true,47773
20260904-031526,KU4HQ02U,liongis,Zerg,(3)TauCross.scx,LOSS,0,2026-09-04T03:22:40,2026-09-04T03:25:43,181.1,0.63,6e32a9d,False,True,ok,True,liongis,False,False,False,375,650,0,1400,True,1160,1500,1125,2000,348,8352,1434,1350,0,0,28,50,4.269,8199.0,1788517532949,false,3,4Pool,4Pool,,8372,b9d5b9a5-944b-41d7-87e5-b674998145e7,4Pool,0,8372,164.4213,6,22,22,13,13,13,8,320,512,240,23,28,604,27,14,8,604,8373,228,55,173,22,37,31,24,0,0,11,8372,4Pool,4Pool,,false,8372
20260904-031526,KU4HQ070,Tomas Cere,Protoss,(2)Benzene.scx,WIN,0,2026-09-04T03:22:49,2026-09-04T03:26:07,196.4,0.63,6e32a9d,False,True,ok,True,Infested Artosis,False,False,True,375,6700,6150,2250,False,2050,1850,0,3350,586,14064,2738,2200,0,0,41,50,2.987,8212.0,1788517559515,true,2,4Pool,4Pool,1Base,14076,c574ea1c-da10-49cc-a70f-a7ddc2c008f2,4Pool,1,14076,217.8143,15,39,39,54,134,68,8,320,512,240,40,37,688,69,69,11,623,14030,266,46,220,39,0,45,1,0,0,7,14076,4Pool,4Pool,1Base,true,14076
20260904-031526,KU4HQ002,Dave Churchill,Random,(2)HeartbreakRidge.scx,LOSS,0,2026-09-04T03:23:13,2026-09-04T03:26:31,196.5,0.63,6e32a9d,False,True,ok,True,Dave Churchill,False,False,False,1175,1400,0,2550,True,1640,4325,3645,3900,514,12336,4162,3900,0,0,45,68,3.147,8153.0,1788517582752,false,2,Overpool,CrazyZerg,1Base;EarlyRush,12340,7f1eb592-c5d8-49a1-ab83-4c244952bac7,CrazyZerg,0,12340,200.6982,15,49,49,14,28,27,8,320,512,240,31,77,778,101,14,6,844,12354,8683,2658,6025,60,3006,2625,33,0,0,42,12340,Overpool,CrazyZerg,1Base;EarlyRush,false,12340
20260904-031526,KU4HQ048,Ecgberht,Terran,(4)Python.scx,LOSS,0,2026-09-04T03:24:50,2026-09-04T03:28:26,214.2,0.63,6e32a9d,False,True,ok,True,Ecgberht,False,False,False,1725,7350,0,9125,True,3855,17200,6975,11450,820,19680,9914,9900,2000,1850,78,102,2.248,7159.0,1788517696794,false,4,12Hatch,3HatchLurker,1Base,19687,f43ac200-417e-4fd8-800b-140be6892de2,3HatchLurker,0,19687,173.2240,14,85,121,45,90,47,8,320,512,240,36,146,1981,216,48,20,1799,19701,2413,227,2186,140,70,193,26,1,7,41,19687,12Hatch,3HatchLurker,1Base,false,19687
20260904-031526,KU4HQ08E,VOID,Terran,(4)FightingSpirit.scx,WIN,0,2026-09-04T03:25:32,2026-09-04T03:30:00,266.2,0.63,6e32a9d,False,True,ok,True,Infested Artosis,False,False,True,2430,24500,11145,22500,False,3515,18700,0,12125,1138,27312,20574,19350,8200,6975,222,278,3.081,7910.0,1788517787787,true,4,12Hatch,CrazyZerg,2RaxAcademy;1Base,27313,ded34fe6-129c-49cd-8071-915478bc17b5,CrazyZerg,1,27313,202.3934,15,174,249,190,388,240,8,320,512,240,102,161,3675,241,237,18,2520,27258,2194,253,1941,235,12,208,34,0,11,31,27313,12Hatch,CrazyZerg,2RaxAcademy;1Base,true,27313
20260904-031526,KU4HQ02V,liongis,Zerg,(4)Andromeda.scx,LOSS,0,2026-09-04T03:25:43,2026-09-04T03:28:58,193.3,0.63,6e32a9d,False,True,ok,True,liongis,False,False,False,1000,750,0,2600,True,1340,3750,3000,3200,432,10368,3498,3450,368,100,43,68,3.578,9801.0,1788517730098,false,4,Overpool,SpeedlingAllIn,1Base;Hydralisk,10387,01801e5b-31f8-4d07-970f-6bce5c2bedf6,SpeedlingAllIn,0,10387,179.3994,5,57,57,15,15,15,8,320,512,240,35,69,1099,35,16,9,977,10411,370,66,304,52,7,59,6,0,1,13,10387,Overpool,SpeedlingAllIn,1Base;Hydralisk,false,10387
20260904-031526,KU4HQ01G,MadMixR,Random,(4)Jade.scx,LOSS,0,2026-09-04T03:26:02,2026-09-04T03:31:05,301.6,0.63,6e32a9d,False,True,ok,True,MadMixR,False,False,False,4710,29150,1350,27950,True,13915,50365,15030,32600,1481,35544,27142,26850,8352,7575,141,200,2.734,7514.0,1788517854688,false,4,12Pool,CrazyZerg,EarlyRush;1Base,35559,023de72a-67fe-4d5d-8afa-1d80ec24f940,CrazyZerg,0,35559,236.6940,78,285,412,113,334,146,8,320,512,240,117,454,6201,467,162,32,5161,35560,11305,2600,8705,393,2539,2002,87,502,9,28,35559,12Pool,CrazyZerg,EarlyRush;1Base,false,35559
20260904-031526,KU4HQ071,Tomas Cere,Protoss,(2)Destination.scx,WIN,0,2026-09-04T03:26:07,2026-09-04T03:29:20,190.8,0.63,6e32a9d,False,True,ok,True,Infested Artosis,False,False,True,375,2800,3375,1500,False,1125,550,0,1400,368,8832,1618,1450,0,0,37,50,3.285,7681.0,1788517750569,true,2,4Pool,4Pool,1Base,8837,ad6612f4-3812-4163-b14d-28cb6cf4c9ef,4Pool,1,8837,34.4743,7,12,12,24,56,30,8,320,512,240,25,11,358,31,31,7,308,8790,177,30,147,24,0,29,1,0,0,7,8837,4Pool,4Pool,1Base,true,8837
20260904-031526,KU4HQ003,Dave Churchill,Random,(3)NeoMoonGlaive.scx,LOSS,0,2026-09-04T03:26:31,2026-09-04T03:30:27,235.1,0.63,6e32a9d,False,True,ok,True,Dave Churchill,False,False,False,1120,500,0,4300,True,2275,7750,3360,8450,750,18000,5210,5200,432,100,52,70,2.774,8620.0,1788517820795,false,3,Overpool,SpeedlingAllIn,EarlyRush;1Base;2Gate,18013,248c045f-aa03-405d-8905-bad77f3d8d33,SpeedlingAllIn,0,18013,194.9976,18,116,116,3,10,3,8,320,512,240,63,135,1462,121,3,8,1433,18021,888,107,781,86,14,92,14,0,1,17,18013,Overpool,SpeedlingAllIn,EarlyRush;1Base;2Gate,false,18013
20260904-031526,KU4HQ049,Ecgberht,Terran,(4)Roadrunner.scx,NO_RESULT,1,2026-09-04T03:28:26,2026-09-04T03:31:13,,0.63,6e32a9d,False,True,missing,True,,,,,,,,,,,,,,,,,,,,,,,,,,,,,,,,,,,,,,,,,0,,,,,0,0,0,0,0,0,0,,,,,,,,,,,,,,,,,
20260904-031526,KU4HQ02W,liongis,Zerg,(4)CircuitBreaker.scx,LOSS,0,2026-09-04T03:28:58,2026-09-04T03:31:35,155.1,0.63,6e32a9d,False,True,ok,True,liongis,False,False,False,375,250,0,1200,True,780,1500,1125,2000,315,7560,1394,1250,0,0,27,34,2.646,6193.0,1788517885624,false,4,4Pool,4Pool,1Base,7566,3c587221-2f9a-4aec-95b3-07391ec46a58,4Pool,0,7566,211.8402,8,22,22,4,5,4,8,320,512,240,21,28,599,25,5,8,481,7591,222,57,165,20,42,29,28,0,0,11,7566,4Pool,4Pool,1Base,false,7566
20260904-031526,KU4HQ05M,WillBot,Random,(4)CircuitBreaker.scx,WIN,0,2026-09-04T03:29:00,2026-09-04T03:35:46,404.3,0.63,6e32a9d,False,True,ok,True,Infested Artosis,False,False,True,6720,68300,11595,71800,False,4515,109875,5880,32650,1820,43680,62426,59200,19528,16500,290,338,4.457,6201.0,1788518136579,true,4,Overpool,CrazyZerg,1Base,43681,2baec114-738b-441d-b0be-61a747291418,CrazyZerg,1,43681,100.7864,71,1053,1417,411,878,545,8,320,512,240,485,1046,17528,552,540,23,9682,43647,11945,2354,9591,844,1759,760,75,1505,14,43,43681,Overpool,CrazyZerg,1Base,true,43681
20260904-031526,KU4HQ072,Tomas Cere,Protoss,(2)HeartbreakRidge.scx,WIN,0,2026-09-04T03:29:20,2026-09-04T03:32:04,163.0,0.63,6e32a9d,False,True,ok,True,Infested Artosis,False,False,True,375,3400,3375,1600,False,1125,600,0,1700,404,9696,1586,1550,0,0,40,50,2.471,7017.0,1788517915464,true,2,4Pool,4Pool,1Base,9705,a536d78b-2de2-4ed7-b2b8-f54269382b91,4Pool,1,9705,87.3945,7,10,10,30,68,36,8,320,512,240,26,11,411,37,37,7,328,9654,428,32,396,26,0,31,1,0,0,8,9705,4Pool,4Pool,1Base,true,9705
20260904-031526,KU4HQ08F,VOID,Terran,(4)Icarus.scm,LOSS,0,2026-09-04T03:30:00,2026-09-04T03:32:48,165.8,0.63,6e32a9d,False,True,ok,True,VOID,False,False,False,1655,4250,0,4450,True,2840,6250,5865,4575,621,14904,6634,6438,1168,638,65,134,2.185,6963.0,1788517957524,false,4,12Hatch,CrazyZerg,1Base,14913,c643d28a-2390-4e8c-913d-c6062889e219,CrazyZerg,0,14913,290.1711,14,50,50,36,72,37,8,320,512,240,30,99,1056,106,37,19,1079,14914,1158,139,1019,91,32,114,23,0,2,35,14913,12Hatch,CrazyZerg,1Base,false,14913
20260904-031526,KU4HQ004,Dave Churchill,Random,(3)TauCross.scx,LOSS,0,2026-09-04T03:30:27,2026-09-04T03:33:17,168.8,0.63,6e32a9d,False,True,ok,True,Dave Churchill,False,False,False,1155,600,0,2450,True,1040,4100,3465,3200,444,10656,3802,3575,680,350,46,68,2.594,7799.0,1788517988906,false,3,Overpool,2HatchMuta,1Base,10666,c170a8f4-fe91-4ebb-b751-0d4ad46fb0a5,2HatchMuta,0,10666,134.6418,6,22,22,6,12,6,8,320,512,240,20,56,629,81,6,6,606,10667,701,124,577,52,53,104,18,0,2,53,10666,Overpool,2HatchMuta,1Base,false,10666
20260904-031526,KU4HQ01H,MadMixR,Random,(4)LaMancha1.1.scx,LOSS,0,2026-09-04T03:31:05,2026-09-04T03:34:07,181.0,0.63,6e32a9d,False,True,ok,True,MadMixR,False,False,False,1260,0,0,1875,True,2300,2400,3780,4700,498,11952,2994,2975,328,175,42,52,2.651,7067.0,1788518036380,false,4,12Pool,3HatchHydra,1Base,11968,0a38350e-d600-482b-a814-b9a590f346bb,3HatchHydra,0,11968,274.9363,6,11,12,0,0,0,8,320,512,240,11,36,474,100,0,11,473,11981,516,107,409,40,52,79,23,0,5,35,11968,12Pool,3HatchHydra,1Base,false,11968
20260904-031526,KU4HQ04A,Ecgberht,Terran,(2)Benzene.scx,LOSS,0,2026-09-04T03:31:13,2026-09-04T03:34:37,202.5,0.63,6e32a9d,False,True,ok,True,Ecgberht,False,False,False,1305,2100,0,6350,True,2380,13200,3915,6700,629,15096,7306,6800,2040,1625,70,118,2.781,7007.0,1788518068708,false,2,12Hatch,3HatchLurker,1Base,15099,c4156b12-3170-4a4d-9345-049e62ff2aad,3HatchLurker,0,15099,180.8346,8,62,85,11,22,12,8,320,512,240,29,106,1243,131,14,16,1150,15098,889,160,729,96,55,134,22,1,3,58,15099,12Hatch,3HatchLurker,1Base,false,15099
20260904-031526,KU4HQ02X,liongis,Zerg,(4)EmpireoftheSun.scm,LOSS,0,2026-09-04T03:31:35,2026-09-04T03:34:34,177.9,0.63,6e32a9d,False,True,ok,True,liongis,False,False,False,1000,1400,0,2500,True,1340,3450,3000,3200,407,9768,3178,3150,392,100,49,68,3.538,10445.0,1788518064773,false,4,Overpool,SpeedlingAllIn,Hydralisk,9767,d8cdb53b-fa45-4bf4-9d8f-a3bd5fc4de90,SpeedlingAllIn,0,9767,181.5211,10,45,45,28,28,28,8,320,512,240,31,61,884,35,29,9,1021,9768,334,60,274,46,7,53,6,0,1,11,9767,Overpool,SpeedlingAllIn,Hydralisk,false,9767
20260904-031526,KU4HQ073,Tomas Cere,Protoss,(3)NeoMoonGlaive.scx,WIN,0,2026-09-04T03:32:04,2026-09-04T03:34:52,166.3,0.63,6e32a9d,False,True,ok,True,Infested Artosis,False,False,True,375,2100,3075,1050,False,625,200,0,1050,264,6336,1122,1050,0,0,32,34,3.615,8692.0,1788518085331,true,3,4Pool,4Pool,1Base,6357,2f3c74c1-f52c-4fb5-8b06-8e64d05a26b3,4Pool,1,6357,37.1573,3,4,4,18,42,23,8,320,512,240,18,4,269,23,23,6,188,6324,138,24,114,17,0,23,1,0,0,7,6357,4Pool,4Pool,1Base,true,6357
20260904-031526,KU4HQ08G,VOID,Terran,(4)Jade.scx,LOSS,0,2026-09-04T03:32:48,2026-09-04T03:39:09,380.1,0.63,6e32a9d,False,True,ok,True,VOID,False,False,False,6480,9900,150,23000,True,4640,40500,25065,14300,2195,52680,39458,29007,11216,3557,118,150,3.035,6836.0,1788518341014,false,4,12Hatch,CrazyZerg,2RaxAcademy;1Base,52702,07367bbe-6bce-4be3-8d85-00f9ab6eca12,CrazyZerg,0,52702,241.7387,76,246,308,92,184,111,8,320,512,240,115,461,10175,314,118,20,4709,52703,3854,574,3280,405,157,420,146,0,8,33,52702,12Hatch,CrazyZerg,2RaxAcademy;1Base,false,52702
20260904-031526,KU4HQ005,Dave Churchill,Random,(4)Andromeda.scx,WIN,0,2026-09-04T03:33:17,2026-09-04T03:36:32,193.3,0.63,6e32a9d,False,True,ok,True,Infested Artosis,False,False,True,1135,3600,2400,2950,False,500,2100,900,2350,599,14376,4194,4200,0,0,54,54,2.668,8797.0,1788518183126,true,4,Overpool,1HatchSpire,1Base;EarlyRush,14386,bbd20600-474e-497a-bd3e-c266f4303d2e,1HatchSpire,1,14386,256.2843,9,40,40,57,72,61,8,320,512,240,41,44,1494,27,61,7,1161,14336,599,88,511,62,19,62,26,0,0,19,14386,Overpool,1HatchSpire,1Base;EarlyRush,true,14386
20260904-031526,KU4HQ01I,MadMixR,Random,(4)Python.scx,WIN,0,2026-09-04T03:34:07,2026-09-04T03:38:13,244.4,0.63,6e32a9d,False,True,ok,True,Infested Artosis,False,False,True,2385,21800,11145,22650,False,3640,27000,0,13300,1025,24600,17642,16950,8424,8075,159,182,2.912,8003.0,1788518283541,true,4,12Pool,CrazyZerg,1Base,24616,a7d5a18a-8f6d-4bf8-9638-d2c5e870e6a1,CrazyZerg,1,24616,228.9009,19,217,337,142,326,183,8,320,512,240,92,190,3637,189,183,21,2174,24580,1830,239,1591,213,14,205,23,0,11,21,24616,12Pool,CrazyZerg,1Base,true,24616
20260904-031526,KU4HQ02Y,liongis,Zerg,(4)FightingSpirit.scx,WIN,0,2026-09-04T03:34:34,2026-09-04T03:37:21,165.8,0.63,6e32a9d,False,True,ok,True,Infested Artosis,False,False,True,375,1350,0,1050,False,700,350,0,1100,257,6168,1122,1000,0,0,27,34,4.111,6863.0,1788518231364,true,4,4Pool,4Pool,1Base,6171,cc8dde9c-aabe-4a3b-b81b-609f966fc1b4,4Pool,1,6171,152.8599,3,7,7,18,27,18,8,320,512,240,18,7,304,11,19,6,215,6041,128,23,105,16,0,22,1,0,0,7,6171,4Pool,4Pool,1Base,true,6171
20260904-031526,KU4HQ04B,Ecgberht,Terran,(2)Destination.scx,LOSS,0,2026-09-04T03:34:37,2026-09-04T03:38:34,235.7,0.63,6e32a9d,False,True,ok,True,Ecgberht,False,False,False,1905,10600,0,7850,True,4055,14350,5715,13150,864,20736,8050,8025,1576,1400,69,138,2.907,7357.0,1788518305767,false,2,12Hatch,3HatchLurker,EarlyRush;1Base,20741,5d938319-7b39-49c4-95eb-4a33aae7edcb,3HatchLurker,0,20741,211.0917,18,125,151,67,134,94,8,320,512,240,55,148,2077,248,77,19,2016,20752,2221,478,1743,114,404,459,14,1,4,29,20741,12Hatch,3HatchLurker,EarlyRush;1Base,false,20741
20260904-031526,KU4HQ074,Tomas Cere,Protoss,(3)TauCross.scx,WIN,0,2026-09-04T03:34:52,2026-09-04T03:37:58,184.0,0.63,6e32a9d,False,True,ok,True,Infested Artosis,False,False,True,375,2700,4050,1450,False,1350,450,0,1350,360,8640,1610,1400,0,0,37,50,3.757,8713.0,1788518270374,true,3,4Pool,4Pool,1Base,8651,e56d8987-f173-43f4-b822-7e6b210c4538,4Pool,1,8651,36.6318,3,11,11,23,54,32,8,320,512,240,24,9,326,32,32,8,289,8612,169,29,140,23,0,28,1,0,0,7,8651,4Pool,4Pool,1Base,true,8651
20260904-031526,KU4HQ05N,WillBot,Random,(4)EmpireoftheSun.scm,LOSS,0,2026-09-04T03:35:46,2026-09-04T03:41:07,319.7,0.63,6e32a9d,False,True,ok,True,WillBot,False,False,False,5015,22200,0,30150,True,5290,55330,15495,27400,1565,37560,26746,26725,8928,8600,178,202,3.415,10651.0,1788518456654,false,4,Overpool,CrazyZerg,1Base;2RaxAcademy,37574,4ec886dc-3716-4907-af29-e52107aebe9c,CrazyZerg,0,37574,192.9094,55,394,589,114,256,133,8,320,512,240,161,466,11424,394,152,23,5027,37575,4485,483,4002,373,78,392,78,2,11,75,37574,Overpool,CrazyZerg,1Base;2RaxAcademy,false,37574
20260904-031526,KU4HQ006,Dave Churchill,Random,(4)CircuitBreaker.scx,LOSS,0,2026-09-04T03:36:32,2026-09-04T03:39:47,193.1,0.63,6e32a9d,False,True,ok,True,Dave Churchill,False,False,False,1200,1500,0,3500,True,1875,4450,3600,5800,613,14712,4834,4800,264,175,55,68,2.611,7718.0,1788518380120,false,4,Overpool,3HatchHydra,2Gate;EarlyRush;1Base,14727,42b0858d-17cc-47ea-87d6-5d6c801329a5,3HatchHydra,0,14727,177.2255,13,76,76,8,30,8,8,320,512,240,49,93,806,94,8,8,1072,14728,4965,1359,3606,79,1471,1326,27,0,6,53,14727,Overpool,3HatchHydra,2Gate;EarlyRush;1Base,false,14727
20260904-031526,KU4HQ02Z,liongis,Zerg,(4)Icarus.scm,LOSS,0,2026-09-04T03:37:21,2026-09-04T03:40:00,157.1,0.63,6e32a9d,False,True,ok,True,liongis,False,False,False,1000,950,0,2550,True,1080,3150,3000,2950,417,10008,3346,3300,392,100,42,68,2.391,6261.0,1788518392439,false,4,Overpool,SpeedlingAllIn,1Base,10015,92f7cbd8-b6fc-4e0f-8206-37fd82cb2df6,SpeedlingAllIn,0,10015,233.4731,17,41,41,19,19,19,8,320,512,240,33,56,889,40,20,8,930,10044,385,63,322,49,7,56,6,0,1,13,10015,Overpool,SpeedlingAllIn,1Base,false,10015
20260904-031526,KU4HQ075,Tomas Cere,Protoss,(4)Andromeda.scx,LOSS,0,2026-09-04T03:37:58,2026-09-04T03:41:12,193.1,0.63,6e32a9d,False,True,ok,True,Tomas Cere,False,False,False,375,1000,0,2400,True,2825,4400,1125,8250,660,15840,2706,2450,0,0,30,50,2.61,8117.0,1788518463168,false,4,4Pool,4Pool,,15843,27c46da3-398f-4f34-a499-8b29d9d02406,4Pool,0,15843,195.1426,22,75,75,8,20,20,8,320,512,240,43,79,1042,142,20,16,1150,15863,353,74,279,44,34,59,15,0,0,10,15843,4Pool,4Pool,,false,15843
20260904-031526,KU4HQ01J,MadMixR,Random,(4)Roadrunner.scx,LOSS,0,2026-09-04T03:38:13,2026-09-04T03:43:29,314.0,0.63,6e32a9d,False,True,ok,True,MadMixR,False,False,False,3645,17780,6300,28950,True,10350,72415,13935,28290,1352,32448,26354,26300,6568,5400,166,220,3.981,7674.0,1788518599940,false,4,Overpool,3HatchHydra,FFE,32459,cf7c8b68-dfee-40dc-8660-49bdbbde7a97,3HatchHydra,0,32459,176.0932,39,239,411,63,210,98,8,320,512,240,34,343,8424,347,98,21,3424,32489,3434,519,2915,352,158,447,64,0,8,53,32459,Overpool,3HatchHydra,FFE,false,32459
20260904-031526,KU4HQ04C,Ecgberht,Terran,(2)HeartbreakRidge.scx,LOSS,0,2026-09-04T03:38:34,2026-09-04T03:42:28,232.2,0.63,6e32a9d,False,True,ok,True,Ecgberht,False,False,False,1450,10950,0,9150,True,3780,17350,6150,13500,906,21744,9722,9575,2504,1950,81,86,2.787,7672.0,1788518540497,false,2,12Hatch,3HatchLurker,1Base,21764,1dfb6544-e4b4-406f-98d2-c4d61cd9c731,3HatchLurker,0,21764,165.3436,17,93,128,80,160,83,8,320,512,240,39,152,2023,236,85,18,1606,21781,1574,242,1332,138,99,212,26,1,3,47,21764,12Hatch,3HatchLurker,1Base,false,21764
20260904-031526,KU4HQ08H,VOID,Terran,(4)LaMancha1.1.scx,LOSS,0,2026-09-04T03:39:09,2026-09-04T03:43:30,259.5,0.63,6e32a9d,False,True,ok,True,VOID,False,False,False,3740,4900,300,8100,True,5365,12750,15720,13350,1259,30216,14770,13925,928,550,55,134,2.868,8317.0,1788518604163,false,4,12Hatch,CrazyZerg,2RaxAcademy;1Base,30227,3a9a1a1e-01f5-47c6-a09e-d1eeffbb493d,CrazyZerg,0,30227,167.3442,14,35,35,47,94,59,8,320,512,240,25,179,3393,315,63,19,1932,30228,2332,299,2033,192,95,191,106,0,2,40,30227,12Hatch,CrazyZerg,2RaxAcademy;1Base,false,30227
20260904-031526,KU4HQ007,Dave Churchill,Random,(4)EmpireoftheSun.scm,LOSS,0,2026-09-04T03:39:47,2026-09-04T03:43:08,199.2,0.63,6e32a9d,False,True,ok,True,Dave Churchill,False,False,False,995,450,0,1900,True,400,2120,2985,2050,534,12816,2882,2900,0,0,32,52,3.583,10447.0,1788518579778,false,4,Overpool,1HatchSpire,EarlyRush;1Base,12836,09e7ee5a-869d-4900-ba06-6f64e1e586bf,1HatchSpire,0,12836,212.0242,12,37,37,8,9,9,8,320,512,240,28,49,1159,27,9,7,865,12837,516,91,425,45,44,68,23,0,0,39,12836,Overpool,1HatchSpire,EarlyRush;1Base,false,12836
20260904-031526,KU4HQ030,liongis,Zerg,(4)Jade.scx,LOSS,0,2026-09-04T03:40:00,2026-09-04T03:42:42,160.1,0.63,6e32a9d,False,True,ok,True,liongis,False,False,False,375,450,0,1400,True,780,1850,1125,2250,347,8328,1418,1350,0,0,32,50,3.47,8988.0,1788518552913,false,4,4Pool,4Pool,1Base,8341,d1e86eb1-3f6c-45cb-bdf5-2d3187dcc142,4Pool,0,8341,208.9098,6,31,31,9,9,9,8,320,512,240,23,35,533,29,10,8,641,8342,207,45,162,22,26,31,14,0,0,11,8341,4Pool,4Pool,1Base,false,8341
20260904-031526,KU4HQ05O,WillBot,Random,(4)FightingSpirit.scx,LOSS,0,2026-09-04T03:41:07,2026-09-04T03:48:21,432.1,0.63,6e32a9d,False,True,ok,True,WillBot,False,False,False,5215,27100,1020,38000,True,3640,67270,20220,34675,2636,63264,32474,31725,9088,7975,167,214,2.93,8821.0,1788518891055,false,4,Overpool,1HatchSpire,Hydralisk;1Base,63273,34b0896b-3dc4-4cb0-91a2-e94ba55dcd1d,1HatchSpire,0,63273,211.7471,134,468,714,109,202,123,8,320,512,240,182,556,20242,14,117,17,8796,63281,3574,472,3102,427,43,394,74,0,4,23,63273,Overpool,1HatchSpire,Hydralisk;1Base,false,63273
20260904-031526,KU4HQ076,Tomas Cere,Protoss,(4)CircuitBreaker.scx,WIN,0,2026-09-04T03:41:12,2026-09-04T03:44:03,169.1,0.63,6e32a9d,False,True,ok,True,Infested Artosis,False,False,True,375,2500,5250,1650,False,1350,600,0,1250,419,10056,1858,1600,0,0,42,50,2.749,8185.0,1788518633556,true,4,4Pool,4Pool,1Base,10077,e456f94a-7732-47d1-bb8a-4aee82a8280c,4Pool,1,10077,38.0501,9,12,12,21,50,31,8,320,512,240,28,12,362,31,31,8,397,10044,205,35,170,28,0,34,1,0,0,7,10077,4Pool,4Pool,1Base,true,10077
20260904-031526,KU4HQ04D,Ecgberht,Terran,(3)NeoMoonGlaive.scx,LOSS,0,2026-09-04T03:42:28,2026-09-04T03:46:58,268.8,0.63,6e32a9d,False,True,ok,True,Ecgberht,False,False,False,1980,20350,0,17900,True,4905,29050,6840,21825,1041,24984,14410,14363,5248,4988,111,150,3.098,6342.0,1788518807870,false,3,12Hatch,3HatchLurker,1Base;2RaxAcademy,24988,2713181c-3179-4138-ad66-88b31a184711,3HatchLurker,0,24988,187.2958,18,148,234,131,262,147,8,320,512,240,52,203,3109,361,149,19,2491,24989,2131,318,1813,215,93,262,47,1,8,42,24988,12Hatch,3HatchLurker,1Base;2RaxAcademy,false,24988
20260904-031526,KU4HQ031,liongis,Zerg,(4)LaMancha1.1.scx,LOSS,0,2026-09-04T03:42:42,2026-09-04T03:45:45,181.2,0.63,6e32a9d,False,True,ok,True,liongis,False,False,False,1000,900,0,2400,True,1080,3350,3000,2650,410,9840,3050,3050,368,100,43,68,3.185,7234.0,1788518736025,false,4,Overpool,SpeedlingAllIn,1Base,9860,5fda8db4-d8fd-43ac-9702-53aab7fb75be,SpeedlingAllIn,0,9860,157.8707,6,46,46,18,18,18,8,320,512,240,29,59,979,37,19,8,825,9870,349,58,291,44,7,51,6,0,1,11,9860,Overpool,SpeedlingAllIn,1Base,false,9860
20260904-031526,KU4HQ008,Dave Churchill,Random,(4)FightingSpirit.scx,LOSS,0,2026-09-04T03:43:08,2026-09-04T03:46:08,178.1,0.63,6e32a9d,False,True,ok,True,Dave Churchill,False,False,False,715,100,0,1050,True,375,1200,2145,1100,267,6408,1410,1425,0,0,30,36,4.304,9660.0,1788518757159,false,4,12Pool,1HatchSpire,EarlyRush;1Base,6419,2c645f40-2474-4543-9f09-04e3767322e6,1HatchSpire,0,6419,197.2844,1,0,0,2,2,2,8,320,512,240,8,18,289,18,2,5,309,6442,263,55,208,19,37,40,15,0,0,19,6419,12Pool,1HatchSpire,EarlyRush;1Base,false,6419
20260904-031526,KU4HQ01K,MadMixR,Random,(2)Benzene.scx,LOSS,0,2026-09-04T03:43:29,2026-09-04T03:47:17,226.6,0.63,6e32a9d,False,True,ok,True,MadMixR,False,False,False,1210,750,0,1750,True,1545,2880,5430,5050,547,13128,2610,2600,376,250,46,52,4.108,9632.0,1788518827057,false,2,12Pool,1HatchSpire,Hydralisk,13146,0d74e11e-4572-41e7-9686-f1fcc8109299,1HatchSpire,0,13146,201.0725,16,18,18,14,15,14,8,320,512,240,15,41,1017,23,16,12,864,13168,454,69,385,36,29,56,12,0,1,25,13146,12Pool,1HatchSpire,Hydralisk,false,13146
20260904-031526,KU4HQ08I,VOID,Terran,(4)Python.scx,WIN,0,2026-09-04T03:43:30,2026-09-04T03:47:50,257.5,0.63,6e32a9d,False,True,ok,True,Infested Artosis,False,False,True,4960,13650,8445,24025,False,2615,16300,900,6825,989,23736,24834,23300,8200,6825,288,352,3.23,11833.0,1788518861470,true,4,12Hatch,CrazyZerg,2RaxAcademy;1Base,23748,7845ec4a-fe90-466e-bfdb-3e50bb1aedd1,CrazyZerg,1,23748,227.1352,7,176,221,118,236,152,8,320,512,240,110,185,3086,152,152,16,1900,23716,2429,324,2105,307,13,266,46,2,10,36,23748,12Hatch,CrazyZerg,2RaxAcademy;1Base,true,23748
20260904-031526,KU4HQ077,Tomas Cere,Protoss,(4)EmpireoftheSun.scm,WIN,0,2026-09-04T03:44:03,2026-09-04T03:47:21,196.8,0.63,6e32a9d,False,True,ok,True,Infested Artosis,False,False,True,375,2800,3375,1150,False,675,350,0,1400,299,7176,1338,1200,0,0,31,34,5.201,12212.0,1788518833517,true,4,4Pool,4Pool,1Base,7194,4162dc18-eb4c-4fa1-9048-58589ee56635,4Pool,1,7194,38.7671,4,7,7,24,56,30,8,320,512,240,20,7,290,30,30,7,242,7160,144,25,119,19,0,24,1,0,0,7,7194,4Pool,4Pool,1Base,true,7194
20260904-031526,KU4HQ032,liongis,Zerg,(4)Python.scx,LOSS,0,2026-09-04T03:45:45,2026-09-04T03:48:39,172.5,0.63,6e32a9d,False,True,ok,True,liongis,False,False,False,375,350,0,1400,True,1080,1750,1125,2400,363,8712,1354,1350,0,0,28,50,2.49,7082.0,1788518910772,false,4,4Pool,4Pool,1Base,8713,d5c1d24b-8a6b-4e37-88ed-7b69958c5cfd,4Pool,0,8713,265.4004,7,27,27,7,7,8,8,320,512,240,23,33,755,31,8,8,604,8722,225,48,177,22,29,31,17,0,0,11,8713,4Pool,4Pool,1Base,false,8713
20260904-031526,KU4HQ009,Dave Churchill,Random,(4)Icarus.scm,LOSS,0,2026-09-04T03:46:08,2026-09-04T03:49:35,205.4,0.63,6e32a9d,False,True,ok,True,Dave Churchill,False,False,False,900,1300,0,3250,True,2025,5300,2700,5050,600,14400,3994,3975,208,100,40,52,2.154,6446.0,1788518966446,false,4,Overpool,SpeedlingAllIn,2Gate;EarlyRush;1Base,14417,d0ddc47b-d022-47f0-b682-a7500b1a89b3,SpeedlingAllIn,0,14417,205.5122,10,83,83,7,26,7,8,320,512,240,48,101,1218,93,7,8,985,14418,2000,98,1902,67,31,69,28,0,1,18,14417,Overpool,SpeedlingAllIn,2Gate;EarlyRush;1Base,false,14417
20260904-031526,KU4HQ04E,Ecgberht,Terran,(3)TauCross.scx,WIN,0,2026-09-04T03:46:58,2026-09-04T03:50:52,232.4,0.63,6e32a9d,False,True,ok,True,Infested Artosis,False,False,True,1765,18550,6540,15975,False,2180,13700,0,9225,927,22248,15730,14025,4376,4125,176,216,2.579,6020.0,1788519044489,true,3,12Hatch,3HatchLurker,1Base,22260,3d60d159-a08e-44ef-9a99-a88002c9dcb1,3HatchLurker,1,22260,172.9147,8,95,129,134,268,158,8,320,512,240,47,96,2173,162,160,15,1637,22226,2064,224,1840,196,15,196,20,1,7,33,22260,12Hatch,3HatchLurker,1Base,true,22260
20260904-031526,KU4HQ01L,MadMixR,Random,(2)Destination.scx,LOSS,0,2026-09-04T03:47:17,2026-09-04T03:50:50,210.9,0.63,6e32a9d,False,True,ok,True,MadMixR,False,False,False,1795,2900,0,4800,True,1965,7150,5385,6775,706,16944,6082,6050,1224,1150,63,84,2.744,7829.0,1788519040419,false,2,12Pool,CrazyZerg,1Base,16959,9bb0c8c7-70d1-47e5-95d5-9d90dd2b3339,CrazyZerg,0,16959,197.4488,14,58,64,24,48,45,8,320,512,240,34,99,1551,138,25,17,1171,16979,1064,166,898,84,58,128,33,0,5,44,16959,12Pool,CrazyZerg,1Base,false,16959
20260904-031526,KU4HQ078,Tomas Cere,Protoss,(4)FightingSpirit.scx,WIN,0,2026-09-04T03:47:21,2026-09-04T03:50:27,183.8,0.63,6e32a9d,False,True,ok,True,Infested Artosis,False,False,True,375,3800,3525,1400,False,1175,300,0,1900,347,8328,1530,1350,0,0,38,50,3.251,8453.0,1788519017585,true,4,4Pool,4Pool,1Base;1GateCore,8341,471616a3-524d-4352-9b67-bbd67676e20a,4Pool,1,8341,38.4421,6,7,7,31,76,38,8,320,512,240,23,6,346,40,40,7,297,8287,162,28,134,22,0,27,1,0,0,7,8341,4Pool,4Pool,1Base;1GateCore,true,8341
20260904-031526,KU4HQ08J,VOID,Terran,(4)Roadrunner.scx,LOSS,0,2026-09-04T03:47:50,2026-09-04T03:51:04,193.4,0.63,6e32a9d,False,True,ok,True,VOID,False,False,False,1735,2900,0,4000,True,2840,5550,5205,4550,613,14712,6002,5813,752,588,60,118,2.938,8079.0,1788519054044,false,4,12Hatch,CrazyZerg,2RaxAcademy;1Base,14727,6fcc9418-b5be-456f-be4a-1e25ea248112,CrazyZerg,0,14727,241.6532,19,38,38,25,50,26,8,320,512,240,25,88,908,110,26,19,1081,14753,939,135,804,85,35,99,34,0,2,31,14727,12Hatch,CrazyZerg,2RaxAcademy;1Base,false,14727
20260904-031526,KU4HQ05P,WillBot,Random,(4)Icarus.scm,LOSS,0,2026-09-04T03:48:21,2026-09-04T03:52:24,241.2,0.63,6e32a9d,False,True,ok,True,WillBot,False,False,False,375,7800,450,5100,True,4940,9800,1125,20825,1408,33792,6378,5100,0,0,32,50,1.94,8505.0,1788519136160,false,4,4Pool,4Pool,1Base,33792,a167a68c-a8b5-4a3f-9540-ad4b00a0d744,4Pool,0,33792,317.6859,32,171,171,74,148,86,8,320,512,240,97,187,2787,319,95,22,2417,33800,665,125,540,97,32,105,20,0,0,11,33792,4Pool,4Pool,1Base,false,33792
20260904-031526,KU4HQ033,liongis,Zerg,(4)Roadrunner.scx,LOSS,0,2026-09-04T03:48:39,2026-09-04T03:51:50,189.9,0.63,6e32a9d,False,True,ok,True,liongis,False,False,False,1300,4900,0,4800,True,1180,8450,3900,5550,645,15480,5762,5750,424,100,61,72,2.641,8257.0,1788519102462,false,4,Overpool,SpeedlingAllIn,1Base;Hydralisk,15502,c5d9c969-1daa-40ff-a59f-fc7939ef49b9,SpeedlingAllIn,0,15502,226.6831,21,171,171,98,98,98,8,320,512,240,77,160,2687,73,99,10,2547,15504,813,113,700,93,10,102,10,0,1,17,15502,Overpool,SpeedlingAllIn,1Base;Hydralisk,false,15502
20260904-031526,KU4HQ00A,Dave Churchill,Random,(4)Jade.scx,LOSS,0,2026-09-04T03:49:35,2026-09-04T03:52:13,156.9,0.63,6e32a9d,False,True,ok,True,Dave Churchill,False,False,False,900,400,0,1600,True,940,2130,2700,2600,382,9168,2114,2100,264,150,28,52,2.308,6389.0,1788519123795,false,4,Overpool,3HatchLurker,EarlyRush;1Base,9178,a9d4b1b3-a55e-4208-9251-5b2a8447d44c,3HatchLurker,0,9178,248.8629,5,8,8,4,8,4,8,320,512,240,13,30,431,64,4,6,467,9179,4123,1102,3021,29,1243,1080,22,0,0,36,9178,Overpool,3HatchLurker,EarlyRush;1Base,false,9178
20260904-031526,KU4HQ079,Tomas Cere,Protoss,(4)Icarus.scm,WIN,0,2026-09-04T03:50:27,2026-09-04T03:53:11,162.9,0.63,6e32a9d,False,True,ok,True,Infested Artosis,False,False,True,375,2500,3375,1250,False,725,400,0,1250,317,7608,1474,1200,0,0,34,34,2.202,5839.0,1788519184886,true,4,4Pool,4Pool,1Base,7628,aeb4afcc-50cb-4e71-9e30-b00ae70235c0,4Pool,1,7628,33.3323,4,8,8,21,50,27,8,320,512,240,22,8,307,27,27,7,221,7570,153,27,126,20,0,26,1,0,0,7,7628,4Pool,4Pool,1Base,true,7628
20260904-031526,KU4HQ01M,MadMixR,Random,(2)HeartbreakRidge.scx,LOSS,0,2026-09-04T03:50:50,2026-09-04T03:55:29,277.6,0.63,6e32a9d,False,True,ok,True,MadMixR,False,False,False,2990,18440,2700,22100,True,10300,52510,19870,26845,1249,29976,21110,21100,4728,4175,138,170,3.087,6586.0,1788519319530,false,2,Overpool,3HatchHydra,FFE,29979,ad7125d6-ca3e-4c58-b975-e96a4d56f8d4,3HatchHydra,0,29979,209.0426,33,173,297,40,178,88,8,320,512,240,30,272,4849,309,61,19,2942,30003,2674,347,2327,284,40,302,37,0,8,44,29979,Overpool,3HatchHydra,FFE,false,29979
20260904-031526,KU4HQ04F,Ecgberht,Terran,(4)Andromeda.scx,LOSS,0,2026-09-04T03:50:52,2026-09-04T03:54:46,232.1,0.63,6e32a9d,False,True,ok,True,Ecgberht,False,False,False,1845,7700,0,10225,True,3730,20300,5535,10525,824,19776,10578,10500,2360,2175,86,104,3.019,9167.0,1788519276366,false,4,12Hatch,3HatchLurker,1Base,19780,90bee4c9-977b-4e76-ac91-dd256fe8b56b,3HatchLurker,0,19780,172.1302,12,114,155,46,92,50,8,320,512,240,45,172,1982,194,52,19,1600,19791,2037,244,1793,156,73,205,34,1,4,53,19780,12Hatch,3HatchLurker,1Base,false,19780
20260904-031526,KU4HQ08K,VOID,Terran,(2)Benzene.scx,WIN,0,2026-09-04T03:51:04,2026-09-04T03:55:01,235.3,0.63,6e32a9d,False,True,ok,True,Infested Artosis,False,False,True,5850,11050,9195,22475,False,2815,11150,1200,5525,1032,24768,24446,23525,7128,6525,315,324,2.641,8016.0,1788519294123,true,2,12Hatch,CrazyZerg,1Base,24771,7a7857e0-915a-4bad-b787-6accb8ef3035,CrazyZerg,1,24771,148.2220,15,99,129,96,192,133,8,320,512,240,79,113,2711,131,128,17,1533,24729,2047,311,1736,303,5,242,58,2,9,22,24771,12Hatch,CrazyZerg,1Base,true,24771
20260904-031526,KU4HQ034,liongis,Zerg,(2)Benzene.scx,LOSS,0,2026-09-04T03:51:50,2026-09-04T03:55:02,190.2,0.63,6e32a9d,False,True,ok,True,liongis,False,False,False,375,1600,0,1900,True,1080,2350,1125,3350,483,11592,2218,1850,0,0,47,50,3.272,7618.0,1788519292895,false,2,4Pool,4Pool,1Base,11596,fc11cbb3-3f15-4f50-b785-ea42b2744df9,4Pool,0,11596,200.8462,12,57,57,32,32,33,8,320,512,240,33,45,1423,46,33,8,1046,11607,278,61,217,32,32,42,19,0,0,11,11596,4Pool,4Pool,1Base,false,11596
20260904-031526,KU4HQ00B,Dave Churchill,Random,(4)LaMancha1.1.scx,LOSS,0,2026-09-04T03:52:13,2026-09-04T03:55:10,174.9,0.63,6e32a9d,False,True,ok,True,Dave Churchill,False,False,False,800,100,0,1500,True,940,1900,2400,2550,365,8760,1914,1900,280,100,30,52,3.572,7965.0,1788519301255,false,4,Overpool,CrazyZerg,EarlyRush,8775,d7ae2207-6681-4b11-b169-ab1ffc6338e4,CrazyZerg,0,8775,180.5480,9,8,8,1,2,1,8,320,512,240,12,28,362,64,1,6,512,8790,2511,876,1635,26,986,858,17,0,1,44,8775,Overpool,CrazyZerg,EarlyRush,false,8775
20260904-031526,KU4HQ05Q,WillBot,Random,(4)Jade.scx,LOSS,0,2026-09-04T03:52:24,2026-09-04T03:56:59,274.4,0.63,6e32a9d,False,True,ok,True,WillBot,False,False,False,5345,7500,600,20500,True,5375,37685,19035,25500,1652,39648,24146,23951,3488,3001,155,188,2.13,8701.0,1788519411434,false,4,Overpool,3HatchMuta,EarlyRush;1Base;2Gate,39651,6a9c7bf3-f7b1-4072-90c8-d3e4bbf49c99,3HatchMuta,0,39651,314.2061,41,217,285,39,132,45,8,320,512,240,93,363,6043,216,47,17,3291,39682,7416,871,6545,329,607,785,80,0,6,59,39651,Overpool,3HatchMuta,EarlyRush;1Base;2Gate,false,39651
20260904-031526,KU4HQ07A,Tomas Cere,Protoss,(4)Jade.scx,WIN,0,2026-09-04T03:53:11,2026-09-04T03:55:56,163.0,0.63,6e32a9d,False,True,ok,True,Infested Artosis,False,False,True,375,2600,3075,1350,False,625,600,0,1300,329,7896,1482,1300,0,0,30,50,2.71,7787.0,1788519348732,true,4,4Pool,4Pool,1Base,7907,0db55fef-af39-436b-80b3-10b5500ba3d4,4Pool,1,7907,30.7623,6,12,12,22,52,27,8,320,512,240,22,12,311,27,27,6,251,7871,156,27,129,21,0,26,1,0,0,7,7907,4Pool,4Pool,1Base,true,7907
20260904-031526,KU4HQ04G,Ecgberht,Terran,(4)CircuitBreaker.scx,WIN,0,2026-09-04T03:54:46,2026-09-04T03:58:13,205.3,0.63,6e32a9d,False,True,ok,True,Infested Artosis,False,False,True,1305,8650,4545,6450,False,1515,1900,0,4325,560,13440,6682,6575,1920,1850,102,150,3.063,6362.0,1788519483055,true,4,12Hatch,3HatchLurker,1Base,13456,3579d658-bd4a-4fd5-b5a0-5217ce5d4df7,3HatchLurker,1,13456,182.8120,4,24,26,66,132,85,8,320,512,240,27,27,1060,84,85,14,972,13425,893,113,780,92,1,98,11,1,3,28,13456,12Hatch,3HatchLurker,1Base,true,13456
20260904-031526,KU4HQ08L,VOID,Terran,(2)Destination.scx,LOSS,0,2026-09-04T03:55:01,2026-09-04T04:00:56,352.7,0.63,6e32a9d,False,True,ok,True,VOID,False,False,False,6590,9400,300,20300,True,5215,35730,25170,13550,1971,47304,28378,28250,4008,1650,127,144,2.805,7413.0,1788519648224,false,2,12Hatch,CrazyZerg,1Base,47308,23b245fc-5c04-47e6-baec-8256b0648148,CrazyZerg,0,47308,227.9399,103,372,402,89,178,114,8,320,512,240,177,531,10743,310,107,19,5464,47326,3391,516,2875,416,90,385,124,0,7,65,47308,12Hatch,CrazyZerg,1Base,false,47308
20260904-031526,KU4HQ035,liongis,Zerg,(2)Destination.scx,LOSS,0,2026-09-04T03:55:02,2026-09-04T03:58:04,180.6,0.63,6e32a9d,False,True,ok,True,liongis,False,False,False,400,100,0,1700,True,1080,2300,2100,2300,356,8544,2666,2050,560,100,32,50,3.638,7940.0,1788519474345,false,2,Overpool,SpeedlingAllIn,1Base,8558,20891ea0-0d09-4f9d-b586-4936f49f1691,SpeedlingAllIn,0,8558,172.3163,11,22,22,2,2,20,8,320,512,240,19,38,693,30,3,8,614,8559,286,45,241,30,11,35,9,0,1,12,8558,Overpool,SpeedlingAllIn,1Base,false,8558
20260904-031526,KU4HQ00C,Dave Churchill,Random,(4)Python.scx,WIN,0,2026-09-04T03:55:10,2026-09-04T03:58:31,199.4,0.63,6e32a9d,False,True,ok,True,Infested Artosis,False,False,True,830,2000,1200,2850,False,400,1100,0,1200,418,10032,2730,2675,968,850,44,50,4.042,10044.0,1788519500947,true,4,Overpool,1HatchSpire,EarlyRush;1Base,10046,f8c35fae-ebec-4dac-81a9-892395d34774,1HatchSpire,1,10046,186.7416,4,26,26,32,36,36,8,320,512,240,22,23,847,20,35,6,569,9996,376,56,320,37,0,48,6,0,2,18,10046,Overpool,1HatchSpire,EarlyRush;1Base,true,10046
20260904-031526,KU4HQ01N,MadMixR,Random,(3)NeoMoonGlaive.scx,WIN,0,2026-09-04T03:55:29,2026-09-04T03:59:01,211.0,0.63,6e32a9d,False,True,ok,True,Infested Artosis,False,False,True,2235,11450,5700,7900,False,1900,3600,240,5675,684,16416,10562,9375,3464,2375,126,134,2.949,8749.0,1788519531358,true,3,12Pool,CrazyZerg,1Base;2RaxAcademy,16432,dd7616bf-5b1c-4c26-8793-6683148ea041,CrazyZerg,1,16432,266.0128,8,36,42,96,192,116,8,320,512,240,41,47,1520,118,117,12,890,16373,1695,144,1551,130,12,114,25,0,5,25,16432,12Pool,CrazyZerg,1Base;2RaxAcademy,true,16432
20260904-031526,KU4HQ07B,Tomas Cere,Protoss,(4)LaMancha1.1.scx,WIN,0,2026-09-04T03:55:56,2026-09-04T03:58:49,171.9,0.63,6e32a9d,False,True,ok,True,Infested Artosis,False,False,True,375,2500,3600,1250,False,800,150,0,1250,314,7536,1386,1250,0,0,37,50,3.458,8654.0,1788519521838,true,4,4Pool,4Pool,1Base,7535,17315551-7bdf-4ec9-8594-1bda8a26c922,4Pool,1,7535,36.6625,5,3,3,21,50,28,8,320,512,240,20,3,256,28,28,7,231,7501,160,26,134,20,0,25,1,0,0,7,7535,4Pool,4Pool,1Base,true,7535
20260904-031526,KU4HQ05R,WillBot,Random,(4)LaMancha1.1.scx,LOSS,0,2026-09-04T03:56:59,2026-09-04T04:02:18,316.9,0.63,6e32a9d,False,True,ok,True,WillBot,False,False,False,5310,30450,2100,29200,True,5790,54355,16830,29275,1901,45624,29490,29213,8184,6988,194,204,2.493,6217.0,1788519727720,false,4,Overpool,CrazyZerg,1Base;2RaxAcademy,45634,5dff2a81-d090-4a5e-bf71-f17d30dc5a05,CrazyZerg,0,45634,290.7664,65,366,536,180,392,209,8,320,512,240,161,501,10866,484,246,23,5897,45635,5726,543,5183,413,120,403,127,2,11,83,45634,Overpool,CrazyZerg,1Base;2RaxAcademy,false,45634
20260904-031526,KU4HQ036,liongis,Zerg,(2)HeartbreakRidge.scx,LOSS,0,2026-09-04T03:58:04,2026-09-04T04:00:55,169.0,0.63,6e32a9d,False,True,ok,True,liongis,False,False,False,375,400,0,1400,True,780,1700,1125,2200,348,8352,1442,1350,0,0,31,50,3.033,6168.0,1788519644807,false,2,4Pool,4Pool,1Base,8372,07ce6105-9888-40f0-8075-0f84998941b7,4Pool,0,8372,218.3177,5,27,27,8,8,8,8,320,512,240,23,32,649,30,9,8,562,8396,234,57,177,22,40,31,26,0,0,11,8372,4Pool,4Pool,1Base,false,8372
20260904-031526,KU4HQ04H,Ecgberht,Terran,(4)EmpireoftheSun.scm,LOSS,0,2026-09-04T03:58:13,2026-09-04T04:02:49,274.7,0.63,6e32a9d,False,True,ok,True,Ecgberht,False,False,False,3055,24100,0,18550,True,4705,33810,9165,26625,1196,28704,15762,15750,5096,5000,114,150,2.829,9684.0,1788519760404,false,4,12Hatch,3HatchLurker,1Base,28708,936f72d5-d218-4e56-ad95-e3c29493078b,3HatchLurker,0,28708,192.7216,24,183,282,164,328,178,8,320,512,240,60,226,3810,425,184,20,2909,28709,2871,352,2519,218,73,297,46,1,8,86,28708,12Hatch,3HatchLurker,1Base,false,28708
20260904-031526,KU4HQ00D,Dave Churchill,Random,(4)Roadrunner.scx,WIN,0,2026-09-04T03:58:31,2026-09-04T04:02:03,211.1,0.63,6e32a9d,False,True,ok,True,Infested Artosis,False,False,True,1135,3500,2400,2750,False,500,2150,900,2300,581,13944,3938,3950,0,0,47,54,3.295,9037.0,1788519714839,true,4,Overpool,1HatchSpire,EarlyRush;1Base,13952,2c1178f8-ba47-4f8a-9ee6-44d5ef34fe1f,1HatchSpire,1,13952,229.9036,9,44,44,58,70,62,8,320,512,240,45,46,1508,29,62,7,1078,13908,554,72,482,58,1,59,13,0,0,25,13952,Overpool,1HatchSpire,EarlyRush;1Base,true,13952
20260904-031526,KU4HQ07C,Tomas Cere,Protoss,(4)Python.scx,WIN,0,2026-09-04T03:58:49,2026-09-04T04:02:10,199.2,0.63,6e32a9d,False,True,ok,True,Infested Artosis,False,False,True,375,3300,6000,1800,False,1700,200,0,1650,450,10800,2026,1750,0,0,52,66,3.328,10175.0,1788519719575,true,4,4Pool,4Pool,1Base,10821,9eb44b92-56bf-480d-a49c-f17b0499855f,4Pool,1,10821,39.0238,5,4,4,27,66,37,8,320,512,240,29,4,395,37,37,9,476,10776,232,36,196,30,0,35,1,0,0,7,10821,4Pool,4Pool,1Base,true,10821
20260904-031526,KU4HQ01O,MadMixR,Random,(3)TauCross.scx,WIN,0,2026-09-04T03:59:01,2026-09-04T04:02:19,196.0,0.63,6e32a9d,False,True,ok,True,Infested Artosis,False,False,True,835,3350,1125,2050,False,375,2000,900,2050,547,13128,2602,2600,0,0,28,52,3.61,8577.0,1788519730774,true,3,12Pool,1HatchSpire,EarlyRush;1Base,13146,0f8fe81b-1e14-466b-a90c-5cbceb72d236,1HatchSpire,1,13146,279.9926,16,22,22,57,67,59,8,320,512,240,25,33,898,30,59,5,905,13112,435,56,379,41,14,45,11,0,0,14,13146,12Pool,1HatchSpire,EarlyRush;1Base,true,13146
20260904-031526,KU4HQ037,liongis,Zerg,(3)NeoMoonGlaive.scx,LOSS,0,2026-09-04T04:00:55,2026-09-04T04:03:30,153.8,0.63,6e32a9d,False,True,ok,True,liongis,False,False,False,700,500,0,2400,True,1240,3300,3000,2950,408,9792,3082,3050,544,100,44,66,2.54,6928.0,1788519801645,false,3,Overpool,SpeedlingAllIn,1Base;Hydralisk,9798,f2f9e2db-b133-476f-a2f6-dd2bc44c6332,SpeedlingAllIn,0,9798,241.1522,15,52,52,10,10,10,8,320,512,240,31,60,923,32,11,9,1060,9828,322,55,267,44,7,48,6,0,1,11,9798,Overpool,SpeedlingAllIn,1Base;Hydralisk,false,9798
20260904-031526,KU4HQ08M,VOID,Terran,(2)HeartbreakRidge.scx,WIN,0,2026-09-04T04:00:56,2026-09-04T04:05:32,274.4,0.63,6e32a9d,False,True,ok,True,Infested Artosis,False,False,True,4655,36600,13395,37375,False,4690,44100,3090,19725,1477,35448,34182,32300,10904,9850,268,300,3.04,6804.0,1788519924973,true,2,12Hatch,CrazyZerg,EarlyRush;1Base;2RaxAcademy,35466,10daabe0-2efd-4992-b75c-2259afb12b39,CrazyZerg,1,35466,148.5128,35,477,603,294,592,383,8,320,512,240,247,481,7537,369,365,21,4881,35416,10961,2453,8508,458,2317,2389,49,2,13,40,35466,12Hatch,CrazyZerg,EarlyRush;1Base;2RaxAcademy,true,35466
20260904-031526,KU4HQ00E,Dave Churchill,Random,(2)Benzene.scx,WIN,0,2026-09-04T04:02:03,2026-09-04T04:05:12,187.6,0.63,6e32a9d,False,True,ok,True,Infested Artosis,False,False,True,660,2200,1125,1950,False,375,1000,0,1650,418,10032,2618,2450,440,200,40,50,3.146,6058.0,1788519903335,true,2,Overpool,1HatchSpire,1Base;EarlyRush,10046,e416cc39-ecd4-4e79-9e8c-d3c86411d166,1HatchSpire,1,10046,195.8516,10,21,21,38,44,40,8,320,512,240,27,20,918,26,40,5,761,9989,418,50,368,40,3,41,8,0,1,11,10046,Overpool,1HatchSpire,1Base;EarlyRush,true,10046
20260904-031526,KU4HQ07D,Tomas Cere,Protoss,(4)Roadrunner.scx,WIN,0,2026-09-04T04:02:10,2026-09-04T04:05:27,196.1,0.63,6e32a9d,False,True,ok,True,Infested Artosis,False,False,True,375,6200,4950,1850,False,1650,1050,0,3100,476,11424,2194,1850,0,0,43,50,2.947,6988.0,1788519916716,true,4,4Pool,4Pool,1Base,11441,b750d5e6-ab6e-44bb-8799-7cac04d83e24,4Pool,1,11441,66.3439,10,26,26,49,124,59,8,320,512,240,32,21,556,60,60,9,529,11410,225,39,186,32,0,38,1,0,0,7,11441,4Pool,4Pool,1Base,true,11441
20260904-031526,KU4HQ05S,WillBot,Random,(4)Python.scx,LOSS,0,2026-09-04T04:02:18,2026-09-04T04:06:23,244.2,0.63,6e32a9d,False,True,ok,True,WillBot,False,False,False,455,850,0,3850,True,2625,6550,1365,15000,1047,25128,4290,3925,0,0,49,66,2.662,9421.0,1788519973922,false,4,4Pool,4Pool,EarlyRush;1Base;Hydralisk,25143,0d081daa-ef0d-48d4-aed2-7148be61d4d1,4Pool,0,25143,248.1492,24,124,124,14,17,16,8,320,512,240,69,130,2492,44,17,19,2296,25166,934,102,832,72,34,87,15,0,0,10,25143,4Pool,4Pool,EarlyRush;1Base;Hydralisk,false,25143
20260904-031526,KU4HQ01P,MadMixR,Random,(4)Andromeda.scx,WIN,0,2026-09-04T04:02:19,2026-09-04T04:07:01,280.2,0.63,6e32a9d,False,True,ok,True,Infested Artosis,False,False,True,4635,32480,23700,34725,False,6525,56950,195,16240,1138,27312,34910,30825,10688,6750,246,288,3.428,10478.0,1788520014459,true,4,12Pool,3HatchHydra,1Base,27313,b8826e9f-c7eb-4867-b386-99d69ec0a655,3HatchHydra,1,27313,234.2268,12,201,363,109,362,217,8,320,512,240,23,215,4128,215,217,16,2538,27268,2941,419,2522,408,11,365,46,0,8,55,27313,12Pool,3HatchHydra,1Base,true,27313
20260904-031526,KU4HQ04I,Ecgberht,Terran,(4)FightingSpirit.scx,LOSS,0,2026-09-04T04:02:49,2026-09-04T04:06:19,208.0,0.63,6e32a9d,False,True,ok,True,Ecgberht,False,False,False,1445,1700,0,4975,True,2980,10000,4335,6675,655,15720,6138,6125,1408,1175,62,118,3.031,8640.0,1788519969528,false,4,12Hatch,3HatchLurker,1Base,15719,67dc21da-5ac1-4614-9351-baa3ba70a5b9,3HatchLurker,0,15719,255.2123,13,69,84,15,30,15,8,320,512,240,31,98,1200,135,15,17,1054,15720,846,141,705,83,47,108,29,1,3,38,15719,12Hatch,3HatchLurker,1Base,false,15719
20260904-031526,KU4HQ038,liongis,Zerg,(3)TauCross.scx,WIN,0,2026-09-04T04:03:30,2026-09-04T04:06:02,150.8,0.63,6e32a9d,False,True,ok,True,Infested Artosis,False,False,True,375,1400,0,850,False,375,50,0,1150,202,4848,826,800,0,0,25,34,4.73,9277.0,1788519955526,true,3,4Pool,4Pool,,4869,1b4d73d2-443f-4809-81d8-aeea611684fb,4Pool,1,4869,135.4461,2,1,1,15,28,15,8,320,512,240,14,1,196,7,15,6,202,4814,108,19,89,12,0,18,1,0,0,7,4869,4Pool,4Pool,,true,4869
20260904-031526,KU4HQ00F,Dave Churchill,Random,(2)Destination.scx,LOSS,0,2026-09-04T04:05:12,2026-09-04T04:08:18,183.9,0.63,6e32a9d,False,True,ok,True,Dave Churchill,False,False,False,1120,1500,0,1800,True,1425,2200,3360,4450,516,12384,2882,2800,312,200,35,52,2.248,5617.0,1788520089213,false,2,Overpool,3HatchMuta,1Base;2Gate;EarlyRush,12402,fa1217a3-0410-49cc-af6b-16b3af25b7f1,3HatchMuta,0,12402,233.7823,7,22,22,8,30,22,8,320,512,240,17,41,790,72,8,6,649,12421,595,91,504,41,40,62,28,0,1,42,12402,Overpool,3HatchMuta,1Base;2Gate;EarlyRush,false,12402
20260904-031526,KU4HQ07E,Tomas Cere,Protoss,(2)Benzene.scx,WIN,0,2026-09-04T04:05:27,2026-09-04T04:08:24,174.9,0.63,6e32a9d,False,True,ok,True,Infested Artosis,False,False,True,375,2600,4050,1550,False,1350,400,0,1300,381,9144,1682,1500,0,0,42,50,2.564,6527.0,1788520097725,true,2,4Pool,4Pool,1Base,9147,4c8c72a9-8941-41b3-aaf9-ff7cb2af0e0c,4Pool,1,9147,44.8683,10,9,9,22,52,31,8,320,512,240,26,8,374,31,31,8,303,9103,182,32,150,25,0,31,1,0,0,7,9147,4Pool,4Pool,1Base,true,9147
20260904-031526,KU4HQ08N,VOID,Terran,(3)NeoMoonGlaive.scx,WIN,0,2026-09-04T04:05:32,2026-09-04T04:09:29,235.9,0.63,6e32a9d,False,True,ok,True,Infested Artosis,False,False,True,2915,20700,9795,20500,False,3365,21550,0,9700,984,23616,17134,17050,6624,6575,177,184,2.955,7237.0,1788520158204,true,3,12Hatch,CrazyZerg,2RaxAcademy;1Base,23624,5a8f3fb3-9307-44d4-b969-1c753e0dd1fd,CrazyZerg,1,23624,183.3935,13,182,289,169,342,207,8,320,512,240,92,170,3244,209,207,18,2203,23574,2003,234,1769,221,6,194,30,0,10,25,23624,12Hatch,CrazyZerg,2RaxAcademy;1Base,true,23624
20260904-031526,KU4HQ039,liongis,Zerg,(4)Andromeda.scx,LOSS,0,2026-09-04T04:06:02,2026-09-04T04:09:14,189.9,0.63,6e32a9d,False,True,ok,True,liongis,False,False,False,1000,1750,0,3150,True,1365,4900,3000,4175,476,11424,4066,3850,352,100,44,70,3.321,10253.0,1788520147250,false,4,Overpool,SpeedlingAllIn,Hydralisk,11441,6edea298-3ebe-45cc-9d6d-b7941f6bdcb2,SpeedlingAllIn,0,11441,162.4192,10,84,84,35,35,36,8,320,512,240,45,88,1329,37,37,10,1220,11470,469,92,377,60,36,68,23,0,1,13,11441,Overpool,SpeedlingAllIn,Hydralisk,false,11441
20260904-031526,KU4HQ04J,Ecgberht,Terran,(4)Icarus.scm,WIN,0,2026-09-04T04:06:19,2026-09-04T04:10:12,232.2,0.63,6e32a9d,False,True,ok,True,Infested Artosis,False,False,True,1790,14650,5565,13150,False,1855,9650,0,7325,866,20784,13226,12475,4504,3925,156,168,2.691,7900.0,1788520205825,true,4,12Hatch,3HatchLurker,1Base,20803,3576e475-1cf2-4924-ba31-4dc75a7214d7,3HatchLurker,1,20803,195.2792,4,77,97,105,210,131,8,320,512,240,43,80,1910,130,132,14,1447,20771,1626,197,1429,176,11,175,15,1,6,38,20803,12Hatch,3HatchLurker,1Base,true,20803
20260904-031526,KU4HQ05T,WillBot,Random,(4)Roadrunner.scx,LOSS,0,2026-09-04T04:06:23,2026-09-04T04:10:41,256.4,0.63,6e32a9d,False,True,ok,True,WillBot,False,False,False,1420,13100,600,9250,True,5475,17400,4260,25450,1154,27696,11010,10850,416,200,104,120,2.803,7818.0,1788520235088,false,4,Overpool,SpeedlingAllIn,EarlyRush;1Base;2Gate,27716,657597f3-ad37-4923-8cb5-fbb634b6dcef,SpeedlingAllIn,0,27716,209.7834,28,315,315,51,190,58,8,320,512,240,158,325,3482,231,59,17,2597,27745,1615,208,1407,190,15,194,12,0,2,10,27716,Overpool,SpeedlingAllIn,EarlyRush;1Base;2Gate,false,27716
20260904-031526,KU4HQ01Q,MadMixR,Random,(4)CircuitBreaker.scx,LOSS,0,2026-09-04T04:07:01,2026-09-04T04:11:58,295.7,0.63,6e32a9d,False,True,ok,True,MadMixR,False,False,False,4505,28325,0,27900,True,13940,46345,13515,30850,1315,31560,28378,27800,6520,5650,160,222,3.415,9391.0,1788520308949,false,4,12Pool,CrazyZerg,EarlyRush;1Base,31560,0748192d-b0bc-41fe-97df-949f76ebf9ba,CrazyZerg,0,31560,119.9686,83,217,288,121,352,163,8,320,512,240,112,496,6141,526,171,32,5553,31580,11342,2454,8888,440,2315,2376,66,2,10,38,31560,12Pool,CrazyZerg,EarlyRush;1Base,false,31560
20260904-031526,KU4HQ00G,Dave Churchill,Random,(2)HeartbreakRidge.scx,LOSS,0,2026-09-04T04:08:18,2026-09-04T04:11:14,174.9,0.63,6e32a9d,False,True,ok,True,Dave Churchill,False,False,False,860,500,0,1550,True,975,2000,2580,3500,459,11016,2050,2050,152,0,32,36,3.181,7659.0,1788520267712,false,2,Overpool,3HatchHydra,1Base;2Gate;EarlyRush,11038,8ec53b91-ca56-4800-a5d3-d1647abaa720,3HatchHydra,0,11038,217.7455,10,24,24,3,10,3,8,320,512,240,19,38,580,57,3,5,630,11039,3479,987,2492,31,1106,963,23,0,1,49,11038,Overpool,3HatchHydra,1Base;2Gate;EarlyRush,false,11038
20260904-031526,KU4HQ07F,Tomas Cere,Protoss,(2)Destination.scx,WIN,0,2026-09-04T04:08:24,2026-09-04T04:11:18,172.3,0.63,6e32a9d,False,True,ok,True,Infested Artosis,False,False,True,375,2800,3525,1400,False,775,400,0,1400,339,8136,1514,1350,0,0,36,50,2.851,6862.0,1788520268526,true,2,4Pool,4Pool,1Base,8155,0858fa48-470f-47fa-931c-60da39831011,4Pool,1,8155,34.3128,6,9,9,23,56,30,8,320,512,240,23,8,363,30,30,7,305,8113,161,28,133,22,0,27,1,0,0,7,8155,4Pool,4Pool,1Base,true,8155
20260904-031526,KU4HQ03A,liongis,Zerg,(4)CircuitBreaker.scx,LOSS,0,2026-09-04T04:09:14,2026-09-04T04:11:50,154.3,0.63,6e32a9d,False,True,ok,True,liongis,False,False,False,375,100,0,1250,True,780,1450,1125,1850,314,7536,1194,1150,0,0,28,50,2.936,6993.0,1788520299534,false,4,4Pool,4Pool,1Base,7535,c4242ed5-b492-4f0a-99a3-42509cff1581,4Pool,0,7535,236.9859,5,32,32,2,2,2,8,320,512,240,20,27,499,26,3,8,645,7536,216,46,170,18,31,28,18,0,0,12,7535,4Pool,4Pool,1Base,false,7535
20260904-031526,KU4HQ08O,VOID,Terran,(3)TauCross.scx,WIN,0,2026-09-04T04:09:29,2026-09-04T04:12:35,184.3,0.63,6e32a9d,False,True,ok,True,Infested Artosis,False,False,True,2360,8650,8970,13100,False,3090,9050,0,4325,771,18504,12050,11825,4168,4100,160,166,2.212,7965.0,1788520347304,true,3,12Hatch,CrazyZerg,1Base,18509,931c1a69-0ea8-4524-b63d-f036b00651a7,CrazyZerg,1,18509,222.3724,8,64,91,73,146,104,8,320,512,240,49,74,1492,108,104,19,1276,18454,1655,160,1495,156,1,129,23,0,8,38,18509,12Hatch,CrazyZerg,1Base,true,18509
20260904-031526,KU4HQ04K,Ecgberht,Terran,(4)Jade.scx,LOSS,0,2026-09-04T04:10:12,2026-09-04T04:14:06,232.2,0.63,6e32a9d,False,True,ok,True,Ecgberht,False,False,False,2130,16200,0,20250,True,5855,36000,6390,22875,1076,25824,15586,15550,5160,5075,114,136,2.311,7520.0,1788520438004,false,4,12Hatch,3HatchLurker,1Base,25825,5e73aa6b-b938-46cb-9c60-7be8857974f1,3HatchLurker,0,25825,164.2745,27,175,269,100,200,116,8,320,512,240,54,238,3556,372,121,19,2791,25841,3225,366,2859,236,117,315,46,1,4,59,25825,12Hatch,3HatchLurker,1Base,false,25825
20260904-031526,KU4HQ05U,WillBot,Random,(2)Benzene.scx,LOSS,0,2026-09-04T04:10:41,2026-09-04T04:15:54,310.8,0.63,6e32a9d,False,True,ok,True,WillBot,False,False,False,5180,21750,0,32100,True,5290,55875,15540,25950,1427,34248,31922,31925,8440,8200,242,300,3.34,6562.0,1788520544219,false,2,Overpool,CrazyZerg,1Base;EarlyRush,34257,4bde4eee-32cf-469a-a0a8-1db15603b651,CrazyZerg,0,34257,197.2191,54,476,624,120,270,150,8,320,512,240,228,612,10015,401,161,23,5829,34276,11162,2343,8819,466,2155,1058,81,1192,12,31,34257,Overpool,CrazyZerg,1Base;EarlyRush,false,34257
20260904-031526,KU4HQ00H,Dave Churchill,Random,(3)NeoMoonGlaive.scx,LOSS,0,2026-09-04T04:11:14,2026-09-04T04:18:12,416.3,0.63,6e32a9d,False,True,ok,True,Dave Churchill,False,False,False,5070,2850,0,6050,True,850,8700,20835,8100,2135,51240,18594,13350,0,0,49,60,2.458,7154.0,1788520682730,false,3,Overpool,1HatchSpire,EarlyRush;1Base;Hydralisk,51245,0bd935a8-360a-434b-923b-71e685859ff7,1HatchSpire,0,51245,198.7661,24,67,67,54,57,64,8,320,512,240,38,151,6179,90,55,9,2428,51246,1495,198,1297,157,42,138,60,0,0,30,51245,Overpool,1HatchSpire,EarlyRush;1Base;Hydralisk,false,51245
20260904-031526,KU4HQ07G,Tomas Cere,Protoss,(2)HeartbreakRidge.scx,WIN,0,2026-09-04T04:11:18,2026-09-04T04:14:14,174.9,0.63,6e32a9d,False,True,ok,True,Infested Artosis,False,False,True,375,2400,2925,1200,False,575,450,0,1200,304,7296,1322,1150,0,0,31,34,3.08,7035.0,1788520447047,true,2,4Pool,4Pool,1Base,7318,23373734-e458-483a-a906-988cc36ae204,4Pool,1,7318,48.4663,4,9,9,20,48,25,8,320,512,240,21,9,265,25,25,5,226,7273,151,26,125,19,0,25,1,0,0,7,7318,4Pool,4Pool,1Base,true,7318
20260904-031526,KU4HQ03B,liongis,Zerg,(4)EmpireoftheSun.scm,LOSS,0,2026-09-04T04:11:50,2026-09-04T04:15:20,208.3,0.63,6e32a9d,False,True,ok,True,liongis,False,False,False,830,2700,0,3550,True,1485,5550,2490,5650,622,14928,3122,3075,1048,850,44,66,3.269,10718.0,1788520512786,false,4,Overpool,1HatchSpire,1Base;EarlyRush,14944,2db88681-eabb-4553-a5d0-e2a8b9234fa3,1HatchSpire,0,14944,240.3002,12,47,65,28,34,41,8,320,512,240,24,54,1022,32,42,14,1248,14962,515,67,448,43,21,52,14,0,1,19,14944,Overpool,1HatchSpire,1Base;EarlyRush,false,14944
20260904-031526,KU4HQ01R,MadMixR,Random,(4)EmpireoftheSun.scm,WIN,0,2026-09-04T04:11:58,2026-09-04T04:15:53,233.1,0.63,6e32a9d,False,True,ok,True,Infested Artosis,False,False,True,2545,21450,11595,14550,False,3765,9450,0,10725,772,18528,13234,12550,5536,5275,161,166,3.428,11365.0,1788520541669,true,4,12Pool,CrazyZerg,1Base,18540,ef574271-7394-4ff9-a59e-762fe6078911,CrazyZerg,1,18540,181.7423,14,75,108,101,266,137,8,320,512,240,50,71,1972,141,136,24,1299,18505,1241,167,1074,158,8,130,28,0,9,15,18540,12Pool,CrazyZerg,1Base,true,18540
20260904-031526,KU4HQ08P,VOID,Terran,(4)Andromeda.scx,LOSS,0,2026-09-04T04:12:35,2026-09-04T04:15:56,199.4,0.63,6e32a9d,False,True,ok,True,VOID,False,False,False,1795,3300,0,3500,True,3065,5250,5385,8350,798,19152,5322,5300,872,500,62,84,2.543,10128.0,1788520548655,false,4,12Hatch,CrazyZerg,1Base,19160,bc41a2b6-e744-49d3-aeff-a2796692a7a4,CrazyZerg,0,19160,289.5704,5,43,43,27,54,28,8,320,512,240,27,85,1058,178,28,16,1186,19190,915,129,786,75,39,109,18,0,2,41,19160,12Hatch,CrazyZerg,1Base,false,19160
20260904-031526,KU4HQ04L,Ecgberht,Terran,(4)LaMancha1.1.scx,WIN,0,2026-09-04T04:14:06,2026-09-04T04:17:24,196.0,0.63,6e32a9d,False,True,ok,True,Infested Artosis,False,False,True,1985,20400,7515,14350,False,2680,9950,0,10200,851,20424,13282,12750,4352,4125,158,168,2.295,6697.0,1788520635624,true,4,12Hatch,3HatchLurker,1Base,20431,00e7f9be-86aa-4c30-bba0-7bd20929dc2e,3HatchLurker,1,20431,235.5886,5,79,108,141,282,172,8,320,512,240,44,82,2092,177,176,17,1608,20397,1791,214,1577,181,35,184,21,1,8,45,20431,12Hatch,3HatchLurker,1Base,true,20431
20260904-031526,KU4HQ07H,Tomas Cere,Protoss,(3)NeoMoonGlaive.scx,WIN,0,2026-09-04T04:14:14,2026-09-04T04:17:11,175.0,0.63,6e32a9d,False,True,ok,True,Infested Artosis,False,False,True,375,3800,3525,1600,False,1175,800,0,1900,395,9480,1762,1550,0,0,36,50,2.758,6851.0,1788520624160,true,3,4Pool,4Pool,1Base,9488,dfdf5481-13cc-47b8-9951-2379a5a7aaae,4Pool,1,9488,29.5124,9,16,16,31,76,38,8,320,512,240,27,16,400,39,39,7,327,9442,187,32,155,26,0,31,1,0,0,7,9488,4Pool,4Pool,1Base,true,9488
20260904-031526,KU4HQ03C,liongis,Zerg,(4)FightingSpirit.scx,LOSS,0,2026-09-04T04:15:20,2026-09-04T04:18:23,181.2,0.63,6e32a9d,False,True,ok,True,liongis,False,False,False,375,550,0,1500,True,780,1950,1125,2350,368,8832,1570,1450,0,0,29,50,2.693,5891.0,1788520694383,false,4,4Pool,4Pool,1Base,8837,cbd45996-24f5-40f1-a009-ff2e25a62e42,4Pool,0,8837,210.5491,7,33,33,10,11,10,8,320,512,240,25,37,764,31,11,8,640,8838,242,60,182,24,41,32,28,0,0,11,8837,4Pool,4Pool,1Base,false,8837
20260904-031526,KU4HQ01S,MadMixR,Random,(4)FightingSpirit.scx,LOSS,0,2026-09-04T04:15:53,2026-09-04T04:18:49,174.9,0.63,6e32a9d,False,True,ok,True,MadMixR,False,False,False,880,200,0,1400,True,1025,1400,2760,3000,366,8784,2138,2100,232,150,28,52,3.389,8136.0,1788520721155,false,4,12Pool,3HatchHydra,2Gate;EarlyRush;1Base,8806,4a7569c8-a1a6-48a1-b1e5-52df7661f4b9,3HatchHydra,0,8806,216.8359,5,0,0,1,4,1,8,320,512,240,9,21,329,56,1,6,348,8807,4619,1648,2971,29,1881,1626,19,0,3,46,8806,12Pool,3HatchHydra,2Gate;EarlyRush;1Base,false,8806
20260904-031526,KU4HQ05V,WillBot,Random,(2)Destination.scx,LOSS,0,2026-09-04T04:15:54,2026-09-04T04:19:55,238.5,0.63,6e32a9d,False,True,ok,True,WillBot,False,False,False,455,2200,300,3550,True,4425,6075,1365,13900,936,22464,4186,3625,0,0,61,82,3.309,8142.0,1788520787056,false,2,4Pool,4Pool,1Base;2Gate;EarlyRush,22477,be68df30-504b-44f5-8e95-5da3bd90a550,4Pool,0,22477,230.3365,14,105,105,13,38,14,8,320,512,240,61,114,1879,180,14,16,1842,22508,727,86,641,65,23,72,14,0,0,9,22477,4Pool,4Pool,1Base;2Gate;EarlyRush,false,22477
20260904-031526,KU4HQ08Q,VOID,Terran,(4)CircuitBreaker.scx,LOSS,0,2026-09-04T04:15:56,2026-09-04T04:19:23,205.2,0.63,6e32a9d,False,True,ok,True,VOID,False,False,False,1570,3100,0,7650,True,4090,11660,4710,8325,846,20304,7658,7657,1752,1457,83,102,2.313,8687.0,1788520756106,false,4,12Hatch,CrazyZerg,1Base,20307,0baa059b-4d38-4665-9417-1cba2b05abde,CrazyZerg,0,20307,256.2857,16,78,102,25,50,26,8,320,512,240,42,135,1766,198,28,19,1616,20308,1422,167,1255,113,40,139,25,0,3,35,20307,12Hatch,CrazyZerg,1Base,false,20307
20260904-031526,KU4HQ07I,Tomas Cere,Protoss,(3)TauCross.scx,WIN,0,2026-09-04T04:17:11,2026-09-04T04:20:08,175.0,0.63,6e32a9d,False,True,ok,True,Infested Artosis,False,False,True,375,2600,3750,1350,False,850,500,0,1300,338,8112,1418,1350,0,0,34,50,2.903,7281.0,1788520800055,true,3,4Pool,4Pool,1Base,8124,ef6a4321-f2f5-412f-90ff-41fabe43d675,4Pool,1,8124,31.8491,4,10,10,22,52,30,8,320,512,240,22,10,317,30,30,7,240,8085,165,28,137,22,0,27,1,0,0,7,8124,4Pool,4Pool,1Base,true,8124
20260904-031526,KU4HQ04M,Ecgberht,Terran,(4)Python.scx,LOSS,0,2026-09-04T04:17:24,2026-09-04T04:21:06,220.2,0.63,6e32a9d,False,True,ok,True,Ecgberht,False,False,False,2230,13000,150,12500,True,4230,21450,6690,17375,968,23232,12074,12000,3432,3225,99,118,2.259,8734.0,1788520854373,false,4,12Hatch,3HatchLurker,1Base;2RaxAcademy,23252,aff69bcd-1b4e-4cc2-a97e-a2f768573faa,3HatchLurker,0,23252,185.2935,17,126,177,88,176,99,8,320,512,240,51,183,2492,298,101,20,2250,23269,2016,259,1757,181,61,219,32,1,7,50,23252,12Hatch,3HatchLurker,1Base;2RaxAcademy,false,23252
20260904-031526,KU4HQ00I,Dave Churchill,Random,(3)TauCross.scx,WIN,0,2026-09-04T04:18:12,2026-09-04T04:21:00,166.2,0.63,6e32a9d,False,True,ok,True,Infested Artosis,False,False,True,700,3900,2325,2000,False,775,350,0,1950,343,8232,2858,2850,272,100,57,68,2.937,7155.0,1788520851809,true,3,Overpool,SpeedlingAllIn,1Base,8248,230c35c5-2029-41b9-8e76-c1c90d1c56d8,SpeedlingAllIn,1,8248,211.8113,3,7,7,39,78,46,8,320,512,240,24,8,488,46,46,5,311,8208,330,48,282,40,0,43,4,0,1,11,8248,Overpool,SpeedlingAllIn,1Base,true,8248
20260904-031526,KU4HQ03D,liongis,Zerg,(4)Icarus.scm,LOSS,0,2026-09-04T04:18:23,2026-09-04T04:21:34,190.3,0.63,6e32a9d,False,True,ok,True,liongis,False,False,False,1040,3050,480,4150,True,1445,7300,3120,7375,599,14376,5082,4950,344,125,52,70,2.398,6680.0,1788520885644,false,4,Overpool,SpeedlingAllIn,Hydralisk,14386,5c2b3a2d-5ee6-4436-9312-d07e3f0336c2,SpeedlingAllIn,0,14386,193.3046,19,113,113,61,61,63,8,320,512,240,59,126,1691,38,65,10,1864,14411,1265,387,878,80,357,84,301,0,2,13,14386,Overpool,SpeedlingAllIn,Hydralisk,false,14386
20260904-031526,KU4HQ01T,MadMixR,Random,(4)Icarus.scm,LOSS,0,2026-09-04T04:18:49,2026-09-04T04:24:08,317.2,0.63,6e32a9d,False,True,ok,True,MadMixR,False,False,False,5160,23700,7425,27325,True,11065,50715,16380,38225,1652,39648,26426,26300,8728,7175,166,184,2.87,7726.0,1788521036811,false,4,12Pool,CrazyZerg,1Base,39651,54d6b4ad-e220-4dd6-892b-930c323b064f,CrazyZerg,0,39651,219.1382,60,275,427,209,464,241,8,320,512,240,116,427,6243,440,252,31,4311,39652,4554,476,4078,371,103,357,102,2,15,35,39651,12Pool,CrazyZerg,1Base,false,39651
20260904-031526,KU4HQ08R,VOID,Terran,(4)EmpireoftheSun.scm,LOSS,0,2026-09-04T04:19:23,2026-09-04T04:24:20,295.8,0.63,6e32a9d,False,True,ok,True,VOID,False,False,False,2990,19450,0,29250,True,5465,54810,8970,20450,1405,33720,22058,21700,8704,8475,131,150,3.275,9681.0,1788521051745,false,4,12Hatch,CrazyZerg,1Base,33730,2d27a90f-c7bc-418c-82ad-4cb9e68a3c3e,CrazyZerg,0,33730,176.7045,27,331,556,136,282,157,8,320,512,240,134,372,5600,394,146,20,4096,33759,2916,363,2553,287,61,299,53,0,11,37,33730,12Hatch,CrazyZerg,1Base,false,33730
20260904-031526,KU4HQ05W,WillBot,Random,(2)HeartbreakRidge.scx,LOSS,0,2026-09-04T04:19:55,2026-09-04T04:25:28,331.6,0.63,6e32a9d,False,True,ok,True,WillBot,False,False,False,1980,22600,1470,38100,True,3165,69535,5940,32925,1946,46704,22134,22025,10700,10375,102,118,2.53,7439.0,1788521118837,false,2,Overpool,1HatchSpire,Hydralisk;1Base,46719,b08267c3-a151-4e6a-a754-4deed3eb321c,1HatchSpire,0,46719,253.6191,62,368,677,102,172,135,8,320,512,240,122,381,11250,22,110,18,6396,46738,2387,313,2074,295,9,283,26,0,4,13,46719,Overpool,1HatchSpire,Hydralisk;1Base,false,46719
20260904-031526,KU4HQ07J,Tomas Cere,Protoss,(4)Andromeda.scx,LOSS,0,2026-09-04T04:20:08,2026-09-04T04:24:08,238.5,0.63,6e32a9d,False,True,ok,True,Tomas Cere,False,False,False,375,5400,3600,3500,True,3225,6800,1125,9800,1012,24288,4018,3550,0,0,35,50,2.445,9828.0,1788521036648,false,4,4Pool,4Pool,1Base,24306,be775fd8-fc44-49a8-a0c2-15ce4c665299,4Pool,0,24306,195.2841,19,117,117,45,108,95,8,320,512,240,63,125,1335,203,97,16,1477,24328,1129,316,813,66,291,294,22,0,0,10,24306,4Pool,4Pool,1Base,false,24306
20260904-031526,KU4HQ00J,Dave Churchill,Random,(4)Andromeda.scx,LOSS,0,2026-09-04T04:21:00,2026-09-04T04:24:06,183.9,0.63,6e32a9d,False,True,ok,True,Dave Churchill,False,False,False,900,300,0,1300,True,975,1550,2700,3200,407,9768,1938,1925,320,0,28,36,3.795,10642.0,1788521036824,false,4,Overpool,SpeedlingAllIn,1Base;2Gate;EarlyRush,9767,73f82444-d6a7-46fb-9cad-16cffb818dbb,SpeedlingAllIn,0,9767,186.6100,6,17,17,2,6,2,8,320,512,240,15,31,327,56,2,5,509,9768,451,91,360,28,65,41,49,0,1,32,9767,Overpool,SpeedlingAllIn,1Base;2Gate;EarlyRush,false,9767
20260904-031526,KU4HQ04N,Ecgberht,Terran,(4)Roadrunner.scx,LOSS,0,2026-09-04T04:21:06,2026-09-04T04:24:48,220.9,0.63,6e32a9d,False,True,ok,True,Ecgberht,False,False,False,1870,8750,0,8050,True,3155,14950,5610,10700,795,19080,9634,9288,2360,1788,82,116,2.854,8340.0,1788521078403,false,4,12Hatch,3HatchLurker,1Base;2RaxAcademy,19098,5977f5b4-4a6f-4ac4-8648-d52c7e7aa384,3HatchLurker,0,19098,235.4961,11,101,123,52,104,60,8,320,512,240,50,159,2102,194,61,18,1785,19128,1412,227,1185,140,72,195,27,1,4,42,19098,12Hatch,3HatchLurker,1Base;2RaxAcademy,false,19098
20260904-031526,KU4HQ03E,liongis,Zerg,(4)Jade.scx,LOSS,0,2026-09-04T04:21:34,2026-09-04T04:24:28,172.1,0.63,6e32a9d,False,True,ok,True,liongis,False,False,False,375,900,0,1700,True,1080,2200,1125,2750,423,10152,1754,1650,0,0,42,50,3.523,8757.0,1788521061850,false,4,4Pool,4Pool,1Base,10170,d121c516-23d1-40e0-ba50-0e6c07b5efea,4Pool,0,10170,189.7253,10,39,39,18,18,18,8,320,512,240,29,41,1017,39,19,8,1114,10198,255,58,197,28,34,37,21,0,0,11,10170,4Pool,4Pool,1Base,false,10170
20260904-031526,KU4HQ00K,Dave Churchill,Random,(4)CircuitBreaker.scx,LOSS,0,2026-09-04T04:24:06,2026-09-04T04:28:30,262.7,0.63,6e32a9d,False,True,ok,True,Dave Churchill,False,False,False,1340,1300,0,5750,True,2125,10200,4020,8750,750,18000,6866,6825,720,100,62,72,3.371,6791.0,1788521301544,false,4,Overpool,SpeedlingAllIn,1Base,18013,a2e1873e-b6c4-4eb0-ba18-9d00cfbaec73,SpeedlingAllIn,0,18013,158.9092,30,170,170,7,26,7,8,320,512,240,91,189,1924,124,7,8,1820,18014,948,131,817,114,10,120,9,0,2,14,18013,Overpool,SpeedlingAllIn,1Base,false,18013
20260904-031526,KU4HQ07K,Tomas Cere,Protoss,(4)CircuitBreaker.scx,WIN,0,2026-09-04T04:24:08,2026-09-04T04:27:19,190.1,0.63,6e32a9d,False,True,ok,True,Infested Artosis,False,False,True,375,2500,3900,1300,False,900,250,0,1250,320,7680,1482,1300,0,0,37,50,3.348,7535.0,1788521230444,true,4,4Pool,4Pool,1Base,7690,7a81be48-f3ad-425d-be71-1c048ace3aaf,4Pool,1,7690,39.4813,4,5,5,21,50,29,8,320,512,240,21,5,284,29,29,8,210,7633,156,27,129,21,0,26,1,0,0,7,7690,4Pool,4Pool,1Base,true,7690
20260904-031526,KU4HQ01U,MadMixR,Random,(4)Jade.scx,WIN,0,2026-09-04T04:24:08,2026-09-04T04:28:26,256.5,0.63,6e32a9d,False,True,ok,True,Infested Artosis,False,False,True,2385,21575,8340,20900,False,3130,15800,0,10475,957,22968,16626,15500,7680,7075,204,246,3.187,7407.0,1788521298729,true,4,12Pool,CrazyZerg,1Base,22973,4ccf71b6-b3fc-4a3a-b99f-035042caf80b,CrazyZerg,1,22973,177.1538,20,133,189,143,322,177,8,320,512,240,82,127,2507,180,177,20,2142,22952,1724,204,1520,194,8,171,23,0,10,23,22973,12Pool,CrazyZerg,1Base,true,22973
20260904-031526,KU4HQ08S,VOID,Terran,(4)FightingSpirit.scx,LOSS,0,2026-09-04T04:24:20,2026-09-04T04:29:47,325.5,0.63,6e32a9d,False,True,ok,True,VOID,False,False,False,4065,28500,150,28600,True,5615,54140,12195,26700,1659,39816,22050,22050,9264,8275,131,154,3.02,7518.0,1788521379284,false,4,12Hatch,CrazyZerg,2RaxAcademy;1Base,39837,4e18620d-eb75-4a1c-b146-c7e2b12bd6d1,CrazyZerg,0,39837,261.4946,44,330,530,244,494,275,8,320,512,240,140,369,7970,515,265,21,5033,39855,2665,378,2287,277,56,316,52,0,10,49,39837,12Hatch,CrazyZerg,2RaxAcademy;1Base,false,39837
20260904-031526,KU4HQ03F,liongis,Zerg,(4)LaMancha1.1.scx,WIN,0,2026-09-04T04:24:28,2026-09-04T04:27:22,171.8,0.63,6e32a9d,False,True,ok,True,Infested Artosis,False,False,True,700,1950,900,1600,False,700,200,0,1550,281,6744,2282,2050,344,100,49,52,3.911,7540.0,1788521233567,true,4,Overpool,SpeedlingAllIn,1Base,6760,58c7e88d-d871-48c0-9320-78c10d5ec921,SpeedlingAllIn,1,6760,124.4273,4,7,7,32,39,33,8,320,512,240,18,5,482,20,34,6,376,6755,222,38,184,30,0,34,3,0,1,11,6760,Overpool,SpeedlingAllIn,1Base,true,6760
20260904-031526,KU4HQ04O,Ecgberht,Terran,(2)Benzene.scx,LOSS,0,2026-09-04T04:24:48,2026-09-04T04:28:29,220.0,0.63,6e32a9d,False,True,ok,True,Ecgberht,False,False,False,1305,5400,0,7375,True,3155,14950,4035,8950,702,16848,7634,7325,2024,1775,67,86,3.156,8976.0,1788521302551,false,2,12Hatch,3HatchLurker,1Base,16866,c7475cc2-6cfc-4eb0-8619-975f0b06e3dd,3HatchLurker,0,16866,221.7187,10,84,115,34,68,36,8,320,512,240,34,119,1449,173,38,18,1346,16875,1017,159,858,105,40,131,24,1,3,43,16866,12Hatch,3HatchLurker,1Base,false,16866
20260904-031526,KU4HQ05X,WillBot,Random,(3)NeoMoonGlaive.scx,WIN,0,2026-09-04T04:25:28,2026-09-04T04:28:06,157.5,0.63,6e32a9d,False,True,ok,True,Infested Artosis,False,False,True,455,2000,1500,850,False,600,200,0,1000,252,6048,954,925,0,0,20,34,4.025,7650.0,1788521276911,true,3,4Pool,4Pool,EarlyRush;1Base,6047,cdfa2cb6-81c2-454c-95e1-821739c2a170,4Pool,1,6047,145.0810,1,4,4,20,40,23,8,320,512,240,14,4,228,25,23,6,102,5778,191,22,169,14,0,19,3,0,0,8,6047,4Pool,4Pool,EarlyRush;1Base,true,6047
20260904-031526,KU4HQ07L,Tomas Cere,Protoss,(4)EmpireoftheSun.scm,WIN,0,2026-09-04T04:27:19,2026-09-04T04:30:16,175.0,0.63,6e32a9d,False,True,ok,True,Infested Artosis,False,False,True,375,2600,2925,1250,False,575,500,0,1300,319,7656,1450,1250,0,0,31,34,2.832,8407.0,1788521407026,true,4,4Pool,4Pool,1Base,7659,71dac3c6-ed47-4c53-a2e3-9a4c7cdcaae8,4Pool,1,7659,29.9797,5,10,10,22,52,27,8,320,512,240,22,10,291,27,27,5,264,7618,150,26,124,20,0,25,1,0,0,7,7659,4Pool,4Pool,1Base,true,7659
20260904-031526,KU4HQ03G,liongis,Zerg,(4)Python.scx,LOSS,0,2026-09-04T04:27:22,2026-09-04T04:29:54,150.7,0.63,6e32a9d,False,True,ok,True,liongis,False,False,False,415,250,0,1200,True,780,1400,1245,1950,314,7536,1178,1175,0,0,27,34,2.957,7899.0,1788521386273,false,4,4Pool,4Pool,EarlyRush;1Base,7535,90be7133-0abc-4569-829c-01f81401a3c2,4Pool,0,7535,239.0285,6,21,21,5,5,5,8,320,512,240,20,27,582,24,6,8,686,7561,303,61,242,19,46,37,24,0,0,22,7535,4Pool,4Pool,EarlyRush;1Base,false,7535
20260904-031526,KU4HQ05Y,WillBot,Random,(3)TauCross.scx,LOSS,0,2026-09-04T04:28:06,2026-09-04T04:33:22,313.9,0.63,6e32a9d,False,True,ok,True,WillBot,False,False,False,3305,16250,0,22050,True,5190,39355,9915,24625,1586,38064,19678,19325,6648,6400,147,168,2.983,5837.0,1788521591827,false,3,Overpool,CrazyZerg,2RaxAcademy;1Base,38070,7cab07d0-32c2-407f-9c9d-4386e00aa114,CrazyZerg,0,38070,212.9129,42,240,363,99,220,123,8,320,512,240,111,322,8134,388,150,23,4189,38071,3475,357,3118,259,75,274,71,0,12,39,38070,Overpool,CrazyZerg,2RaxAcademy;1Base,false,38070
20260904-031526,KU4HQ01V,MadMixR,Random,(4)LaMancha1.1.scx,LOSS,0,2026-09-04T04:28:26,2026-09-04T04:31:40,192.6,0.63,6e32a9d,False,True,ok,True,MadMixR,False,False,False,1000,1400,0,2000,True,1325,2670,3000,3600,523,12552,2834,2825,240,100,34,52,3.066,7829.0,1788521491900,false,4,12Pool,1HatchSpire,EarlyRush;Hydralisk,12557,47bacb19-985a-4a3d-ae3b-f8b8d8dc51d5,1HatchSpire,0,12557,230.8487,9,27,27,21,23,21,8,320,512,240,22,45,786,27,23,12,911,12584,745,91,654,43,50,60,30,0,1,19,12557,12Pool,1HatchSpire,EarlyRush;Hydralisk,false,12557
20260904-031526,KU4HQ04P,Ecgberht,Terran,(2)Destination.scx,WIN,0,2026-09-04T04:28:29,2026-09-04T04:33:42,310.6,0.63,6e32a9d,False,True,ok,True,Infested Artosis,False,False,True,3625,47850,14265,35375,False,4830,28000,480,23925,1391,33384,33626,29350,10152,8500,331,350,3.157,7551.0,1788521613263,true,2,12Hatch,3HatchLurker,1Base;2RaxAcademy,33389,c5d724aa-13dc-44c6-976f-ed22667a7f1c,3HatchLurker,1,33389,124.7430,22,214,290,330,664,444,8,320,512,240,95,222,4755,397,397,19,3899,33356,4828,510,4318,424,83,436,65,1,8,54,33389,12Hatch,3HatchLurker,1Base;2RaxAcademy,true,33389
20260904-031526,KU4HQ00L,Dave Churchill,Random,(4)EmpireoftheSun.scm,LOSS,0,2026-09-04T04:28:30,2026-09-04T04:32:09,217.6,0.63,6e32a9d,False,True,ok,True,Dave Churchill,False,False,False,1435,2500,0,3300,True,1640,5400,4305,5300,599,14376,4610,4600,0,0,47,70,3.183,10022.0,1788521520366,false,4,Overpool,SpeedlingAllIn,EarlyRush;1Base,14386,2445f0c7-9f2f-49fb-9406-92dda7f6850c,SpeedlingAllIn,0,14386,169.3317,14,84,84,25,50,25,8,320,512,240,49,107,1375,125,25,6,1234,14387,952,88,864,70,11,77,11,0,0,15,14386,Overpool,SpeedlingAllIn,EarlyRush;1Base,false,14386
20260904-031526,KU4HQ08T,VOID,Terran,(4)Icarus.scm,LOSS,0,2026-09-04T04:29:47,2026-09-04T04:34:29,280.5,0.63,6e32a9d,False,True,ok,True,VOID,False,False,False,2965,15300,450,22100,True,5090,40050,9015,19925,1424,34176,18138,18100,6608,6100,123,134,2.916,7712.0,1788521662439,false,4,12Hatch,CrazyZerg,2RaxAcademy;1Base,34195,a140e6c8-ba67-4465-a6f7-ac01a6dd46cf,CrazyZerg,0,34195,244.4546,45,283,430,137,276,148,8,320,512,240,119,324,6233,400,150,20,3876,34202,3352,352,3000,248,83,279,62,0,11,36,34195,12Hatch,CrazyZerg,2RaxAcademy;1Base,false,34195
20260904-031526,KU4HQ03H,liongis,Zerg,(4)Roadrunner.scx,WIN,0,2026-09-04T04:29:54,2026-09-04T04:32:44,169.0,0.63,6e32a9d,False,True,ok,True,Infested Artosis,False,False,True,700,2950,360,2250,False,820,950,0,2300,366,8784,3194,3000,280,100,53,68,3.653,7816.0,1788521556016,true,4,Overpool,SpeedlingAllIn,1Base,8806,3ed95291-663b-48b6-9634-f8e0efd60693,SpeedlingAllIn,1,8806,159.3836,8,22,22,49,59,51,8,320,512,240,29,20,750,28,52,8,781,8764,294,50,244,43,0,45,4,0,1,11,8806,Overpool,SpeedlingAllIn,1Base,true,8806
20260904-031526,KU4HQ07M,Tomas Cere,Protoss,(4)FightingSpirit.scx,WIN,0,2026-09-04T04:30:16,2026-09-04T04:33:16,178.0,0.63,6e32a9d,False,True,ok,True,Infested Artosis,False,False,True,375,2600,6450,1600,False,1350,200,0,1300,408,9792,1802,1600,0,0,50,50,3.125,8507.0,1788521587064,true,4,4Pool,4Pool,1Base,9798,84b24abf-38ae-4af8-80e2-0326e25d2a4b,4Pool,1,9798,36.7211,7,5,5,22,52,33,8,320,512,240,27,4,366,33,33,8,378,9737,195,34,161,27,0,33,1,0,0,7,9798,4Pool,4Pool,1Base,true,9798
20260904-031526,KU4HQ01W,MadMixR,Random,(4)Python.scx,LOSS,0,2026-09-04T04:31:40,2026-09-04T04:35:01,199.3,0.63,6e32a9d,False,True,ok,True,MadMixR,False,False,False,1780,750,0,2150,True,3250,3370,5340,12725,830,19920,3706,3675,328,200,39,72,2.258,8702.0,1788521691189,false,4,12Pool,1HatchSpire,EarlyRush;1Base;Hydralisk,19935,36988fcd-9d26-4483-b789-403d7e0b1792,1HatchSpire,0,19935,322.0743,13,44,44,15,15,16,8,320,512,240,28,60,1719,57,18,19,1677,19966,1941,420,1521,44,426,384,35,0,1,24,19935,12Pool,1HatchSpire,EarlyRush;1Base;Hydralisk,false,19935
20260904-031526,KU4HQ00M,Dave Churchill,Random,(4)FightingSpirit.scx,LOSS,0,2026-09-04T04:32:09,2026-09-04T04:34:48,157.3,0.63,6e32a9d,False,True,ok,True,Dave Churchill,False,False,False,800,150,0,1300,True,400,1550,2400,1200,330,7920,1714,1700,152,100,29,52,2.975,7231.0,1788521678865,false,4,Overpool,1HatchSpire,EarlyRush;1Base,7938,da0a1c75-4a3d-4b6c-bfc9-3c2fd8de6693,1HatchSpire,0,7938,255.4237,4,14,14,3,3,3,8,320,512,240,13,26,516,20,4,6,499,7939,718,61,657,22,40,47,13,0,1,29,7938,Overpool,1HatchSpire,EarlyRush;1Base,false,7938
20260904-031526,KU4HQ03I,liongis,Zerg,(2)Benzene.scx,LOSS,0,2026-09-04T04:32:44,2026-09-04T04:35:29,163.5,0.63,6e32a9d,False,True,ok,True,liongis,False,False,False,1000,800,0,2450,True,1340,3300,3000,3325,408,9792,3362,3200,360,100,47,68,2.231,6275.0,1788521720712,false,2,Overpool,SpeedlingAllIn,Hydralisk,9798,0f4ea9d6-c0d9-43ae-9fd7-8436cfdf4079,SpeedlingAllIn,0,9798,221.0990,12,52,52,16,16,17,8,320,512,240,32,60,987,35,18,10,1047,9799,362,63,299,47,9,55,7,0,1,13,9798,Overpool,SpeedlingAllIn,Hydralisk,false,9798
20260904-031526,KU4HQ07N,Tomas Cere,Protoss,(4)Icarus.scm,WIN,0,2026-09-04T04:33:16,2026-09-04T04:36:24,187.0,0.63,6e32a9d,False,True,ok,True,Infested Artosis,False,False,True,375,2800,3750,1450,False,850,900,0,1400,381,9144,1778,1500,0,0,32,34,2.382,6663.0,1788521779083,true,4,4Pool,4Pool,1Base,9147,c1456907-a490-4982-9cc5-ab00251df1d1,4Pool,1,9147,28.4672,6,18,18,23,56,31,8,320,512,240,26,18,407,31,31,7,312,9114,181,31,150,25,0,30,1,0,0,7,9147,4Pool,4Pool,1Base,true,9147
20260904-031526,KU4HQ05Z,WillBot,Random,(4)Andromeda.scx,LOSS,0,2026-09-04T04:33:22,2026-09-04T04:37:35,251.1,0.63,6e32a9d,False,True,ok,True,WillBot,False,False,False,455,9900,900,4600,True,5625,8625,1365,20100,1264,30336,5442,4725,0,0,53,66,2.404,7980.0,1788521842922,false,4,4Pool,4Pool,1Base;2Gate;EarlyRush,30351,6c57897b-d1d8-4cd5-97c9-3e4845ab84a8,4Pool,0,30351,210.3255,29,157,157,42,144,47,8,320,512,240,84,165,2008,216,47,16,1469,30379,1173,254,919,88,193,238,16,0,0,10,30351,4Pool,4Pool,1Base;2Gate;EarlyRush,false,30351
20260904-031526,KU4HQ04Q,Ecgberht,Terran,(2)HeartbreakRidge.scx,LOSS,0,2026-09-04T04:33:42,2026-09-04T04:37:15,211.3,0.63,6e32a9d,False,True,ok,True,Ecgberht,False,False,False,2025,700,0,6600,True,3480,12150,6075,8975,764,18336,8530,8275,712,700,83,138,2.378,7830.0,1788521824871,false,2,12Hatch,3HatchLurker,1Base,18354,ed5b66ce-b109-412c-94d4-7e5b3742458f,3HatchLurker,0,18354,194.3626,6,58,66,7,14,16,8,320,512,240,32,136,1594,188,9,19,1508,18372,2881,705,2176,123,658,679,22,1,3,38,18354,12Hatch,3HatchLurker,1Base,false,18354
20260904-031526,KU4HQ08U,VOID,Terran,(4)Jade.scx,LOSS,0,2026-09-04T04:34:29,2026-09-04T04:37:50,199.1,0.63,6e32a9d,False,True,ok,True,VOID,False,False,False,1835,2000,0,5200,True,3265,6950,6450,5325,696,16704,6730,6688,1328,1138,73,86,2.682,7983.0,1788521863091,false,4,12Hatch,CrazyZerg,1Base,16711,1c102b8a-f93f-4162-a8c4-46d17c7cbfd2,CrazyZerg,0,16711,236.9188,16,68,71,20,40,21,8,320,512,240,37,111,1247,133,21,19,1383,16731,1342,167,1175,97,49,134,28,0,5,44,16711,12Hatch,CrazyZerg,1Base,false,16711
20260904-031526,KU4HQ00N,Dave Churchill,Random,(4)Icarus.scm,WIN,0,2026-09-04T04:34:48,2026-09-04T04:38:24,214.5,0.63,6e32a9d,False,True,ok,True,Infested Artosis,False,False,True,1215,3500,2400,2700,False,500,2550,1020,2300,582,13968,3746,3750,0,0,33,52,3.092,7246.0,1788521894220,true,4,Overpool,1HatchSpire,EarlyRush;1Base,13983,7801783e-30e3-48a6-8e4c-530fb2a643f0,1HatchSpire,1,13983,228.3181,4,45,45,58,70,61,8,320,512,240,42,52,1397,29,62,7,1068,13933,461,82,379,58,19,56,26,0,0,19,13983,Overpool,1HatchSpire,EarlyRush;1Base,true,13983
20260904-031526,KU4HQ01X,MadMixR,Random,(4)Roadrunner.scx,LOSS,0,2026-09-04T04:35:01,2026-09-04T04:41:38,395.4,0.63,6e32a9d,False,True,ok,True,MadMixR,False,False,False,6145,23000,8025,41975,True,17600,99640,22935,35150,1869,44856,41614,41600,8480,6150,180,236,4.107,8489.0,1788522089485,false,4,12Pool,3HatchHydra,1Base;FFE,44859,b6d161f1-db3d-493f-b2c8-94983b071a6d,3HatchHydra,0,44859,164.1914,31,227,435,56,218,123,8,320,512,240,14,527,12265,460,115,27,4869,44880,4882,680,4202,569,108,537,135,0,8,40,44859,12Pool,3HatchHydra,1Base;FFE,false,44859
20260904-031526,KU4HQ03J,liongis,Zerg,(2)Destination.scx,LOSS,0,2026-09-04T04:35:29,2026-09-04T04:38:20,169.2,0.63,6e32a9d,False,True,ok,True,liongis,False,False,False,375,450,0,1450,True,780,1700,1125,2100,357,8568,1538,1400,0,0,30,50,3.232,8406.0,1788521889860,false,2,4Pool,4Pool,1Base,8589,bb5c6467-5fd2-4361-a254-f419b20a41a6,4Pool,0,8589,211.4212,9,26,26,6,9,6,8,320,512,240,24,32,688,26,7,8,603,8616,186,35,151,23,13,32,3,0,0,11,8589,4Pool,4Pool,1Base,false,8589
20260904-031526,KU4HQ07O,Tomas Cere,Protoss,(4)Jade.scx,LOSS,0,2026-09-04T04:36:24,2026-09-04T04:39:18,171.9,0.63,6e32a9d,False,True,ok,True,Tomas Cere,False,False,False,375,600,0,2200,True,2600,3750,1125,7175,593,14232,2426,2200,0,0,34,50,2.132,6968.0,1788521949775,false,4,4Pool,4Pool,,14231,ab86bae5-6a48-465a-a25d-88741bd8cbd6,4Pool,0,14231,234.9201,15,68,68,6,12,22,8,320,512,240,39,72,830,135,22,16,974,14232,330,72,258,39,37,48,24,0,0,11,14231,4Pool,4Pool,,false,14231
20260904-031526,KU4HQ04R,Ecgberht,Terran,(3)NeoMoonGlaive.scx,WIN,0,2026-09-04T04:37:15,2026-09-04T04:41:00,223.4,0.63,6e32a9d,False,True,ok,True,Infested Artosis,False,False,True,1870,22450,5790,16525,False,1930,9050,0,11175,855,20520,14914,13775,4808,4300,190,248,2.652,6291.0,1788522049693,true,3,12Hatch,3HatchLurker,1Base,20524,7243f08c-8513-429a-bdb4-4b7247bc37e1,3HatchLurker,1,20524,157.3918,3,93,118,150,300,182,8,320,512,240,51,93,2320,182,182,14,1925,20492,1823,228,1595,197,30,203,17,1,7,42,20524,12Hatch,3HatchLurker,1Base,true,20524
20260904-031526,KU4HQ060,WillBot,Random,(4)CircuitBreaker.scx,LOSS,0,2026-09-04T04:37:35,2026-09-04T04:42:14,277.5,0.63,6e32a9d,False,True,ok,True,WillBot,False,False,False,1300,10400,0,14400,True,3250,27725,3900,26150,1408,33792,15430,15400,440,100,69,88,2.57,7470.0,1788522125827,false,4,Overpool,SpeedlingAllIn,1Base;Hydralisk,33792,8fc69913-5e74-4805-b6db-edce3f5cdaa4,SpeedlingAllIn,0,33792,218.1826,28,548,548,88,115,94,8,320,512,240,264,536,7689,80,91,19,5880,33818,2028,304,1724,284,10,295,8,0,1,17,33792,Overpool,SpeedlingAllIn,1Base;Hydralisk,false,33792
20260904-031526,KU4HQ08V,VOID,Terran,(4)LaMancha1.1.scx,WIN,0,2026-09-04T04:37:50,2026-09-04T04:41:35,223.3,0.63,6e32a9d,False,True,ok,True,Infested Artosis,False,False,True,2785,15100,9195,14850,False,3140,12400,0,7550,848,20352,14394,14025,4984,4875,162,166,2.975,8129.0,1788522086050,true,4,12Hatch,CrazyZerg,2RaxAcademy;1Base,20369,34af6c97-30da-46d1-a4ef-6839965abcbf,CrazyZerg,1,20369,225.6781,12,118,155,124,250,156,8,320,512,240,67,110,2424,157,156,20,1660,20316,2221,205,2016,187,16,163,33,0,9,31,20369,12Hatch,CrazyZerg,2RaxAcademy;1Base,true,20369
20260904-031526,KU4HQ03K,liongis,Zerg,(2)HeartbreakRidge.scx,LOSS,0,2026-09-04T04:38:20,2026-09-04T04:41:29,186.9,0.63,6e32a9d,False,True,ok,True,liongis,False,False,False,1000,950,0,2700,True,1340,3750,3000,3400,445,10680,3530,3500,544,100,50,68,3.49,8971.0,1788522081249,false,2,Overpool,SpeedlingAllIn,1Base;Hydralisk,10697,16a27e4c-ee59-43a8-bc16-4325cf5efc95,SpeedlingAllIn,0,10697,169.0142,19,60,60,18,19,18,8,320,512,240,37,69,1128,35,19,10,1356,10717,514,66,448,53,7,59,6,0,1,13,10697,Overpool,SpeedlingAllIn,1Base;Hydralisk,false,10697
20260904-031526,KU4HQ00O,Dave Churchill,Random,(4)Jade.scx,LOSS,0,2026-09-04T04:38:24,2026-09-04T04:41:48,202.3,0.63,6e32a9d,False,True,ok,True,Dave Churchill,False,False,False,830,1350,0,2650,True,400,2850,2490,1950,502,12048,3042,2775,856,550,33,50,3.204,9033.0,1788522098910,false,4,Overpool,1HatchSpire,1Base,12061,132b3903-cf3e-4d48-8030-c030af9cb0b0,1HatchSpire,0,12061,149.8295,11,33,33,26,27,26,8,320,512,240,25,50,934,26,27,6,906,12062,402,65,337,42,21,57,7,0,1,22,12061,Overpool,1HatchSpire,1Base,false,12061
20260904-031526,KU4HQ07P,Tomas Cere,Protoss,(4)LaMancha1.1.scx,WIN,0,2026-09-04T04:39:18,2026-09-04T04:42:20,180.9,0.63,6e32a9d,False,True,ok,True,Infested Artosis,False,False,True,375,6900,7050,2300,False,1950,1950,0,3450,602,14448,2730,2250,0,0,41,50,2.326,8703.0,1788522131252,true,4,4Pool,4Pool,1Base,14448,e9929a90-c276-43c6-9b90-7f4ec003dd87,4Pool,1,14448,96.1483,12,41,41,54,138,67,8,320,512,240,41,39,777,68,68,11,611,14399,274,47,227,40,0,46,1,0,0,7,14448,4Pool,4Pool,1Base,true,14448
20260904-031526,KU4HQ04S,Ecgberht,Terran,(3)TauCross.scx,LOSS,0,2026-09-04T04:41:00,2026-09-04T04:44:32,210.9,0.63,6e32a9d,False,True,ok,True,Ecgberht,False,False,False,1305,6500,0,7825,True,3055,13700,3915,8850,740,17760,7498,7450,2120,2025,78,86,2.858,5644.0,1788522263732,false,3,12Hatch,3HatchLurker,1Base,17765,0514086d-f9a7-4a99-bdcb-d3976a3b095c,3HatchLurker,0,17765,170.2200,14,73,104,39,78,43,8,320,512,240,35,112,1507,166,45,19,1396,17766,1159,184,975,107,66,152,28,1,3,42,17765,12Hatch,3HatchLurker,1Base,false,17765
20260904-031526,KU4HQ03L,liongis,Zerg,(3)NeoMoonGlaive.scx,WIN,0,2026-09-04T04:41:29,2026-09-04T04:44:25,174.7,0.63,6e32a9d,False,True,ok,True,Infested Artosis,False,False,True,700,2050,1140,1800,False,1080,250,0,1700,317,7608,2626,2300,384,100,52,52,3.416,7029.0,1788522255902,true,3,Overpool,SpeedlingAllIn,1Base,7628,6867e2b8-944a-4b73-bd1a-e48b27aac251,SpeedlingAllIn,1,7628,119.6061,7,5,5,32,41,34,8,320,512,240,22,6,446,18,35,8,512,7584,256,43,213,34,0,38,4,0,1,11,7628,Overpool,SpeedlingAllIn,1Base,true,7628
20260904-031526,KU4HQ08W,VOID,Terran,(4)Python.scx,WIN,0,2026-09-04T04:41:35,2026-09-04T04:47:17,340.6,0.63,6e32a9d,False,True,ok,True,Infested Artosis,False,False,True,4080,45650,14670,45200,False,4215,61100,0,20450,1652,39648,31506,30375,12830,12675,268,270,3.173,9656.0,1788522428068,true,4,12Hatch,CrazyZerg,2RaxAcademy;1Base,39651,7c0c8c84-2d8e-4af9-9e02-5f1afd703335,CrazyZerg,1,39651,186.6870,34,349,613,337,704,423,8,320,512,240,165,338,6604,416,415,18,4325,39593,3167,427,2740,385,45,375,41,0,11,55,39545,12Hatch,CrazyZerg,2RaxAcademy;1Base,true,39651
20260904-031526,KU4HQ01Y,MadMixR,Random,(2)Benzene.scx,LOSS,0,2026-09-04T04:41:38,2026-09-04T04:45:53,253.2,0.63,6e32a9d,False,True,ok,True,MadMixR,False,False,False,1535,3800,0,9750,True,3620,16925,4605,15375,970,23280,7834,7738,2424,2288,68,100,2.968,7657.0,1788522345252,false,2,12Pool,1HatchSpire,Hydralisk,23283,468cc883-3b46-4f3d-8c29-c36dd1eb4fff,1HatchSpire,0,23283,234.4594,50,117,180,23,30,27,8,320,512,240,43,133,3859,17,30,15,2921,23312,1182,149,1033,107,34,121,25,0,3,21,23283,12Pool,1HatchSpire,Hydralisk,false,23283
20260904-031526,KU4HQ00P,Dave Churchill,Random,(4)LaMancha1.1.scx,LOSS,0,2026-09-04T04:41:48,2026-09-04T04:45:35,226.1,0.63,6e32a9d,False,True,ok,True,Dave Churchill,False,False,False,860,1700,0,2950,True,1875,4600,2580,5250,607,14568,3498,3450,176,0,48,52,3.247,7713.0,1788522326691,false,4,Overpool,SpeedlingAllIn,EarlyRush;1Base;2Gate,14572,b3b12820-5162-42b7-9ae8-099e3b4217bf,SpeedlingAllIn,0,14572,198.5262,12,76,76,9,34,9,8,320,512,240,45,90,1542,88,9,8,986,14586,598,87,511,58,27,71,15,0,1,20,14572,Overpool,SpeedlingAllIn,EarlyRush;1Base;2Gate,false,14572
20260904-031526,KU4HQ061,WillBot,Random,(4)EmpireoftheSun.scm,LOSS,0,2026-09-04T04:42:14,2026-09-04T04:46:07,232.0,0.63,6e32a9d,False,True,ok,True,WillBot,False,False,False,375,1100,0,3900,True,2325,7100,1125,15400,1046,25104,4874,3900,0,0,39,50,2.369,10772.0,1788522357447,false,4,4Pool,4Pool,1Base;Hydralisk,25112,0fb13b04-342d-4956-becf-4abf09bfde7a,4Pool,0,25112,296.7562,14,128,128,22,22,22,8,320,512,240,71,134,2543,52,24,19,2214,25139,559,112,447,72,45,80,32,0,0,7,25112,4Pool,4Pool,1Base;Hydralisk,false,25112
20260904-031526,KU4HQ07Q,Tomas Cere,Protoss,(4)Python.scx,WIN,0,2026-09-04T04:42:20,2026-09-04T04:45:26,184.1,0.63,6e32a9d,False,True,ok,True,Infested Artosis,False,False,True,375,3500,3525,1500,False,1175,350,0,1750,373,8952,1738,1500,0,0,43,50,3.637,10372.0,1788522319610,true,4,4Pool,4Pool,1Base,8961,a9fa18b6-6fa0-406b-98f0-382e9e1d128f,4Pool,1,8961,46.4558,7,7,7,30,70,37,8,320,512,240,25,7,373,37,37,7,387,8920,183,32,151,25,0,31,1,0,0,7,8961,4Pool,4Pool,1Base,true,8961
20260904-031526,KU4HQ03M,liongis,Zerg,(3)TauCross.scx,WIN,0,2026-09-04T04:44:25,2026-09-04T04:46:49,141.9,0.63,6e32a9d,False,True,ok,True,Infested Artosis,False,False,True,375,1600,0,900,False,700,0,0,1300,222,5328,1010,900,0,0,30,34,2.975,6083.0,1788522398501,true,3,4Pool,4Pool,,5334,767cce74-2d19-4dfd-853f-9e307954f427,4Pool,1,5334,206.3511,5,0,0,19,32,20,8,320,512,240,15,0,225,12,20,6,200,5315,117,21,96,14,0,20,1,0,0,7,5334,4Pool,4Pool,,true,5334
20260904-031526,KU4HQ04T,Ecgberht,Terran,(4)Andromeda.scx,LOSS,0,2026-09-04T04:44:32,2026-09-04T04:47:47,193.2,0.63,6e32a9d,False,True,ok,True,Ecgberht,False,False,False,1305,7600,0,11025,True,3105,20450,3915,10225,795,19080,9802,9388,3416,3063,92,118,2.457,8758.0,1788522460578,false,4,12Hatch,3HatchLurker,1Base,19098,115f027a-c611-4ded-ae73-3ef37ed471ff,3HatchLurker,0,19098,221.4201,17,103,155,52,104,56,8,320,512,240,39,146,1799,195,58,19,1572,19126,1157,203,954,138,41,184,14,1,4,53,19098,12Hatch,3HatchLurker,1Base,false,19098
20260904-031526,KU4HQ07R,Tomas Cere,Protoss,(4)Roadrunner.scx,WIN,0,2026-09-04T04:45:26,2026-09-04T04:48:25,177.9,0.63,6e32a9d,False,True,ok,True,Infested Artosis,False,False,True,375,2600,3750,1400,False,1250,500,0,1300,343,8232,1530,1350,0,0,34,50,2.715,7102.0,1788522495740,true,4,4Pool,4Pool,1Base,8248,5fb3b851-9550-4ed7-89a6-8ea88ecc960a,4Pool,1,8248,34.3109,5,10,10,22,52,30,8,320,512,240,23,10,309,30,30,7,292,8204,163,28,135,22,0,27,1,0,0,7,8248,4Pool,4Pool,1Base,true,8248
20260904-031526,KU4HQ00Q,Dave Churchill,Random,(4)Python.scx,LOSS,0,2026-09-04T04:45:35,2026-09-04T04:49:26,229.3,0.63,6e32a9d,False,True,ok,True,Dave Churchill,False,False,False,860,1600,0,3800,True,1975,6250,2580,7650,714,17136,4450,4450,208,100,46,52,2.884,8492.0,1788522557299,false,4,Overpool,SpeedlingAllIn,EarlyRush;1Base;2Gate,17145,f98174ba-0841-4821-a225-d06c1a8d0ba3,SpeedlingAllIn,0,17145,208.1252,18,103,103,8,32,8,8,320,512,240,60,117,1288,106,8,8,1230,17165,756,97,659,77,19,82,14,0,1,13,17145,Overpool,SpeedlingAllIn,EarlyRush;1Base;2Gate,false,17145
20260904-031526,KU4HQ01Z,MadMixR,Random,(2)Destination.scx,WIN,0,2026-09-04T04:45:53,2026-09-04T04:52:26,392.0,0.63,6e32a9d,False,True,ok,True,Infested Artosis,False,False,True,5880,13000,23175,74300,False,5375,169900,0,6500,1916,45984,59678,57375,16760,14050,219,252,3.89,7841.0,1788522739036,true,2,Overpool,3HatchHydra,1Base;FFE,46006,72f3a712-e799-4cbc-82f0-aa1223200aa2,3HatchHydra,1,46006,184.5807,7,619,1076,86,236,208,8,320,512,240,88,635,8719,166,168,12,3706,45973,4870,819,4051,773,48,755,56,0,8,48,46006,Overpool,3HatchHydra,1Base;FFE,true,46006
20260904-031526,KU4HQ062,WillBot,Random,(4)FightingSpirit.scx,LOSS,0,2026-09-04T04:46:07,2026-09-04T04:51:13,304.8,0.63,6e32a9d,False,True,ok,True,WillBot,False,False,False,5640,15000,0,20600,True,5340,37065,18795,21975,1501,36024,23506,23313,5624,5313,110,134,2.831,7416.0,1788522663155,false,4,Overpool,CrazyZerg,1Base;2RaxAcademy,36024,bd7df4b6-aa32-4174-a1e8-ec1518e8bec2,CrazyZerg,0,36024,242.9663,44,253,342,88,192,104,8,320,512,240,123,375,10142,361,126,23,4074,36025,3630,422,3208,319,90,334,77,2,9,61,36024,Overpool,CrazyZerg,1Base;2RaxAcademy,false,36024
20260904-031526,KU4HQ03N,liongis,Zerg,(4)Andromeda.scx,LOSS,0,2026-09-04T04:46:49,2026-09-04T04:50:00,190.2,0.63,6e32a9d,False,True,ok,True,liongis,False,False,False,1300,1450,0,3200,True,1340,5000,3900,4575,496,11904,4186,4150,336,100,49,70,3.345,9641.0,1788522590753,false,4,Overpool,SpeedlingAllIn,1Base;Hydralisk,11906,7d956662-4ccc-4b6a-b141-c5f9b338c184,SpeedlingAllIn,0,11906,177.3258,15,83,83,29,29,29,8,320,512,240,46,92,1265,36,30,10,1386,11907,467,78,389,61,7,70,7,0,1,16,11906,Overpool,SpeedlingAllIn,1Base;Hydralisk,false,11906
20260904-031526,KU4HQ08X,VOID,Terran,(4)Roadrunner.scx,WIN,0,2026-09-04T04:47:17,2026-09-04T04:52:17,298.7,0.63,6e32a9d,False,True,ok,True,Infested Artosis,False,False,True,5630,36500,13320,38375,False,4640,49900,4965,19175,1273,30552,33946,33463,11616,11038,243,252,3.976,7905.0,1788522728724,true,4,12Hatch,CrazyZerg,EarlyRush;2RaxAcademy;1Base,30568,c46d184f-f370-4e8e-96d4-a5c69d8fec2d,CrazyZerg,1,30568,138.9678,56,443,622,304,608,353,8,320,512,240,209,470,7796,368,354,19,4735,30532,8981,2210,6771,464,2028,2114,81,2,13,34,30568,12Hatch,CrazyZerg,EarlyRush;2RaxAcademy;1Base,true,30568
20260904-031526,KU4HQ04U,Ecgberht,Terran,(4)CircuitBreaker.scx,WIN,0,2026-09-04T04:47:47,2026-09-04T04:53:12,323.0,0.63,6e32a9d,False,True,ok,True,Infested Artosis,False,False,True,2520,64000,13110,33725,False,4380,39000,2415,32000,1595,38280,28534,27275,9368,8100,211,280,3.293,9377.0,1788522784334,true,4,12Hatch,3HatchLurker,1Base,38287,3dda949c-812a-474e-b9ec-043456e23ee0,3HatchLurker,1,38287,159.9069,32,280,379,483,966,572,8,320,512,240,110,295,6498,579,578,18,4636,38256,4806,733,4073,390,387,660,63,1,9,42,38287,12Hatch,3HatchLurker,1Base,true,38287
20260904-031526,KU4HQ07S,Tomas Cere,Protoss,(2)Benzene.scx,WIN,0,2026-09-04T04:48:25,2026-09-04T04:51:28,181.0,0.63,6e32a9d,False,True,ok,True,Infested Artosis,False,False,True,375,4800,4950,1850,False,1650,950,0,2400,478,11472,2170,1850,0,0,45,50,3.201,8526.0,1788522678956,true,2,4Pool,4Pool,1Base,11472,3df8b106-3184-49da-af90-e09d8cc77529,4Pool,1,11472,49.0983,9,21,21,40,96,50,8,320,512,240,32,19,566,51,51,9,494,11436,224,39,185,32,0,38,1,0,0,7,11472,4Pool,4Pool,1Base,true,11472
20260904-031526,KU4HQ00R,Dave Churchill,Random,(4)Roadrunner.scx,LOSS,0,2026-09-04T04:49:26,2026-09-04T04:52:41,193.4,0.63,6e32a9d,False,True,ok,True,Dave Churchill,False,False,False,1300,1800,0,3350,True,1640,5575,3900,4300,537,12888,4562,4550,360,100,50,72,2.916,8620.0,1788522750430,false,4,Overpool,SpeedlingAllIn,1Base,12898,be3430c2-2412-40c2-99e5-bbaaa2ca2079,SpeedlingAllIn,0,12898,111.7017,11,78,78,18,36,18,8,320,512,240,47,101,1219,107,18,6,1063,12899,758,87,671,69,8,79,7,0,1,17,12898,Overpool,SpeedlingAllIn,1Base,false,12898
20260904-031526,KU4HQ03O,liongis,Zerg,(4)CircuitBreaker.scx,LOSS,0,2026-09-04T04:50:00,2026-09-04T04:52:36,153.8,0.63,6e32a9d,False,True,ok,True,liongis,False,False,False,375,100,0,1400,True,880,1850,1125,2000,345,8280,1522,1350,0,0,28,50,3.023,7828.0,1788522746364,false,4,4Pool,4Pool,1Base,8279,ac7588b5-bfbf-4534-8c74-3a39a0def160,4Pool,0,8279,232.3525,4,29,29,2,2,2,8,320,512,240,23,35,635,24,3,9,544,8307,221,53,168,22,35,31,22,0,0,11,8279,4Pool,4Pool,1Base,false,8279
20260904-031526,KU4HQ063,WillBot,Random,(4)Icarus.scm,LOSS,0,2026-09-04T04:51:13,2026-09-04T04:54:16,180.9,0.63,6e32a9d,False,True,ok,True,WillBot,False,False,False,375,600,0,3300,True,4090,5350,1125,12650,891,21384,4090,3300,0,0,32,50,1.663,5792.0,1788522846285,false,4,4Pool,4Pool,2RaxAcademy;1Base,21392,da65e7bc-5987-4da9-aecd-9bd14f690c74,4Pool,0,21392,303.0125,20,80,80,6,12,9,8,320,512,240,61,105,1597,205,15,21,1514,21422,481,101,380,61,45,69,32,0,0,7,21392,4Pool,4Pool,2RaxAcademy;1Base,false,21392
20260904-031526,KU4HQ07T,Tomas Cere,Protoss,(2)Destination.scx,LOSS,0,2026-09-04T04:51:28,2026-09-04T04:54:37,187.1,0.63,6e32a9d,False,True,ok,True,Tomas Cere,False,False,False,375,2200,0,2950,True,4100,5450,1125,12550,803,19272,3330,3000,0,0,35,50,1.927,6077.0,1788522870455,false,2,4Pool,4Pool,,19284,990fd671-0209-4325-890d-41ff588725b1,4Pool,0,19284,197.8164,31,95,95,16,44,44,8,320,512,240,53,99,1532,203,45,17,1602,19293,411,77,334,55,25,63,14,0,0,11,19284,4Pool,4Pool,,false,19284
20260904-031526,KU4HQ08Y,VOID,Terran,(2)Benzene.scx,WIN,0,2026-09-04T04:52:17,2026-09-04T04:56:38,259.3,0.63,6e32a9d,False,True,ok,True,Infested Artosis,False,False,True,4940,21500,11520,28925,False,3590,25400,1260,10400,1092,26208,29330,26825,10032,7675,294,352,3.201,6618.0,1788522988370,true,2,12Hatch,CrazyZerg,1Base,26228,56e6b9a1-0aff-45eb-87b4-7c7bcc3ac931,CrazyZerg,1,26228,147.5262,25,263,354,166,334,207,8,320,512,240,152,277,4486,207,205,20,2865,26196,2541,374,2167,370,2,313,48,2,11,29,26228,12Hatch,CrazyZerg,1Base,true,26228
20260904-031526,KU4HQ020,MadMixR,Random,(2)HeartbreakRidge.scx,LOSS,0,2026-09-04T04:52:26,2026-09-04T04:59:36,428.2,0.63,6e32a9d,False,True,ok,True,MadMixR,False,False,False,4905,19320,10500,48075,True,8850,118275,53315,25035,2486,59664,43078,43050,8842,7800,183,236,3.079,7109.0,1788523165896,false,2,Overpool,3HatchHydra,1Base;FFE,59677,cfcdbd67-292b-495a-b192-0e2b3e93e682,3HatchHydra,0,59677,234.6382,87,361,646,88,256,168,8,320,512,240,38,558,16520,334,131,19,6199,59705,4164,627,3537,572,45,555,64,0,8,43,59677,Overpool,3HatchHydra,1Base;FFE,false,59677
20260904-031526,KU4HQ03P,liongis,Zerg,(4)EmpireoftheSun.scm,LOSS,0,2026-09-04T04:52:36,2026-09-04T04:55:50,192.8,0.63,6e32a9d,False,True,ok,True,liongis,False,False,False,780,2150,0,1950,True,1100,2600,2340,3100,443,10632,2450,2425,296,100,41,52,3.799,9602.0,1788522939532,false,4,Overpool,SpeedlingAllIn,1Base;EarlyRush,10635,6d624033-4c97-43ed-8ed5-3fcea6c57a68,SpeedlingAllIn,0,10635,191.0517,8,35,35,42,43,42,8,320,512,240,25,47,965,36,43,9,895,10656,1711,628,1083,37,683,50,577,0,1,23,10635,Overpool,SpeedlingAllIn,1Base;EarlyRush,false,10635
20260904-031526,KU4HQ00S,Dave Churchill,Random,(2)Benzene.scx,WIN,0,2026-09-04T04:52:41,2026-09-04T04:56:02,199.2,0.63,6e32a9d,False,True,ok,True,Infested Artosis,False,False,True,830,2800,1200,3250,False,375,1350,0,1800,458,10992,2914,2875,1080,950,50,50,3.464,8196.0,1788522952962,true,2,Overpool,1HatchSpire,1Base;EarlyRush,11007,90c4567c-8379-4d78-8ce6-b07e86b8eaeb,1HatchSpire,1,11007,212.9439,8,27,27,47,56,50,8,320,512,240,24,28,1113,25,50,6,852,10957,449,55,394,40,3,47,6,0,2,12,11007,Overpool,1HatchSpire,1Base;EarlyRush,true,11007
20260904-031526,KU4HQ04V,Ecgberht,Terran,(4)EmpireoftheSun.scm,WIN,0,2026-09-04T04:53:12,2026-09-04T04:57:42,269.2,0.63,6e32a9d,False,True,ok,True,Infested Artosis,False,False,True,3600,34500,13365,25675,False,4055,16650,0,17200,1098,26352,23394,21900,8080,6600,271,286,2.949,11534.0,1788523051850,true,4,12Hatch,3HatchLurker,1Base;2RaxAcademy,26352,86d8bc53-7b32-46b5-bd38-d6cf3dcef5a2,3HatchLurker,1,26352,121.4230,14,139,188,243,490,286,8,320,512,240,69,144,3640,284,284,20,2400,26315,4088,359,3729,323,37,304,47,1,7,47,26352,12Hatch,3HatchLurker,1Base;2RaxAcademy,true,26352
20260904-031526,KU4HQ064,WillBot,Random,(4)Jade.scx,LOSS,0,2026-09-04T04:54:16,2026-09-04T05:02:23,486.0,0.63,6e32a9d,False,True,ok,True,WillBot,False,False,False,6360,73550,720,67550,True,3190,108055,22380,51150,2751,66024,52226,52150,17064,13775,292,336,3.728,9985.0,1788523334789,false,4,Overpool,1HatchSpire,1Base;Hydralisk,66032,ef7b8717-1aca-49f0-b633-17a497dca32f,1HatchSpire,0,66032,169.9175,147,852,1173,247,476,260,8,320,512,240,329,964,20903,15,253,18,13671,66052,4893,811,4082,732,79,693,114,0,4,28,66032,Overpool,1HatchSpire,1Base;Hydralisk,false,66032
20260904-031526,KU4HQ07U,Tomas Cere,Protoss,(2)HeartbreakRidge.scx,WIN,0,2026-09-04T04:54:37,2026-09-04T04:57:18,160.0,0.63,6e32a9d,False,True,ok,True,Infested Artosis,False,False,True,375,2500,2925,1200,False,575,400,0,1250,308,7392,1186,1150,0,0,32,34,3.346,7998.0,1788523030442,true,2,4Pool,4Pool,1Base,7411,70960e9b-a8cc-4efa-b130-94d6b9e98fba,4Pool,1,7411,33.2588,6,7,7,21,50,26,8,320,512,240,20,7,276,26,26,5,195,7367,365,27,338,19,0,26,1,0,0,8,7411,4Pool,4Pool,1Base,true,7411
20260904-031526,KU4HQ03Q,liongis,Zerg,(4)FightingSpirit.scx,LOSS,0,2026-09-04T04:55:50,2026-09-04T04:58:26,154.2,0.63,6e32a9d,False,True,ok,True,liongis,False,False,False,375,600,0,1350,True,780,1550,1125,2050,338,8112,1442,1350,0,0,31,50,3.015,6610.0,1788523099183,false,4,4Pool,4Pool,1Base,8124,02410ee5-8f4d-45a1-82f4-ad5c501d2b46,4Pool,0,8124,206.8811,7,30,30,12,12,12,8,320,512,240,22,29,570,29,13,8,619,8146,200,44,156,22,25,30,14,0,0,11,8124,4Pool,4Pool,1Base,false,8124
20260904-031526,KU4HQ00T,Dave Churchill,Random,(2)Destination.scx,WIN,0,2026-09-04T04:56:02,2026-09-04T04:59:29,205.2,0.63,6e32a9d,False,True,ok,True,Infested Artosis,False,False,True,1515,4200,2700,3550,False,900,2850,240,2700,684,16416,5242,5275,0,0,71,72,2.558,7294.0,1788523157808,true,2,Overpool,1HatchSpire,1Base;EarlyRush;Hydralisk,16432,93984b1d-ecc2-4611-b679-c184915f2b00,1HatchSpire,1,16432,244.8336,7,56,56,69,84,94,8,320,512,240,42,59,1693,33,74,8,1266,16392,773,110,663,82,28,77,33,0,0,16,16432,Overpool,1HatchSpire,1Base;EarlyRush;Hydralisk,true,16432
20260904-031526,KU4HQ08Z,VOID,Terran,(2)Destination.scx,WIN,0,2026-09-04T04:56:38,2026-09-04T05:00:14,214.5,0.63,6e32a9d,False,True,ok,True,Infested Artosis,False,False,True,5450,15750,8745,19625,False,3015,12650,0,7875,928,22272,25058,23575,7208,5825,307,308,2.673,7263.0,1788523207001,true,2,12Hatch,CrazyZerg,EarlyRush;1Base,22291,75861910-8158-492d-a419-a438f459b202,CrazyZerg,1,22291,188.8375,10,164,197,133,266,186,8,320,512,240,109,160,3331,168,166,18,1905,22236,14691,3632,11059,318,3854,2064,55,1505,8,37,22291,12Hatch,CrazyZerg,EarlyRush;1Base,true,22291
20260904-031526,KU4HQ07V,Tomas Cere,Protoss,(3)NeoMoonGlaive.scx,WIN,0,2026-09-04T04:57:18,2026-09-04T05:00:06,166.1,0.63,6e32a9d,False,True,ok,True,Infested Artosis,False,False,True,375,2500,3525,1300,False,775,500,0,1250,315,7560,1442,1250,0,0,30,50,3.271,8453.0,1788523198184,true,3,4Pool,4Pool,1Base,7566,a9051d96-b165-4308-9efb-b63e5d90ef92,4Pool,1,7566,33.4312,3,10,10,21,50,28,8,320,512,240,21,10,296,28,28,7,240,7528,149,26,123,20,0,25,1,0,0,7,7566,4Pool,4Pool,1Base,true,7566
20260904-031526,KU4HQ04W,Ecgberht,Terran,(4)FightingSpirit.scx,LOSS,0,2026-09-04T04:57:42,2026-09-04T05:00:57,193.1,0.63,6e32a9d,False,True,ok,True,Ecgberht,False,False,False,1305,3100,0,5850,True,2530,12250,3915,6850,664,15936,7346,6775,1808,1100,71,102,2.91,7984.0,1788523247379,false,4,12Hatch,3HatchLurker,1Base,15936,f4584c63-2336-4506-87b8-f8e04e6f759a,3HatchLurker,0,15936,232.9253,13,86,100,17,34,16,8,320,512,240,42,129,1683,129,16,16,1360,15923,1010,175,835,99,56,151,20,1,3,55,15936,12Hatch,3HatchLurker,1Base,false,15936
20260904-031526,KU4HQ03R,liongis,Zerg,(4)Icarus.scm,LOSS,0,2026-09-04T04:58:26,2026-09-04T05:01:07,160.0,0.63,6e32a9d,False,True,ok,True,liongis,False,False,False,700,750,0,2400,True,1080,3550,3000,2750,403,9672,3154,3050,440,100,43,66,2.65,8346.0,1788523260320,false,4,Overpool,SpeedlingAllIn,1Base,9674,37573499-e837-4868-b0c1-69cb0b7d85a4,SpeedlingAllIn,0,9674,251.7042,7,53,53,15,15,15,8,320,512,240,31,65,831,39,16,8,894,9675,313,55,258,44,7,48,6,0,1,11,9674,Overpool,SpeedlingAllIn,1Base,false,9674
20260904-031526,KU4HQ00U,Dave Churchill,Random,(2)HeartbreakRidge.scx,WIN,0,2026-09-04T04:59:29,2026-09-04T05:02:13,162.9,0.63,6e32a9d,False,True,ok,True,Infested Artosis,False,False,True,835,2800,2775,2000,False,775,400,0,1400,338,8112,2714,2600,0,0,52,52,2.559,5858.0,1788523321981,true,2,Overpool,SpeedlingAllIn,1Base;EarlyRush,8124,922a5ed2-831d-4553-8aef-20f423d20de2,SpeedlingAllIn,1,8124,251.2215,1,8,8,28,56,37,8,320,512,240,27,10,479,37,37,5,266,8080,423,50,373,40,3,43,7,0,0,11,8124,Overpool,SpeedlingAllIn,1Base;EarlyRush,true,8124
20260904-031526,KU4HQ021,MadMixR,Random,(3)NeoMoonGlaive.scx,WIN,0,2026-09-04T04:59:36,2026-09-04T05:02:54,196.3,0.63,6e32a9d,False,True,ok,True,Infested Artosis,False,False,True,1315,12500,3975,7150,False,1325,2100,0,5625,719,17256,6954,6325,2464,1900,112,116,2.369,6750.0,1788523367208,true,3,12Pool,1HatchSpire,EarlyRush;1Base;Hydralisk,17269,458a96b3-55ae-4070-910a-7db388a515cd,1HatchSpire,1,17269,248.5280,18,46,46,64,106,79,8,320,512,240,38,43,1257,17,80,10,1349,17236,689,95,594,87,8,81,12,0,2,10,17269,12Pool,1HatchSpire,EarlyRush;1Base;Hydralisk,true,17269
20260904-031526,KU4HQ07W,Tomas Cere,Protoss,(3)TauCross.scx,WIN,0,2026-09-04T05:00:06,2026-09-04T05:03:15,187.3,0.63,6e32a9d,False,True,ok,True,Infested Artosis,False,False,True,375,2200,3375,1350,False,725,500,0,1100,324,7776,1426,1300,0,0,32,50,3.048,7221.0,1788523385272,true,3,4Pool,4Pool,1Base,7783,46f16453-05be-4bab-9217-a44d2425ec71,4Pool,1,7783,33.0768,4,10,10,19,44,25,8,320,512,240,22,10,283,25,24,7,198,7695,159,27,132,21,0,26,1,0,0,7,7783,4Pool,4Pool,1Base,true,7783
20260904-031526,KU4HQ090,VOID,Terran,(2)HeartbreakRidge.scx,WIN,0,2026-09-04T05:00:14,2026-09-04T05:03:32,196.1,0.63,6e32a9d,False,True,ok,True,Infested Artosis,False,False,True,2535,6950,6270,8050,False,2115,6000,1875,3575,695,16680,9874,9325,1976,1950,104,122,2.688,7605.0,1788523404216,true,2,12Hatch,CrazyZerg,1Base,16680,95627e87-ed38-49eb-96ee-46a974b3a1de,CrazyZerg,1,16680,212.0068,18,46,67,54,108,95,8,320,512,240,35,54,1649,78,75,16,1247,16649,1214,131,1083,120,7,99,29,0,3,22,16680,12Hatch,CrazyZerg,1Base,true,16680
20260904-031526,KU4HQ04X,Ecgberht,Terran,(4)Icarus.scm,WIN,0,2026-09-04T05:00:57,2026-09-04T05:03:59,180.8,0.63,6e32a9d,False,True,ok,True,Infested Artosis,False,False,True,1305,8300,3720,6725,False,1265,2600,0,4150,556,13344,6858,6550,2160,2025,102,102,2.704,7877.0,1788523431346,true,4,12Hatch,3HatchLurker,1Base,13363,f4707698-c829-4a49-acd0-996d0d7b28c6,3HatchLurker,1,13363,298.8809,3,26,30,67,134,82,8,320,512,240,28,29,978,83,82,13,787,13330,931,131,800,91,7,117,10,1,3,35,13363,12Hatch,3HatchLurker,1Base,true,13363
20260904-031526,KU4HQ03S,liongis,Zerg,(4)Jade.scx,LOSS,0,2026-09-04T05:01:07,2026-09-04T05:03:58,168.8,0.63,6e32a9d,False,True,ok,True,liongis,False,False,False,375,850,0,1550,True,780,1950,1125,2300,381,9144,1730,1500,0,0,31,50,3.204,8357.0,1788523428511,false,4,4Pool,4Pool,1Base,9147,fd1ad827-1941-4d36-b078-73566ee4fd18,4Pool,0,9147,213.1873,10,32,32,16,17,16,8,320,512,240,26,37,837,30,17,8,774,9148,219,47,172,25,24,34,13,0,0,11,9147,4Pool,4Pool,1Base,false,9147
20260904-031526,KU4HQ00V,Dave Churchill,Random,(3)NeoMoonGlaive.scx,LOSS,0,2026-09-04T05:02:13,2026-09-04T05:05:16,181.0,0.63,6e32a9d,False,True,ok,True,Dave Churchill,False,False,False,695,800,0,1850,True,400,2550,2085,1850,461,11064,2666,2425,0,0,30,34,2.294,6141.0,1788523506526,false,3,Overpool,1HatchSpire,EarlyRush;1Base,11069,a6a7ca00-bb5a-4a7e-9ea0-0162966afe25,1HatchSpire,0,11069,202.6059,6,43,43,15,16,16,8,320,512,240,29,55,912,26,16,6,826,11070,398,78,320,42,37,54,24,0,0,25,11069,Overpool,1HatchSpire,EarlyRush;1Base,false,11069
20260904-031526,KU4HQ065,WillBot,Random,(4)LaMancha1.1.scx,LOSS,0,2026-09-04T05:02:23,2026-09-04T05:05:50,205.1,0.63,6e32a9d,False,True,ok,True,WillBot,False,False,False,375,1600,0,3650,True,3815,6825,1125,15300,1006,24144,4570,3650,0,0,26,50,1.75,5928.0,1788523540116,false,4,4Pool,4Pool,1Base;2RaxAcademy,24151,52a2a05a-2232-4d4a-b546-013498d0ecdb,4Pool,0,24151,201.1871,22,92,92,13,26,14,8,320,512,240,68,128,2487,246,24,22,1779,24181,1138,395,743,68,380,390,5,0,0,10,24151,4Pool,4Pool,1Base;2RaxAcademy,false,24151
20260904-031526,KU4HQ022,MadMixR,Random,(3)TauCross.scx,LOSS,0,2026-09-04T05:02:54,2026-09-04T05:06:27,211.3,0.63,6e32a9d,False,True,ok,True,MadMixR,False,False,False,780,200,0,1650,True,4750,2110,2460,9225,714,17136,2298,2250,320,100,36,52,2.759,6829.0,1788523577941,false,3,12Pool,3HatchHydra,1Base;EarlyRush,17145,143bbbee-555c-47e5-a6dc-487f97a4a9b3,3HatchHydra,0,17145,216.4242,3,4,4,1,4,1,8,320,512,240,10,29,473,165,1,16,570,17174,7823,3419,4404,33,3928,3400,18,0,1,46,17145,12Pool,3HatchHydra,1Base;EarlyRush,false,17145
20260904-031526,KU4HQ07X,Tomas Cere,Protoss,(4)Andromeda.scx,WIN,0,2026-09-04T05:03:15,2026-09-04T05:06:24,187.5,0.63,6e32a9d,False,True,ok,True,Infested Artosis,False,False,True,375,2800,4950,1500,False,1650,450,0,1400,372,8928,1602,1450,0,0,39,50,3.362,10010.0,1788523572943,true,4,4Pool,4Pool,1Base,8930,2b47530e-3f21-490a-baa8-9a7ed8ac9928,4Pool,1,8930,66.1386,4,9,9,24,56,34,8,320,512,240,25,9,352,34,34,9,339,8873,177,30,147,24,0,29,1,0,0,7,8930,4Pool,4Pool,1Base,true,8930
20260904-031526,KU4HQ091,VOID,Terran,(3)NeoMoonGlaive.scx,LOSS,0,2026-09-04T05:03:32,2026-09-04T05:10:03,389.2,0.63,6e32a9d,False,True,ok,True,VOID,False,False,False,6825,26600,6300,26550,True,5415,47880,21600,20450,2110,50640,29050,29019,6504,5919,134,198,3.348,7840.0,1788523794147,false,3,12Hatch,CrazyZerg,EarlyRush;2RaxAcademy;1Base,50656,a31c0f15-508e-4449-a333-d5bf7e02d319,CrazyZerg,0,50656,250.5208,60,279,399,224,448,277,8,320,512,240,126,448,9714,370,280,21,5781,50657,8432,1852,6580,393,1673,1718,121,0,13,56,50656,12Hatch,CrazyZerg,EarlyRush;2RaxAcademy;1Base,false,50656
20260904-031526,KU4HQ03T,liongis,Zerg,(4)LaMancha1.1.scx,LOSS,0,2026-09-04T05:03:58,2026-09-04T05:07:36,217.0,0.63,6e32a9d,False,True,ok,True,liongis,False,False,False,1340,12350,0,6700,True,1965,12250,4020,12550,808,19392,7826,7825,424,100,64,72,2.622,8403.0,1788523646422,false,4,Overpool,SpeedlingAllIn,Hydralisk,19408,ea33359b-d828-4eda-8f29-e61cad05a19d,SpeedlingAllIn,0,19408,181.8866,21,256,256,101,127,101,8,320,512,240,108,225,2966,48,103,10,3230,19439,854,143,711,133,9,133,8,0,2,11,19408,Overpool,SpeedlingAllIn,Hydralisk,false,19408
20260904-031526,KU4HQ04Y,Ecgberht,Terran,(4)Jade.scx,WIN,0,2026-09-04T05:03:59,2026-09-04T05:07:28,208.0,0.63,6e32a9d,False,True,ok,True,Infested Artosis,False,False,True,1530,10150,5415,9025,False,1880,5200,0,5075,647,15528,8274,8150,2376,2375,112,134,2.823,9421.0,1788523638706,true,4,12Hatch,3HatchLurker,1Base,15533,defee779-4b48-4aa6-a7ab-d36a5ea779f4,3HatchLurker,1,15533,196.6546,4,44,54,81,162,102,8,320,512,240,31,47,1186,103,103,14,1039,15495,1111,146,965,117,10,124,16,1,5,41,15533,12Hatch,3HatchLurker,1Base,true,15533
20260904-031526,KU4HQ00W,Dave Churchill,Random,(3)TauCross.scx,LOSS,0,2026-09-04T05:05:16,2026-09-04T05:09:07,229.2,0.63,6e32a9d,False,True,ok,True,Dave Churchill,False,False,False,1020,1500,0,3250,True,2175,5050,3060,9450,785,18840,4114,4100,352,100,48,68,2.968,7693.0,1788523736448,false,3,Overpool,SpeedlingAllIn,EarlyRush;1Base;2Gate,18850,e78bb95a-d8ec-431d-b324-6b205c43ea73,SpeedlingAllIn,0,18850,145.3205,28,83,83,8,30,8,8,320,512,240,45,95,1295,124,8,8,1312,18851,4410,116,4294,68,51,67,48,0,1,27,18850,Overpool,SpeedlingAllIn,EarlyRush;1Base;2Gate,false,18850
20260904-031526,KU4HQ066,WillBot,Random,(4)Python.scx,WIN,0,2026-09-04T05:05:50,2026-09-04T05:09:29,217.4,0.63,6e32a9d,False,True,ok,True,Infested Artosis,False,False,True,2190,17250,6345,15000,False,2490,12050,0,8325,870,20880,13906,13625,5584,5375,173,182,2.95,8856.0,1788523759477,true,4,Overpool,CrazyZerg,1Base,20896,72ec2dc7-5b9a-434c-aaa0-560d129d9a9c,CrazyZerg,1,20896,173.9331,15,127,166,126,260,148,8,320,512,240,79,125,3534,162,155,19,1582,20816,1356,186,1170,170,11,158,17,0,11,28,20896,Overpool,CrazyZerg,1Base,true,20896
20260904-031526,KU4HQ07Y,Tomas Cere,Protoss,(4)CircuitBreaker.scx,WIN,0,2026-09-04T05:06:24,2026-09-04T05:09:15,169.1,0.63,6e32a9d,False,True,ok,True,Infested Artosis,False,False,True,375,2100,2925,1150,False,575,450,0,1050,307,7368,1194,1150,0,0,31,34,3.518,7981.0,1788523745154,true,4,4Pool,4Pool,1Base,7380,c87ae272-b263-4a9c-b87f-706f5e7408dc,4Pool,1,7380,48.9819,3,7,7,18,42,23,8,320,512,240,19,8,258,23,23,5,198,7338,288,27,261,19,0,26,1,0,0,8,7380,4Pool,4Pool,1Base,true,7380
20260904-031526,KU4HQ023,MadMixR,Random,(4)Andromeda.scx,LOSS,0,2026-09-04T05:06:27,2026-09-04T05:09:27,178.2,0.63,6e32a9d,False,True,ok,True,MadMixR,False,False,False,820,100,0,1350,True,1325,1510,2460,3350,434,10416,1938,1900,288,100,34,52,3.394,9714.0,1788523755824,false,4,12Pool,3HatchHydra,1Base;2Gate;EarlyRush,10418,ea8c3434-7eac-4546-b449-0529c9ffd222,3HatchHydra,0,10418,268.2458,4,8,8,1,2,1,8,320,512,240,11,25,319,65,1,9,313,10443,6201,2125,4076,26,2443,2111,13,0,1,38,10418,12Pool,3HatchHydra,1Base;2Gate;EarlyRush,false,10418
20260904-031526,KU4HQ04Z,Ecgberht,Terran,(4)LaMancha1.1.scx,WIN,0,2026-09-04T05:07:28,2026-09-04T05:11:07,216.9,0.63,6e32a9d,False,True,ok,True,Infested Artosis,False,False,True,3310,27600,9840,26550,False,3055,17650,0,13800,1094,26256,24030,22425,8248,6750,283,350,2.064,7291.0,1788523859406,true,4,12Hatch,3HatchLurker,1Base,26259,2369f14e-7a9a-4c66-9c85-ea8d7de7b101,3HatchLurker,1,26259,214.9878,4,139,179,193,388,232,8,320,512,240,64,146,3183,228,229,19,2259,26216,5641,880,4761,321,648,831,40,1,8,49,26259,12Hatch,3HatchLurker,1Base,true,26259
20260904-031526,KU4HQ03U,liongis,Zerg,(4)Python.scx,LOSS,0,2026-09-04T05:07:36,2026-09-04T05:10:14,156.9,0.63,6e32a9d,False,True,ok,True,liongis,False,False,False,375,1350,0,1450,True,1055,1850,1125,2100,366,8784,1426,1400,0,0,28,50,3.018,9064.0,1788523807874,false,4,4Pool,4Pool,,8806,21f60e98-ab08-4c1f-8d96-ed42a4ea84ea,4Pool,0,8806,267.7581,7,33,33,21,27,22,8,320,512,240,24,35,639,26,22,8,588,8817,212,45,167,23,25,32,13,0,0,11,8806,4Pool,4Pool,,false,8806
20260904-031526,KU4HQ00X,Dave Churchill,Random,(4)Andromeda.scx,LOSS,0,2026-09-04T05:09:07,2026-09-04T05:12:33,205.0,0.63,6e32a9d,False,True,ok,True,Dave Churchill,False,False,False,1020,700,0,2500,True,1325,3200,3060,4800,551,13224,3274,3250,144,0,47,52,2.969,7500.0,1788523945689,false,4,Overpool,SpeedlingAllIn,1Base;2Gate;EarlyRush,13239,71caf72e-edad-4448-9068-88ff558fa32c,SpeedlingAllIn,0,13239,222.1417,10,54,54,4,14,4,8,320,512,240,38,67,921,79,4,5,852,13240,1698,82,1616,53,29,61,20,0,1,17,13239,Overpool,SpeedlingAllIn,1Base;2Gate;EarlyRush,false,13239
20260904-031526,KU4HQ07Z,Tomas Cere,Protoss,(4)EmpireoftheSun.scm,WIN,0,2026-09-04T05:09:15,2026-09-04T05:12:17,181.1,0.63,6e32a9d,False,True,ok,True,Infested Artosis,False,False,True,375,3000,3375,1450,False,675,650,0,1500,363,8712,1498,1450,0,0,35,50,3.265,9546.0,1788523927549,true,4,4Pool,4Pool,1Base,8713,b55e5b1c-27f5-4dfa-8664-853b849b4fe5,4Pool,1,8713,46.8209,6,11,11,25,60,31,8,320,512,240,23,12,325,31,31,7,345,8680,174,30,144,24,0,29,1,0,0,8,8713,4Pool,4Pool,1Base,true,8713
20260904-031526,KU4HQ024,MadMixR,Random,(4)CircuitBreaker.scx,WIN,0,2026-09-04T05:09:27,2026-09-04T05:12:32,184.1,0.63,6e32a9d,False,True,ok,True,Infested Artosis,False,False,True,1130,2400,3240,2150,False,780,650,0,1750,397,9528,3330,3075,392,350,51,68,3.255,8043.0,1788523945225,true,4,Overpool,1HatchSpire,1Base,9550,fe880539-bd85-419d-be28-9f5d5a84e911,1HatchSpire,1,9550,217.1025,6,13,13,35,48,40,8,320,512,240,20,14,721,17,41,8,461,9505,438,46,392,43,0,37,8,0,1,10,9550,Overpool,1HatchSpire,1Base,true,9550
20260904-031526,KU4HQ067,WillBot,Random,(4)Roadrunner.scx,LOSS,0,2026-09-04T05:09:29,2026-09-04T05:13:35,244.5,0.63,6e32a9d,False,True,ok,True,WillBot,False,False,False,375,2000,0,4250,True,2545,7800,1125,18225,1151,27624,5122,4250,0,0,45,50,2.274,7952.0,1788524005420,false,4,4Pool,4Pool,1Base;Hydralisk,27623,887a32ef-b37b-4c55-adef-a766df9f2488,4Pool,0,27623,240.4737,16,145,145,28,30,28,8,320,512,240,78,151,3209,61,31,19,2463,27637,588,115,473,79,41,88,27,0,0,10,27623,4Pool,4Pool,1Base;Hydralisk,false,27623
20260904-031526,KU4HQ092,VOID,Terran,(3)TauCross.scx,WIN,0,2026-09-04T05:10:03,2026-09-04T05:13:26,202.0,0.63,6e32a9d,False,True,ok,True,Infested Artosis,False,False,True,3135,7400,7020,9050,False,1790,5700,0,3750,726,17424,12250,11625,2488,1725,140,158,2.666,8312.0,1788523997372,true,3,12Hatch,CrazyZerg,2RaxAcademy;1Base,17424,d3c893e3-116f-41ca-8ae2-cb27f8bb2aee,CrazyZerg,1,17424,239.0778,18,68,95,62,124,89,8,320,512,240,44,60,1777,94,91,15,1230,17371,1719,173,1546,154,4,135,34,0,4,28,17424,12Hatch,CrazyZerg,2RaxAcademy;1Base,true,17424
20260904-031526,KU4HQ03V,liongis,Zerg,(4)Roadrunner.scx,LOSS,0,2026-09-04T05:10:14,2026-09-04T05:13:25,189.8,0.63,6e32a9d,False,True,ok,True,liongis,False,False,False,1300,1650,120,3550,True,1300,5900,3900,4525,541,12984,4530,4500,328,100,48,70,2.837,8068.0,1788523997122,false,4,Overpool,SpeedlingAllIn,1Base;Hydralisk,12991,fc50a616-8cd1-4c8c-b3a5-ba5c2b4b1422,SpeedlingAllIn,0,12991,216.7132,14,105,105,32,33,33,8,320,512,240,52,109,1511,35,34,10,1537,12992,562,87,475,68,9,77,9,0,1,17,12991,Overpool,SpeedlingAllIn,1Base;Hydralisk,false,12991
20260904-031526,KU4HQ050,Ecgberht,Terran,(4)Python.scx,LOSS,0,2026-09-04T05:11:07,2026-09-04T05:14:52,223.3,0.63,6e32a9d,False,True,ok,True,Ecgberht,False,False,False,2445,11950,0,13025,True,4455,24760,8235,18875,1019,24456,12738,12725,3336,3325,94,120,2.43,9445.0,1788524084420,false,4,12Hatch,3HatchLurker,1Base,24461,57e094ff-a2a4-4e44-96f8-289b9b3609fd,3HatchLurker,0,24461,176.7443,24,126,184,82,164,91,8,320,512,240,50,186,3115,322,97,20,2296,24480,2061,250,1811,180,62,211,34,1,4,49,24461,12Hatch,3HatchLurker,1Base,false,24461
20260904-031526,KU4HQ080,Tomas Cere,Protoss,(4)FightingSpirit.scx,LOSS,0,2026-09-04T05:12:17,2026-09-04T05:15:41,202.2,0.63,6e32a9d,False,True,ok,True,Tomas Cere,False,False,False,375,800,0,2650,True,3125,5050,1125,9450,711,17064,3122,2650,0,0,39,50,2.488,6318.0,1788524134118,false,4,4Pool,4Pool,,17083,3de94746-e313-49b6-809f-29b103fae088,4Pool,0,17083,193.3672,21,88,88,8,16,25,8,320,512,240,48,92,1819,155,25,16,1174,17055,396,88,308,48,45,57,31,0,0,11,17083,4Pool,4Pool,,false,17083
20260904-031526,KU4HQ025,MadMixR,Random,(4)EmpireoftheSun.scm,LOSS,0,2026-09-04T05:12:32,2026-09-04T05:16:51,256.6,0.63,6e32a9d,False,True,ok,True,MadMixR,False,False,False,2750,8000,300,14100,True,6090,22945,8250,24550,1109,26616,14158,13975,4176,3925,124,166,2.871,10069.0,1788524201687,false,4,Overpool,CrazyZerg,1Base,26631,12be1c16-5924-4004-9b02-fd71f9ea6da7,CrazyZerg,0,26631,253.7902,49,165,214,67,160,71,8,320,512,240,78,237,3007,242,70,24,2959,26661,3094,292,2802,200,80,233,49,0,10,39,26631,Overpool,CrazyZerg,1Base,false,26631
20260904-031526,KU4HQ00Y,Dave Churchill,Random,(4)CircuitBreaker.scx,LOSS,0,2026-09-04T05:12:33,2026-09-04T05:16:18,223.2,0.63,6e32a9d,False,True,ok,True,Dave Churchill,False,False,False,940,1100,0,3500,True,1975,5400,3720,6550,643,15432,4714,4675,312,125,51,68,2.918,7836.0,1788524167464,false,4,Overpool,SpeedlingAllIn,2Gate;EarlyRush;1Base,15440,27608132-22c3-4159-a73c-d0f1e191f4ac,SpeedlingAllIn,0,15440,156.1273,9,92,92,6,22,6,8,320,512,240,51,108,1122,103,6,8,1168,15457,787,88,699,74,12,73,13,0,2,12,15440,Overpool,SpeedlingAllIn,2Gate;EarlyRush;1Base,false,15440
20260904-031526,KU4HQ03W,liongis,Zerg,(2)Benzene.scx,WIN,0,2026-09-04T05:13:25,2026-09-04T05:16:19,172.0,0.63,6e32a9d,False,True,ok,True,Infested Artosis,False,False,True,375,1000,0,1050,False,700,300,0,1100,252,6048,1114,1000,0,0,28,34,4.593,8018.0,1788524167905,true,2,4Pool,4Pool,1Base,6047,11f01a6d-5954-464c-b6c8-df081dc0c8ba,4Pool,1,6047,92.3946,6,6,6,11,20,11,8,320,512,240,18,6,322,12,12,6,276,6032,129,23,106,16,0,22,1,0,0,7,6047,4Pool,4Pool,1Base,true,6047
20260904-031526,KU4HQ093,VOID,Terran,(4)Andromeda.scx,WIN,0,2026-09-04T05:13:26,2026-09-04T05:17:23,235.1,0.63,6e32a9d,False,True,ok,True,Infested Artosis,False,False,True,5225,11950,7320,17575,False,2665,13600,0,5975,1008,24192,25150,22175,7992,5425,274,306,2.67,10316.0,1788524235687,true,4,12Hatch,CrazyZerg,1Base;2RaxAcademy,24213,5648bcc1-2dd3-4894-b3f8-7cdc9aa60e46,CrazyZerg,1,24213,203.8938,16,165,207,101,202,130,8,320,512,240,113,169,3084,132,129,16,1808,24176,2702,319,2383,303,13,256,53,2,8,32,24213,12Hatch,CrazyZerg,1Base;2RaxAcademy,true,24213
20260904-031526,KU4HQ068,WillBot,Random,(2)Benzene.scx,WIN,0,2026-09-04T05:13:35,2026-09-04T05:18:51,314.1,0.63,6e32a9d,False,True,ok,True,Infested Artosis,False,False,True,5665,51300,14145,42725,False,4940,52320,4005,22850,1418,34032,43330,40075,12800,10150,288,302,3.458,8341.0,1788524321827,true,2,Overpool,CrazyZerg,1Base;EarlyRush,34040,92155156-b461-478e-89d2-7c0f047914d4,CrazyZerg,1,34040,118.6040,51,564,707,278,604,363,8,320,512,240,283,575,9711,369,365,23,6600,34005,7475,1336,6139,563,884,1235,86,2,13,43,34040,Overpool,CrazyZerg,1Base;EarlyRush,true,34040
20260904-031526,KU4HQ051,Ecgberht,Terran,(4)Roadrunner.scx,LOSS,0,2026-09-04T05:14:52,2026-09-04T05:19:01,247.6,0.63,6e32a9d,False,True,ok,True,Ecgberht,False,False,False,1920,16950,0,18375,True,4955,33500,5760,20075,1110,26640,15194,15125,5552,5350,102,150,2.352,7067.0,1788524332313,false,4,12Hatch,3HatchLurker,1Base,26662,1edc575f-2864-4837-8f71-c47fd89d112e,3HatchLurker,0,26662,176.7363,15,158,256,100,200,108,8,320,512,240,55,214,2587,337,114,19,2385,26663,2371,302,2069,220,58,255,38,1,8,62,26662,12Hatch,3HatchLurker,1Base,false,26662
20260904-031526,KU4HQ081,Tomas Cere,Protoss,(4)Icarus.scm,WIN,0,2026-09-04T05:15:41,2026-09-04T05:18:53,190.2,0.63,6e32a9d,False,True,ok,True,Infested Artosis,False,False,True,375,2800,4050,1550,False,1350,700,0,1400,382,9168,1770,1500,0,0,36,50,2.574,6657.0,1788524325469,true,4,4Pool,4Pool,1Base,9178,7e561321-9c0c-4149-b7e6-d46cf37fa88d,4Pool,1,9178,38.0072,5,15,15,23,56,32,8,320,512,240,26,14,387,32,31,8,346,9013,181,31,150,25,0,30,1,0,0,7,9178,4Pool,4Pool,1Base,true,9178
20260904-031526,KU4HQ00Z,Dave Churchill,Random,(4)EmpireoftheSun.scm,LOSS,0,2026-09-04T05:16:18,2026-09-04T05:21:55,335.0,0.63,6e32a9d,False,True,ok,True,Dave Churchill,False,False,False,995,5950,900,4700,True,2050,7970,3885,7950,1220,29280,5746,5750,0,0,36,52,2.751,10621.0,1788524505836,false,4,Overpool,1HatchSpire,EarlyRush;1Base,29297,af4e0df4-210b-4b49-ac1e-2c3c676f1edf,1HatchSpire,0,29297,74.4237,33,154,154,110,119,111,8,320,512,240,84,165,3557,82,112,9,2907,29321,713,123,590,98,26,106,17,0,0,18,29297,Overpool,1HatchSpire,EarlyRush;1Base,false,29297
20260904-031526,KU4HQ03X,liongis,Zerg,(2)Destination.scx,WIN,0,2026-09-04T05:16:19,2026-09-04T05:19:01,160.0,0.63,6e32a9d,False,True,ok,True,Infested Artosis,False,False,True,400,1750,900,1350,False,675,200,0,1650,267,6408,2034,1450,416,100,36,50,3.5,7816.0,1788524332153,true,2,Overpool,SpeedlingAllIn,1Base,6419,2b1eaac2-b078-42d8-8360-9eb7d00082c4,SpeedlingAllIn,1,6419,154.1950,5,4,4,26,35,41,8,320,512,240,16,5,356,15,28,7,365,6373,207,33,174,23,0,29,3,0,1,12,6419,Overpool,SpeedlingAllIn,1Base,true,6419
20260904-031526,KU4HQ026,MadMixR,Random,(4)FightingSpirit.scx,WIN,0,2026-09-04T05:16:51,2026-09-04T05:20:08,196.2,0.63,6e32a9d,False,True,ok,True,Infested Artosis,False,False,True,1235,5950,3675,7050,False,1525,2750,0,3525,691,16584,6810,6475,2184,1925,108,116,2.557,8108.0,1788524402805,true,4,Overpool,1HatchSpire,Hydralisk;EarlyRush;1Base,16587,4288caaf-7d37-47e1-9c08-be1b1c4b278d,1HatchSpire,1,16587,219.9951,10,58,58,77,98,92,8,320,512,240,44,57,1500,34,94,10,1321,16462,842,92,750,90,1,79,10,0,3,12,16587,Overpool,1HatchSpire,Hydralisk;EarlyRush;1Base,true,16587
20260904-031526,KU4HQ094,VOID,Terran,(4)CircuitBreaker.scx,WIN,0,2026-09-04T05:17:23,2026-09-04T05:23:15,349.9,0.63,6e32a9d,False,True,ok,True,Infested Artosis,False,False,True,4960,51850,15420,56550,False,5565,76970,1620,28250,1556,37344,45658,43900,16792,14250,287,366,4.232,8247.0,1788524584945,true,4,12Hatch,CrazyZerg,2RaxAcademy;1Base,37357,590835ae-d930-42b1-bd5b-17893bf872b6,CrazyZerg,1,37357,141.2486,38,596,896,376,770,508,8,320,512,240,290,605,11121,483,479,21,6513,37317,4339,600,3739,581,18,520,64,2,14,49,37357,12Hatch,CrazyZerg,2RaxAcademy;1Base,true,37357
20260904-031526,KU4HQ069,WillBot,Random,(2)Destination.scx,LOSS,0,2026-09-04T05:18:51,2026-09-04T05:23:06,253.5,0.63,6e32a9d,False,True,ok,True,WillBot,False,False,False,455,4000,300,3850,True,4875,6450,1365,16950,1019,24456,4466,3975,0,0,81,98,3.249,6585.0,1788524579413,false,2,4Pool,4Pool,1Base;2Gate;EarlyRush,24461,d2a5e8f6-0270-499c-a143-a427e6d2270a,4Pool,0,24461,217.5570,20,112,112,20,62,22,8,320,512,240,65,121,1729,193,22,16,1399,24483,748,86,662,71,16,77,9,0,0,8,24461,4Pool,4Pool,1Base;2Gate;EarlyRush,false,24461
20260904-031526,KU4HQ082,Tomas Cere,Protoss,(4)Jade.scx,LOSS,0,2026-09-04T05:18:53,2026-09-04T05:22:32,217.0,0.63,6e32a9d,False,True,ok,True,Tomas Cere,False,False,False,375,500,0,2400,True,2925,4100,1125,8000,647,15528,2890,2400,0,0,32,50,3.164,7149.0,1788524542535,false,4,4Pool,4Pool,,15533,7343b7ed-e433-4a1b-bfbf-0667a020eba0,4Pool,0,15533,197.3635,22,79,79,5,10,21,8,320,512,240,43,79,1128,144,21,16,999,15534,446,120,326,43,89,108,12,0,0,10,15533,4Pool,4Pool,,false,15533
20260904-031526,KU4HQ03Y,liongis,Zerg,(2)HeartbreakRidge.scx,LOSS,0,2026-09-04T05:19:01,2026-09-04T05:22:00,178.1,0.63,6e32a9d,False,True,ok,True,liongis,False,False,False,415,700,0,1200,True,780,1200,1245,1650,337,8088,1234,1225,0,0,27,34,4.014,7839.0,1788524513612,false,2,4Pool,4Pool,EarlyRush,8093,3683f44e-dbc8-419b-872e-6c25fd3a7e58,4Pool,0,8093,173.3426,7,20,20,10,14,10,8,320,512,240,21,24,531,22,11,8,597,8122,752,73,679,20,58,39,34,0,0,25,8093,4Pool,4Pool,EarlyRush,false,8093
20260904-031526,KU4HQ052,Ecgberht,Terran,(2)Benzene.scx,WIN,0,2026-09-04T05:19:01,2026-09-04T05:23:25,262.4,0.63,6e32a9d,False,True,ok,True,Infested Artosis,False,False,True,3790,24850,8865,19350,False,2955,14000,0,12425,1055,25320,20178,19475,5024,4375,240,240,3.0,7715.0,1788524597691,true,2,12Hatch,3HatchLurker,1Base,25329,50c1f9d5-5d32-4133-905c-220005adfb8d,3HatchLurker,1,25329,191.5695,8,101,137,179,358,221,8,320,512,240,53,106,2759,221,221,19,1827,25291,2968,337,2631,278,60,287,43,1,6,47,25329,12Hatch,3HatchLurker,1Base,true,25329
20260904-031526,KU4HQ027,MadMixR,Random,(4)Icarus.scm,LOSS,0,2026-09-04T05:20:08,2026-09-04T05:25:02,292.6,0.63,6e32a9d,False,True,ok,True,MadMixR,False,False,False,4230,17350,1800,22850,True,8515,42740,14490,32875,1769,42456,20922,20700,7520,6950,141,150,2.232,9393.0,1788524691742,false,4,Overpool,CrazyZerg,1Base,42472,058f3138-21b1-4958-90f4-1bf3f5559f15,CrazyZerg,0,42472,317.6591,47,263,396,127,300,134,8,320,512,240,110,334,4400,319,136,31,3364,42477,3085,388,2697,269,101,304,72,0,12,45,42472,Overpool,CrazyZerg,1Base,false,42472
20260904-031526,KU4HQ010,Dave Churchill,Random,(4)FightingSpirit.scx,LOSS,0,2026-09-04T05:21:55,2026-09-04T05:24:48,171.9,0.63,6e32a9d,False,True,ok,True,Dave Churchill,False,False,False,580,700,0,1550,True,375,2300,1740,1850,456,10944,1786,1775,280,100,26,34,2.395,6191.0,1788524681097,false,4,Overpool,1HatchSpire,EarlyRush;1Base,10945,05fb7f2f-be50-405c-8e9a-9328fa6aa7f0,1HatchSpire,0,10945,236.8141,4,33,33,13,14,14,8,320,512,240,22,43,954,25,14,6,699,10946,526,71,455,29,45,56,14,0,1,33,10945,Overpool,1HatchSpire,EarlyRush;1Base,false,10945
20260904-031526,KU4HQ03Z,liongis,Zerg,(3)NeoMoonGlaive.scx,WIN,0,2026-09-04T05:22:00,2026-09-04T05:24:30,148.0,0.63,6e32a9d,False,True,ok,True,Infested Artosis,False,False,True,700,1900,900,1400,False,675,150,0,1500,252,6048,1986,1850,280,100,39,52,2.616,6393.0,1788524661689,true,3,Overpool,SpeedlingAllIn,1Base,6047,64fcb720-5ad8-454a-b31c-418049675183,SpeedlingAllIn,1,6047,175.7738,4,4,4,26,38,28,8,320,512,240,17,4,345,14,27,6,231,6035,196,34,162,26,0,30,3,0,1,11,6047,Overpool,SpeedlingAllIn,1Base,true,6047
20260904-031526,KU4HQ083,Tomas Cere,Protoss,(4)LaMancha1.1.scx,LOSS,0,2026-09-04T05:22:32,2026-09-04T05:25:58,205.1,0.63,6e32a9d,False,True,ok,True,Tomas Cere,False,False,False,375,3300,0,2700,True,3100,5225,1125,10400,741,17784,3066,2750,0,0,35,50,2.296,6298.0,1788524747231,false,4,4Pool,4Pool,,17796,e42d98b4-8141-4e61-a206-2249dd4ec003,4Pool,0,17796,177.5525,21,91,91,26,66,41,8,320,512,240,48,95,1216,172,41,16,1130,17821,448,107,341,50,66,85,22,0,0,10,17796,4Pool,4Pool,,false,17796
20260904-031526,KU4HQ06A,WillBot,Random,(2)HeartbreakRidge.scx,CRASH,1,2026-09-04T05:23:06,2026-09-04T05:44:12,1264.3,0.63,6e32a9d,False,True,missing,True,,True,False,False,0,0,0,0,False,0,0,0,0,10728,257472,88394,88388,28000,4063,400,400,2.378,6218.0,,,,,,,,,,,,,,,,,,479,,,,,288,1045,18476,649,525,23,20603,257423,18800,1633,17167,1219,436,1226,110,0,297,49,242328,,,,,
20260904-031526,KU4HQ095,VOID,Terran,(4)EmpireoftheSun.scm,WIN,0,2026-09-04T05:23:15,2026-09-04T05:27:05,229.3,0.63,6e32a9d,False,True,ok,True,Infested Artosis,False,False,True,2980,17000,11820,18000,False,3840,10700,240,8200,926,22224,16358,15650,6344,5875,198,214,2.942,10283.0,1788524815874,true,4,12Hatch,CrazyZerg,2RaxAcademy;1Base,22229,fb088a79-d329-4575-91f9-558af6c7b50d,CrazyZerg,1,22229,203.0639,13,122,164,136,276,178,8,320,512,240,79,126,3194,180,179,21,1967,22198,1794,217,1577,201,16,175,32,0,10,30,22229,12Hatch,CrazyZerg,2RaxAcademy;1Base,true,22229
20260904-031526,KU4HQ053,Ecgberht,Terran,(2)Destination.scx,LOSS,0,2026-09-04T05:23:25,2026-09-04T05:26:51,205.0,0.63,6e32a9d,False,True,ok,True,Ecgberht,False,False,False,1325,4800,0,5375,True,2680,9450,3975,8250,676,16224,7034,6550,1688,1075,69,84,2.88,7945.0,1788524803903,false,2,12Hatch,3HatchLurker,1Base;2RaxAcademy,16246,e31eabb0-4df4-43ad-b89b-953cacb7a6bc,3HatchLurker,0,16246,197.5096,15,71,82,31,62,49,8,320,512,240,38,113,1284,156,34,18,1332,16247,1160,209,951,101,105,180,25,1,3,44,16246,12Hatch,3HatchLurker,1Base;2RaxAcademy,false,16246
20260904-031526,KU4HQ040,liongis,Zerg,(3)TauCross.scx,WIN,0,2026-09-04T05:24:30,2026-09-04T05:27:03,151.2,0.63,6e32a9d,False,True,ok,True,Infested Artosis,False,False,True,375,1450,0,850,False,400,50,0,1150,206,4944,842,800,0,0,25,34,4.224,8186.0,1788524814580,true,3,4Pool,4Pool,,4962,acb313eb-e7d0-4ad0-919e-9907c03bdc7c,4Pool,1,4962,139.6652,3,1,1,17,29,17,8,320,512,240,14,1,226,9,18,6,213,4956,108,19,89,12,0,18,1,0,0,7,4962,4Pool,4Pool,,true,4962
20260904-031526,KU4HQ011,Dave Churchill,Random,(4)Icarus.scm,WIN,0,2026-09-04T05:24:48,2026-09-04T05:27:30,160.0,0.63,6e32a9d,False,True,ok,True,Infested Artosis,False,False,True,835,3300,2325,1800,False,700,300,0,1650,314,7536,2442,2450,0,0,52,52,3.414,8618.0,1788524843392,true,4,Overpool,SpeedlingAllIn,EarlyRush;1Base,7535,2df29612-0ef3-40df-bc37-bf379df2a6a5,SpeedlingAllIn,1,7535,197.2131,2,4,4,33,66,40,8,320,512,240,23,7,454,42,42,5,264,7503,292,50,242,38,3,43,7,0,0,11,7535,Overpool,SpeedlingAllIn,EarlyRush;1Base,true,7535
20260904-031526,KU4HQ028,MadMixR,Random,(4)Jade.scx,LOSS,0,2026-09-04T05:25:02,2026-09-04T05:28:17,193.1,0.63,6e32a9d,False,True,ok,True,MadMixR,False,False,False,1360,5900,900,3750,True,3550,5210,4155,8500,714,17136,5498,5475,416,325,54,68,2.523,8693.0,1788524887609,false,4,Overpool,3HatchHydra,2Gate;EarlyRush;1Base,17145,06956648-57da-4480-b2c4-8a1a00c3d860,3HatchHydra,0,17145,273.5693,13,85,85,34,118,40,8,320,512,240,49,107,1175,157,40,14,1265,17176,2974,733,2241,90,727,686,41,0,6,47,17145,Overpool,3HatchHydra,2Gate;EarlyRush;1Base,false,17145
20260904-031526,KU4HQ084,Tomas Cere,Protoss,(4)Python.scx,WIN,0,2026-09-04T05:25:58,2026-09-04T05:28:46,166.0,0.63,6e32a9d,False,True,ok,True,Infested Artosis,False,False,True,375,2600,3900,1300,False,1300,250,0,1300,334,8016,1466,1300,0,0,37,50,2.447,8152.0,1788524917676,true,4,4Pool,4Pool,1Base,8031,259f7c80-f007-4a5c-8a82-0e8b9ab9027d,4Pool,1,8031,30.1021,5,5,5,22,52,30,8,320,512,240,21,5,292,30,30,8,288,8000,171,27,144,21,0,26,1,0,0,7,8031,4Pool,4Pool,1Base,true,8031
20260904-031526,KU4HQ054,Ecgberht,Terran,(2)HeartbreakRidge.scx,LOSS,0,2026-09-04T05:26:51,2026-09-04T05:30:36,223.2,0.63,6e32a9d,False,True,ok,True,Ecgberht,False,False,False,1305,7100,0,7600,True,2830,16200,3915,9850,763,18312,8186,8113,2032,1338,74,86,2.815,6645.0,1788525026988,false,2,12Hatch,3HatchLurker,1Base,18323,ee5e277e-76a5-44db-ace4-a16f73ffa7da,3HatchLurker,0,18323,211.4631,16,91,114,42,84,52,8,320,512,240,42,146,1634,177,46,18,1627,18350,1533,230,1303,122,94,197,28,1,4,66,18323,12Hatch,3HatchLurker,1Base,false,18323
20260904-031526,KU4HQ041,liongis,Zerg,(4)Andromeda.scx,LOSS,0,2026-09-04T05:27:03,2026-09-04T05:30:39,214.5,0.63,6e32a9d,False,True,ok,True,liongis,False,False,False,1040,4550,0,4850,True,1340,8050,3120,6275,660,15840,5786,5600,424,125,54,70,3.278,10056.0,1788525031491,false,4,Overpool,SpeedlingAllIn,1Base;Hydralisk,15843,2841c70f-f7c3-44cd-896d-78e624cb43ca,SpeedlingAllIn,0,15843,203.9889,19,144,144,73,76,74,8,320,512,240,75,152,1883,59,74,10,2572,15844,629,108,521,93,8,99,7,0,2,13,15843,Overpool,SpeedlingAllIn,1Base;Hydralisk,false,15843
20260904-031526,KU4HQ096,VOID,Terran,(4)FightingSpirit.scx,WIN,0,2026-09-04T05:27:05,2026-09-04T05:31:44,277.4,0.63,6e32a9d,False,True,ok,True,Infested Artosis,False,False,True,2785,27400,13995,29150,False,4640,33050,0,13100,1249,29976,23166,23025,9616,8675,211,278,3.123,7335.0,1788525096004,true,4,12Hatch,CrazyZerg,2RaxAcademy;1Base,29979,c4559e98-dae5-4b8c-a2d6-e0858fa841b2,CrazyZerg,1,29979,212.3836,27,231,366,217,438,275,8,320,512,240,129,226,5220,275,273,21,2914,29948,2162,294,1868,283,11,246,38,0,10,26,29960,12Hatch,CrazyZerg,2RaxAcademy;1Base,true,29979
20260904-031526,KU4HQ012,Dave Churchill,Random,(4)Jade.scx,LOSS,0,2026-09-04T05:27:30,2026-09-04T05:30:39,187.2,0.63,6e32a9d,False,True,ok,True,Dave Churchill,False,False,False,700,100,0,2250,True,1190,3850,2100,2650,422,10128,2930,2700,280,100,45,52,3.325,8939.0,1788525029053,false,4,Overpool,SpeedlingAllIn,,10139,56d11790-716c-4cf4-a52b-e11626033b5e,SpeedlingAllIn,0,10139,175.6644,14,46,46,1,2,1,8,320,512,240,28,64,647,69,1,6,597,10140,853,239,614,43,227,49,189,0,1,11,10139,Overpool,SpeedlingAllIn,,false,10139
20260904-031526,KU4HQ029,MadMixR,Random,(4)LaMancha1.1.scx,LOSS,0,2026-09-04T05:28:17,2026-09-04T05:31:20,181.0,0.63,6e32a9d,False,True,ok,True,MadMixR,False,False,False,1100,1900,0,2550,True,2200,3350,3420,4800,497,11928,3698,3650,216,100,37,52,3.208,8886.0,1788525071605,false,4,Overpool,3HatchHydra,EarlyRush;1Base;2Gate,11937,bb8ca526-3c7d-4226-94bf-79e3eeeaf477,3HatchHydra,0,11937,213.9552,13,48,48,10,38,10,8,320,512,240,32,66,662,93,10,10,780,11955,3508,1021,2487,59,1098,983,37,0,1,37,11937,Overpool,3HatchHydra,EarlyRush;1Base;2Gate,false,11937
20260904-031526,KU4HQ085,Tomas Cere,Protoss,(4)Roadrunner.scx,WIN,0,2026-09-04T05:28:46,2026-09-04T05:31:45,177.9,0.63,6e32a9d,False,True,ok,True,Infested Artosis,False,False,True,375,2800,3525,1400,False,1175,600,0,1400,350,8400,1570,1400,0,0,34,50,3.205,8843.0,1788525098595,true,4,4Pool,4Pool,1Base,8403,fff82092-b4b9-47ef-a9d6-ada29df9a11e,4Pool,1,8403,28.2743,4,15,15,23,56,30,8,320,512,240,23,12,334,30,30,7,280,8353,171,29,142,23,0,28,1,0,0,7,8403,4Pool,4Pool,1Base,true,8403
20260904-031526,KU4HQ055,Ecgberht,Terran,(3)NeoMoonGlaive.scx,LOSS,0,2026-09-04T05:30:36,2026-09-04T05:34:00,202.1,0.63,6e32a9d,False,True,ok,True,Ecgberht,False,False,False,1305,9000,0,8625,True,2680,16950,3915,9525,753,18072,7946,7900,2056,1925,67,134,2.654,6912.0,1788525233902,false,3,12Hatch,3HatchLurker,1Base,18075,11fe004a-004b-4ba0-bf52-9f2952e50c7a,3HatchLurker,0,18075,193.0488,6,82,112,56,112,59,8,320,512,240,35,127,1765,174,61,18,1446,18106,1087,174,913,113,42,151,18,1,4,48,18075,12Hatch,3HatchLurker,1Base,false,18075
20260904-031526,KU4HQ013,Dave Churchill,Random,(4)LaMancha1.1.scx,WIN,0,2026-09-04T05:30:39,2026-09-04T05:34:03,202.4,0.63,6e32a9d,False,True,ok,True,Infested Artosis,False,False,True,830,3330,1200,3500,False,400,2250,2415,1750,667,16008,2826,2825,1024,950,38,50,2.604,7790.0,1788525235783,true,4,Overpool,1HatchSpire,1Base,16029,4c2529e8-9509-4dbf-bb46-058b5e2c82c6,1HatchSpire,1,16029,233.7367,14,29,29,47,54,53,8,320,512,240,21,42,1160,26,54,6,831,15998,430,71,359,39,32,62,7,0,2,27,16029,Overpool,1HatchSpire,1Base,true,16029
20260904-031526,KU4HQ042,liongis,Zerg,(4)CircuitBreaker.scx,WIN,0,2026-09-04T05:30:39,2026-09-04T05:33:08,147.7,0.63,6e32a9d,False,True,ok,True,Infested Artosis,False,False,True,375,2000,1020,1100,False,740,150,0,1550,277,6648,1194,1150,0,0,33,34,3.208,6975.0,1788525180475,true,4,4Pool,4Pool,1Base,6667,3fb7c6f7-9cbc-4973-85c6-85db7b6c0634,4Pool,1,6667,158.3711,4,4,4,33,40,35,8,320,512,240,19,3,439,20,35,8,459,6629,138,24,114,18,0,23,1,0,0,7,6667,4Pool,4Pool,1Base,true,6667
20260904-031526,KU4HQ02A,MadMixR,Random,(4)Python.scx,LOSS,0,2026-09-04T05:31:20,2026-09-04T05:35:04,223.2,0.63,6e32a9d,False,True,ok,True,MadMixR,False,False,False,2055,7200,0,5900,True,5615,10950,6165,16475,891,21384,6226,6200,2008,1850,98,118,2.574,9469.0,1788525295471,false,4,12Pool,CrazyZerg,1Base,21392,04fd5eb5-dbe6-49b6-acc7-4cf086514535,CrazyZerg,0,21392,259.0382,6,33,60,32,86,40,8,320,512,240,17,84,1076,227,40,24,1277,21376,1122,159,963,80,40,114,39,0,6,54,21392,12Pool,CrazyZerg,1Base,false,21392
20260904-031526,KU4HQ097,VOID,Terran,(4)Icarus.scm,WIN,0,2026-09-04T05:31:44,2026-09-04T05:35:59,253.3,0.63,6e32a9d,False,True,ok,True,Infested Artosis,False,False,True,2625,23600,12870,28850,False,4290,31600,0,11300,1258,30192,23162,21225,9792,8575,224,230,2.756,8606.0,1788525348662,true,4,12Hatch,CrazyZerg,2RaxAcademy;1Base,30196,40bec3fa-62b1-4578-b20c-fbef78703fa7,CrazyZerg,1,30196,160.7069,23,228,350,194,394,245,8,320,512,240,128,224,4297,248,243,21,2810,30160,2371,297,2074,273,17,249,37,0,11,31,30196,12Hatch,CrazyZerg,2RaxAcademy;1Base,true,30196
20260904-031526,KU4HQ086,Tomas Cere,Protoss,(2)Benzene.scx,WIN,0,2026-09-04T05:31:45,2026-09-04T05:35:06,198.9,0.63,6e32a9d,False,True,ok,True,Infested Artosis,False,False,True,375,3100,5250,1700,False,1350,850,0,1550,435,10440,2034,1700,0,0,41,50,3.128,8046.0,1788525295859,true,2,4Pool,4Pool,1Base,10449,94764859-9119-48cc-a16a-f935fab0f9bf,4Pool,1,10449,34.0672,9,19,19,25,62,35,8,320,512,240,29,17,442,35,35,8,413,10417,207,36,171,29,0,35,1,0,0,7,10449,4Pool,4Pool,1Base,true,10449
20260904-031526,KU4HQ043,liongis,Zerg,(4)EmpireoftheSun.scm,WIN,0,2026-09-04T05:33:08,2026-09-04T05:35:44,154.0,0.63,6e32a9d,False,True,ok,True,Infested Artosis,False,False,True,700,1550,240,1600,False,580,250,0,1500,281,6744,2298,2050,320,100,45,52,2.962,8600.0,1788525334840,true,4,Overpool,SpeedlingAllIn,1Base,6760,2016dc10-ed5c-4f4b-827f-7e47041a9c2c,SpeedlingAllIn,1,6760,203.6870,3,5,5,22,31,23,8,320,512,240,18,6,341,14,24,10,310,6753,217,37,180,30,0,33,3,0,1,11,6760,Overpool,SpeedlingAllIn,1Base,true,6760
20260904-031526,KU4HQ056,Ecgberht,Terran,(3)TauCross.scx,LOSS,0,2026-09-04T05:34:00,2026-09-04T05:38:03,241.5,0.63,6e32a9d,False,True,ok,True,Ecgberht,False,False,False,3185,12600,0,14650,True,4955,26500,9555,18525,1016,24384,14186,14125,3072,3050,103,158,2.814,7735.0,1788525474316,false,3,12Hatch,3HatchLurker,1Base,24399,6e8cc2af-dbad-4ddd-b525-65c10b25eb16,3HatchLurker,0,24399,174.8691,32,121,183,76,152,84,8,320,512,240,46,207,2624,318,88,19,2319,24426,3074,345,2729,202,134,291,46,1,7,69,24399,12Hatch,3HatchLurker,1Base,false,24399
20260904-031526,KU4HQ014,Dave Churchill,Random,(4)Python.scx,LOSS,0,2026-09-04T05:34:03,2026-09-04T05:37:08,184.1,0.63,6e32a9d,False,True,ok,True,Dave Churchill,False,False,False,980,500,0,2650,True,1725,3700,2940,4200,531,12744,3546,3525,504,100,44,52,2.741,8235.0,1788525422725,false,4,Overpool,SpeedlingAllIn,EarlyRush;1Base;2Gate,12743,ca57e9cc-5916-43b2-8d45-194748aa1182,SpeedlingAllIn,0,12743,216.9486,12,69,68,3,10,3,8,320,512,240,38,76,649,74,3,7,767,12747,1800,482,1318,57,493,71,410,0,1,24,12743,Overpool,SpeedlingAllIn,EarlyRush;1Base;2Gate,false,12743
20260904-031526,KU4HQ02B,MadMixR,Random,(4)Roadrunner.scx,LOSS,0,2026-09-04T05:35:04,2026-09-04T05:41:02,356.1,0.63,6e32a9d,False,True,ok,True,MadMixR,False,False,False,4735,29320,4125,42425,True,12900,102210,16005,38515,1556,37344,41062,39125,8512,6500,170,220,4.287,8157.0,1788525650854,false,4,Overpool,3HatchHydra,1Base;FFE,37357,4e91cc56-13ea-4eca-bd0d-dfe31f0006d5,3HatchHydra,0,37357,125.0184,49,312,548,83,322,125,8,320,512,240,35,528,12318,408,117,26,5142,37365,5653,649,5004,544,94,530,111,0,8,41,37357,Overpool,3HatchHydra,1Base;FFE,false,37357
20260904-031526,KU4HQ087,Tomas Cere,Protoss,(2)Destination.scx,LOSS,0,2026-09-04T05:35:06,2026-09-04T05:38:35,208.2,0.63,6e32a9d,False,True,ok,True,Tomas Cere,False,False,False,375,1100,0,2600,True,3125,5000,1125,9200,713,17112,3018,2650,0,0,37,50,2.82,7391.0,1788525508417,false,2,4Pool,4Pool,,17114,3e5c5d3f-a2e5-437e-ac90-37510b201ee0,4Pool,0,17114,176.5152,30,95,95,10,22,38,8,320,512,240,47,91,1454,174,38,16,1475,17137,342,63,279,48,16,57,6,0,0,11,17114,4Pool,4Pool,,false,17114
20260904-031526,KU4HQ044,liongis,Zerg,(4)FightingSpirit.scx,LOSS,0,2026-09-04T05:35:44,2026-09-04T05:38:32,166.3,0.63,6e32a9d,False,True,ok,True,liongis,False,False,False,375,450,0,1400,True,780,2000,1125,2200,346,8304,1514,1350,0,0,31,50,3.394,8237.0,1788525504197,false,4,4Pool,4Pool,,8310,1fe12e50-a6af-48aa-a512-b8ab74bdd980,4Pool,0,8310,186.6081,2,32,32,9,9,9,8,320,512,240,23,38,657,28,10,8,586,8329,186,37,149,22,16,31,6,0,0,11,8310,4Pool,4Pool,,false,8310
20260904-031526,KU4HQ098,VOID,Terran,(4)Jade.scx,LOSS,0,2026-09-04T05:35:59,2026-09-04T05:40:08,247.4,0.63,6e32a9d,False,True,ok,True,VOID,False,False,False,2350,11950,675,20150,True,4665,32000,7800,14250,1108,26592,16298,16025,6808,6075,133,166,3.026,8311.0,1788525598719,false,4,12Hatch,CrazyZerg,EarlyRush;2RaxAcademy;1Base,26600,25bb3089-7673-4352-a50b-6d071cb28c94,CrazyZerg,0,26600,185.4517,37,224,330,108,216,115,8,320,512,240,99,264,4757,299,118,20,3085,26604,8321,2302,6019,212,2404,2236,54,0,12,41,26600,12Hatch,CrazyZerg,EarlyRush;2RaxAcademy;1Base,false,26600
20260904-031526,KU4HQ015,Dave Churchill,Random,(4)Roadrunner.scx,CRASH,1,2026-09-04T05:37:08,2026-09-04T05:57:44,1234.0,0.63,6e32a9d,False,True,missing,True,,True,False,False,0,0,0,0,False,0,0,0,0,1886,45264,52814,26825,0,0,135,192,4.825,7648.0,,,,,,,,,,,,,,,,,,268,,,,,329,661,17530,305,252,8,8731,45279,3400,472,2928,463,10,437,35,0,0,36,45116,,,,,
20260904-031526,KU4HQ057,Ecgberht,Terran,(4)Andromeda.scx,WIN,0,2026-09-04T05:38:03,2026-09-04T05:41:39,214.2,0.63,6e32a9d,False,True,ok,True,Infested Artosis,False,False,True,1385,18300,5265,12400,False,1655,6850,0,9150,807,19368,11866,10625,3904,3300,150,166,3.027,9771.0,1788525692062,true,4,12Hatch,3HatchLurker,1Base,19377,845f6826-1100-4372-9d5a-693406cf2c30,3HatchLurker,1,19377,188.6059,5,69,80,125,250,150,8,320,512,240,41,72,2092,151,151,15,1475,19343,1232,175,1057,150,10,157,11,1,6,37,19377,12Hatch,3HatchLurker,1Base,true,19377
20260904-031526,KU4HQ045,liongis,Zerg,(4)Icarus.scm,WIN,0,2026-09-04T05:38:32,2026-09-04T05:41:07,153.8,0.63,6e32a9d,False,True,ok,True,Infested Artosis,False,False,True,700,1900,360,1500,False,820,100,0,1650,262,6288,2058,1950,248,100,44,52,3.961,8719.0,1788525657955,true,4,Overpool,SpeedlingAllIn,1Base,6295,e2c55ece-36e9-4244-923c-249656b3ed49,SpeedlingAllIn,1,6295,139.4754,4,2,2,29,38,31,8,320,512,240,16,3,482,17,32,8,440,6270,204,35,169,28,0,31,3,0,1,11,6295,Overpool,SpeedlingAllIn,1Base,true,6295
20260904-031526,KU4HQ088,Tomas Cere,Protoss,(2)HeartbreakRidge.scx,WIN,0,2026-09-04T05:38:35,2026-09-04T05:41:26,169.0,0.63,6e32a9d,False,True,ok,True,Infested Artosis,False,False,True,375,2500,2925,1350,False,575,750,0,1250,343,8232,1346,1300,0,0,31,34,3.13,7735.0,1788525676036,true,2,4Pool,4Pool,1Base,8248,97399815-9f87-4817-b2ec-aca47d5fc9d0,4Pool,1,8248,36.7059,6,13,13,21,50,26,8,320,512,240,23,14,314,26,26,5,215,8212,369,29,340,22,0,28,1,0,0,8,8248,4Pool,4Pool,1Base,true,8248
20260904-031526,KU4HQ099,VOID,Terran,(4)LaMancha1.1.scx,WIN,0,2026-09-04T05:40:08,2026-09-04T05:43:29,199.0,0.63,6e32a9d,False,True,ok,True,Infested Artosis,False,False,True,2785,17100,9795,16900,False,3340,12550,480,8200,932,22368,16242,15625,5984,5375,177,198,2.321,6364.0,1788525800222,true,4,12Hatch,CrazyZerg,2RaxAcademy;1Base,22384,82672238-0860-4b0a-8aed-e1a61ec5c3ff,CrazyZerg,1,22384,210.3799,13,151,181,142,286,177,8,320,512,240,89,156,3015,180,178,20,1773,22341,1843,234,1609,209,20,192,33,0,9,31,22384,12Hatch,CrazyZerg,2RaxAcademy;1Base,true,22384
20260904-031526,KU4HQ02C,MadMixR,Random,(2)Benzene.scx,LOSS,0,2026-09-04T05:41:02,2026-09-04T05:45:29,265.7,0.63,6e32a9d,False,True,ok,True,MadMixR,False,False,False,5435,21050,450,19600,True,11715,36795,16305,28725,1525,36600,24162,24000,4912,2625,118,174,2.384,7246.0,1788525918251,false,2,Overpool,CrazyZerg,1Base,36613,92931e93-0023-4640-93aa-b4e78791c82b,CrazyZerg,0,36613,270.5481,90,206,239,103,272,121,8,320,512,240,97,420,5055,406,135,34,4607,36644,2774,443,2331,367,76,345,94,0,4,37,36613,Overpool,CrazyZerg,1Base,false,36613
20260904-031526,KU4HQ089,Tomas Cere,Protoss,(3)NeoMoonGlaive.scx,WIN,0,2026-09-04T05:41:26,2026-09-04T05:43:52,144.7,0.63,6e32a9d,False,True,ok,True,Infested Artosis,False,False,True,375,2300,1725,1050,False,575,200,0,1150,262,6288,1162,1050,0,0,32,34,3.135,6911.0,1788525825814,true,3,4Pool,4Pool,1Base,6295,4f2527a8-133a-4349-a377-dab903973d0e,4Pool,1,6295,44.7606,3,4,4,20,46,24,8,320,512,240,18,4,227,24,24,5,176,6247,135,24,111,17,0,23,1,0,0,7,6295,4Pool,4Pool,1Base,true,6295
20260904-031526,KU4HQ058,Ecgberht,Terran,(4)CircuitBreaker.scx,LOSS,0,2026-09-04T05:41:39,2026-09-04T05:45:18,217.0,0.63,6e32a9d,False,True,ok,True,Ecgberht,False,False,False,2045,16200,150,12150,True,4530,22900,6135,16950,1001,24024,12050,12050,3272,2950,91,118,2.431,8344.0,1788525910169,false,4,12Hatch,3HatchLurker,1Base;2RaxAcademy,24027,2228411e-7978-4a14-b9a8-29003442f369,3HatchLurker,0,24027,212.9055,21,123,179,103,206,109,8,320,512,240,46,179,2430,290,117,19,2176,24037,2052,259,1793,180,65,216,34,1,8,51,24027,12Hatch,3HatchLurker,1Base;2RaxAcademy,false,24027
20260904-031526,KU4HQ09A,VOID,Terran,(4)Python.scx,LOSS,0,2026-09-04T05:43:29,2026-09-04T05:48:14,283.5,0.63,6e32a9d,False,True,ok,True,VOID,False,False,False,4895,6550,300,13050,True,5190,22370,17385,14400,1577,37848,18322,17925,2992,1650,79,136,2.776,8394.0,1788526084451,false,4,12Hatch,CrazyZerg,1Base,37853,fc1a2781-58e0-425f-ba6e-93b68ac21f86,CrazyZerg,0,37853,203.7697,56,88,124,53,106,56,8,320,512,240,43,248,6118,312,56,19,2907,37854,2383,341,2042,248,80,236,102,0,3,25,37853,12Hatch,CrazyZerg,1Base,false,37853
20260904-031526,KU4HQ08A,Tomas Cere,Protoss,(3)TauCross.scx,LOSS,0,2026-09-04T05:43:52,2026-09-04T05:46:58,183.9,0.63,6e32a9d,False,True,ok,True,Tomas Cere,False,False,False,375,1000,0,2450,True,2975,4700,1125,8900,687,16488,2802,2550,0,0,33,50,2.593,7405.0,1788526009216,false,3,4Pool,4Pool,,16494,c8e58797-c180-4252-8f71-3f15e5f704ef,4Pool,0,16494,218.9966,13,76,76,8,20,28,8,320,512,240,44,84,957,159,28,16,1054,16510,590,181,409,46,157,168,13,0,0,10,16494,4Pool,4Pool,,false,16494
20260904-031526,KU4HQ06B,WillBot,Random,(3)NeoMoonGlaive.scx,LOSS,0,2026-09-04T05:44:12,2026-09-04T05:49:12,298.8,0.63,6e32a9d,False,True,ok,True,WillBot,False,False,False,3860,15100,750,24775,True,6190,45420,11700,23750,1809,43416,22558,22500,7280,6825,141,184,2.519,7543.0,1788526145437,false,3,Overpool,CrazyZerg,2RaxAcademy;EarlyRush;1Base,43433,71f4a12c-fc68-48e2-be26-3e54f6cdcb5c,CrazyZerg,0,43433,288.6283,56,323,464,80,182,100,8,320,512,240,147,412,8228,377,138,23,4384,43434,11268,2341,8927,319,2318,2247,79,2,13,38,43433,Overpool,CrazyZerg,2RaxAcademy;EarlyRush;1Base,false,43433
20260904-031526,KU4HQ059,Ecgberht,Terran,(4)EmpireoftheSun.scm,WIN,0,2026-09-04T05:45:18,2026-09-04T05:48:42,203.1,0.63,6e32a9d,False,True,ok,True,Infested Artosis,False,False,True,1490,14200,5565,15225,False,1330,8000,0,7100,830,19920,13310,12250,5264,4850,176,182,2.755,9058.0,1788526109543,true,4,12Hatch,3HatchLurker,1Base,19935,12a5cfce-46f7-4b06-b0fb-26ddf8758747,3HatchLurker,1,19935,222.4545,3,74,88,106,212,123,8,320,512,240,42,76,1736,125,125,13,1263,19898,1399,233,1166,174,51,210,14,1,8,35,19935,12Hatch,3HatchLurker,1Base,true,19935
20260904-031526,KU4HQ02D,MadMixR,Random,(2)Destination.scx,LOSS,0,2026-09-04T05:45:29,2026-09-04T05:48:41,190.3,0.63,6e32a9d,False,True,ok,True,MadMixR,False,False,False,1875,2100,0,4150,True,3040,6750,5625,7950,803,19272,5994,5988,1200,388,64,68,2.411,7273.0,1788526111707,false,2,Overpool,CrazyZerg,1Base,19284,b2f7c593-9448-40ab-a226-6d6d4a8c5dce,CrazyZerg,0,19284,254.3089,13,60,60,20,40,40,8,320,512,240,36,111,1691,174,22,19,1232,19315,1202,159,1043,90,53,128,29,0,2,45,19284,Overpool,CrazyZerg,1Base,false,19284
20260904-031526,KU4HQ08B,Tomas Cere,Protoss,(4)Andromeda.scx,LOSS,0,2026-09-04T05:46:58,2026-09-04T05:49:51,171.8,0.63,6e32a9d,False,True,ok,True,Tomas Cere,False,False,False,375,800,0,2200,True,2650,4000,1125,7600,603,14472,2306,2250,0,0,30,50,2.045,8164.0,1788526180504,false,4,4Pool,4Pool,,14479,b35eea38-e7b9-4137-9df5-13d1edfd51a0,4Pool,0,14479,265.2032,20,63,63,7,16,17,8,320,512,240,39,71,863,131,17,16,955,14470,466,133,333,40,108,102,31,0,0,10,14479,4Pool,4Pool,,false,14479
20260904-031526,KU4HQ09B,VOID,Terran,(4)Roadrunner.scx,WIN,0,2026-09-04T05:48:14,2026-09-04T05:51:44,208.3,0.63,6e32a9d,False,True,ok,True,Infested Artosis,False,False,True,2785,17950,11520,16800,False,3865,14100,0,8875,971,23304,16710,16100,6384,5950,180,214,2.308,5849.0,1788526293838,true,4,12Hatch,CrazyZerg,2RaxAcademy;1Base,23314,05db1d7d-e819-4ca7-b8ca-4af8e945ec84,CrazyZerg,1,23314,189.5216,24,142,198,147,296,186,8,320,512,240,84,135,3248,189,186,20,2166,23280,2001,222,1779,207,12,178,33,0,11,30,23314,12Hatch,CrazyZerg,2RaxAcademy;1Base,true,23314
20260904-031526,KU4HQ02E,MadMixR,Random,(2)HeartbreakRidge.scx,LOSS,0,2026-09-04T05:48:41,2026-09-04T05:53:23,280.4,0.63,6e32a9d,False,True,ok,True,MadMixR,False,False,False,2505,15950,10875,36600,True,4375,70425,7515,16450,1809,43416,22366,22350,11600,11225,158,166,2.099,7742.0,1788526394168,false,2,12Pool,CrazyZerg,1Base,43433,0924882a-2402-4d8a-8513-4416ebaf895b,CrazyZerg,0,43433,381.3953,44,369,702,126,284,179,8,320,512,240,135,383,4434,195,162,19,3383,43430,2626,355,2271,284,39,311,33,0,11,44,43433,12Pool,CrazyZerg,1Base,false,43433
20260904-031526,KU4HQ05A,Ecgberht,Terran,(4)FightingSpirit.scx,LOSS,0,2026-09-04T05:48:42,2026-09-04T05:52:15,211.1,0.63,6e32a9d,False,True,ok,True,Ecgberht,False,False,False,2625,6200,0,10025,True,4005,17700,7950,11575,821,19704,11770,11525,1768,1650,100,124,2.61,7736.0,1788526328244,false,4,12Hatch,3HatchLurker,1Base,19718,ac9f311b-c6cb-4b8d-8371-a2351a6f36fe,3HatchLurker,0,19718,235.0918,25,93,121,45,90,48,8,320,512,240,40,182,2610,236,50,19,1888,19748,1962,249,1713,174,65,196,49,1,3,40,19718,12Hatch,3HatchLurker,1Base,false,19718
20260904-031526,KU4HQ06C,WillBot,Random,(3)TauCross.scx,LOSS,0,2026-09-04T05:49:12,2026-09-04T05:53:06,232.0,0.63,6e32a9d,False,True,ok,True,WillBot,False,False,False,2545,10700,0,20800,True,4265,37050,7755,17825,1092,26208,17978,17250,7160,6700,149,166,2.623,8130.0,1788526375272,false,3,Overpool,CrazyZerg,1Base,26228,90c1a978-6aa6-4efc-a404-42b56472cee5,CrazyZerg,0,26228,199.5142,23,210,346,62,142,73,8,320,512,240,106,277,5793,284,84,23,3564,26236,2155,314,1841,222,74,242,60,0,12,41,26228,Overpool,CrazyZerg,1Base,false,26228
20260904-031526,KU4HQ09C,VOID,Terran,(2)Benzene.scx,WIN,0,2026-09-04T05:51:44,2026-09-04T05:55:28,223.3,0.63,6e32a9d,False,True,ok,True,Infested Artosis,False,False,True,4255,29250,12945,31400,False,4415,33000,0,14200,1160,27840,27674,26675,10104,9400,251,252,2.565,5577.0,1788526520792,true,2,12Hatch,CrazyZerg,1Base;2RaxAcademy,27840,fb7bc14b-2bab-4f27-97c4-698fda9df2f2,CrazyZerg,1,27840,156.3557,17,298,430,226,456,288,8,320,512,240,156,295,4797,277,274,21,3226,27804,2659,371,2288,360,8,305,51,2,13,24,27840,12Hatch,CrazyZerg,1Base;2RaxAcademy,true,27840
20260904-031526,KU4HQ05B,Ecgberht,Terran,(4)Icarus.scm,LOSS,0,2026-09-04T05:52:15,2026-09-04T05:55:23,186.9,0.63,6e32a9d,False,True,ok,True,Ecgberht,False,False,False,1305,9750,0,9875,True,3155,19300,3915,11925,815,19560,10034,9250,2776,2275,90,102,2.265,6799.0,1788526515009,false,4,12Hatch,3HatchLurker,1Base,19563,8096416a-54f2-428e-93c9-78e1eee8b20c,3HatchLurker,0,19563,207.6408,11,105,145,61,122,67,8,320,512,240,44,154,1784,219,69,15,1734,19583,1395,236,1159,138,83,206,25,1,4,59,19563,12Hatch,3HatchLurker,1Base,false,19563
20260904-031526,KU4HQ06D,WillBot,Random,(4)Andromeda.scx,LOSS,0,2026-09-04T05:53:06,2026-09-04T05:56:44,217.1,0.63,6e32a9d,False,True,ok,True,WillBot,False,False,False,1040,10100,0,11500,True,2950,22075,3120,21775,1269,30456,12902,12525,2024,200,62,70,1.978,9077.0,1788526596380,false,4,Overpool,SpeedlingAllIn,1Base;Hydralisk,30475,2ef459a0-cdb7-4c9c-aada-0298d7dd3c83,SpeedlingAllIn,0,30475,272.6304,22,411,411,67,94,69,8,320,512,240,208,422,6604,61,70,19,4487,30501,1461,250,1211,231,12,238,10,0,2,13,30475,Overpool,SpeedlingAllIn,1Base;Hydralisk,false,30475
20260904-031526,KU4HQ02F,MadMixR,Random,(3)NeoMoonGlaive.scx,LOSS,0,2026-09-04T05:53:23,2026-09-04T05:55:58,153.8,0.63,6e32a9d,False,True,ok,True,MadMixR,False,False,False,780,200,0,1350,True,1075,1600,2340,3050,383,9192,1850,1825,272,100,28,52,2.774,7939.0,1788526547734,false,3,12Pool,3HatchHydra,EarlyRush;1Base;2Gate,9209,400dfbd7-6e6c-48db-8533-c811288bd4ac,3HatchHydra,0,9209,267.9770,5,4,4,1,4,1,8,320,512,240,9,22,352,57,1,6,363,9221,5084,1773,3311,25,2032,1754,18,0,1,38,9209,12Pool,3HatchHydra,EarlyRush;1Base;2Gate,false,9209
20260904-031526,KU4HQ05C,Ecgberht,Terran,(4)Jade.scx,WIN,0,2026-09-04T05:55:23,2026-09-04T05:58:32,187.0,0.63,6e32a9d,False,True,ok,True,Infested Artosis,False,False,True,1385,17900,5415,12950,False,1655,5250,0,9075,793,19032,11466,10425,4064,3550,168,182,2.362,6522.0,1788526703712,true,4,12Hatch,3HatchLurker,1Base,19036,c98a1b4d-9501-4bbc-89b5-7b4b7bb73bc9,3HatchLurker,1,19036,195.4816,2,63,70,125,250,155,8,320,512,240,42,65,1886,158,157,15,1520,18985,1564,193,1371,149,32,175,11,1,6,48,19036,12Hatch,3HatchLurker,1Base,true,19036
20260904-031526,KU4HQ09D,VOID,Terran,(2)Destination.scx,WIN,0,2026-09-04T05:55:28,2026-09-04T06:00:23,292.7,0.63,6e32a9d,False,True,ok,True,Infested Artosis,False,False,True,4175,51100,13470,52900,False,4640,71400,240,29200,1601,38424,41386,39400,16560,14250,283,332,3.27,6221.0,1788526813734,true,2,12Hatch,CrazyZerg,EarlyRush;1Base;2RaxAcademy,38442,a77773de-d6bc-4aff-b18b-c527657b0b19,CrazyZerg,1,38442,145.3089,23,599,883,376,780,543,8,320,512,240,295,572,9348,493,489,21,6034,38408,9318,2127,7191,531,1855,2057,54,2,14,53,38442,12Hatch,CrazyZerg,EarlyRush;1Base;2RaxAcademy,true,38442
20260904-031526,KU4HQ02G,MadMixR,Random,(3)TauCross.scx,WIN,0,2026-09-04T05:55:58,2026-09-04T05:58:45,165.8,0.63,6e32a9d,False,True,ok,True,Infested Artosis,False,False,True,1560,3320,5805,7300,False,1935,2000,0,2450,582,13968,6490,6400,1784,1750,110,118,2.596,8440.0,1788526716492,true,3,12Pool,1HatchSpire,1Base,13983,eff3f265-67bb-45cc-84fe-9e0ead0d0552,1HatchSpire,1,13983,291.9888,5,40,40,47,58,62,8,320,512,240,35,44,1231,24,64,10,766,13949,753,98,655,89,9,84,12,0,2,25,13983,12Pool,1HatchSpire,1Base,true,13983
20260904-031526,KU4HQ06E,WillBot,Random,(4)CircuitBreaker.scx,LOSS,0,2026-09-04T05:56:44,2026-09-04T06:02:47,361.7,0.63,6e32a9d,False,True,ok,True,WillBot,False,False,False,3550,29150,0,37600,True,3875,65655,13350,35700,2464,59136,32162,31475,7640,7075,178,248,2.458,6402.0,1788526959382,false,4,Overpool,1HatchSpire,Hydralisk;1Base,59150,0111381c-998d-4a1d-802b-cb00eb3b4011,1HatchSpire,0,59150,198.9419,144,587,782,140,248,154,8,320,512,240,248,649,19544,22,144,18,10033,59179,3700,490,3210,466,21,428,58,0,4,24,59150,Overpool,1HatchSpire,Hydralisk;1Base,false,59150
20260904-031526,KU4HQ016,Dave Churchill,Random,(2)Benzene.scx,WIN,0,2026-09-04T05:57:44,2026-09-04T06:00:38,171.9,0.63,6e32a9d,False,True,ok,True,Infested Artosis,False,False,True,910,3700,2400,3200,False,500,2200,240,2300,599,14376,3602,3400,848,750,44,50,2.043,5957.0,1788526829118,true,2,Overpool,1HatchSpire,1Base;EarlyRush,14386,4d30e51c-2b8c-42a8-a089-81195043c824,1HatchSpire,1,14386,272.0284,8,44,44,59,74,63,8,320,512,240,35,46,1322,28,63,7,1034,14350,623,65,558,52,3,55,9,0,1,23,14386,Overpool,1HatchSpire,1Base;EarlyRush,true,14386
20260904-031526,KU4HQ05D,Ecgberht,Terran,(4)LaMancha1.1.scx,LOSS,0,2026-09-04T05:58:32,2026-09-04T06:01:34,180.8,0.63,6e32a9d,False,True,ok,True,Ecgberht,False,False,False,1710,9450,0,10050,True,3605,18300,5130,11425,829,19896,9546,9138,2920,2288,84,102,2.115,6142.0,1788526883885,false,4,12Hatch,3HatchLurker,1Base,19904,a71209e4-b2fc-49fa-a4eb-cca4a8c20874,3HatchLurker,0,19904,267.4211,12,96,140,60,120,66,8,320,512,240,40,147,1845,202,69,19,1713,19934,1235,211,1024,133,56,186,20,1,4,44,19904,12Hatch,3HatchLurker,1Base,false,19904
20260904-031526,KU4HQ02H,MadMixR,Random,(4)Andromeda.scx,LOSS,0,2026-09-04T05:58:45,2026-09-04T06:01:29,162.7,0.63,6e32a9d,False,True,ok,True,MadMixR,False,False,False,1170,3050,900,1850,True,1040,2550,3510,3200,600,14400,2714,2700,832,250,36,52,2.582,8884.0,1788526880986,false,4,12Pool,1HatchSpire,EarlyRush,14417,3b9c9a9f-813b-4409-be21-a74c3c5c81f7,1HatchSpire,0,14417,309.0088,11,33,33,53,61,54,8,320,512,240,23,49,1006,45,55,7,1168,14434,479,89,390,38,47,61,27,0,1,26,14417,12Pool,1HatchSpire,EarlyRush,false,14417
20260904-031526,KU4HQ09E,VOID,Terran,(2)HeartbreakRidge.scx,LOSS,0,2026-09-04T06:00:23,2026-09-04T06:04:28,244.0,0.63,6e32a9d,False,True,ok,True,VOID,False,False,False,4945,21200,150,22650,True,5190,39310,15975,21975,1422,34128,24750,24575,5960,5675,136,172,2.504,5713.0,1788527060897,false,2,12Hatch,CrazyZerg,1Base;2RaxAcademy,34133,c3bc6319-d5b4-4292-9bbc-2a7c91354854,CrazyZerg,0,34133,206.3346,50,362,447,181,364,216,8,320,512,240,174,470,7387,458,206,21,5228,34163,5048,468,4580,362,93,365,86,2,15,51,34133,12Hatch,CrazyZerg,1Base;2RaxAcademy,false,34133
20260904-031526,KU4HQ017,Dave Churchill,Random,(2)Destination.scx,LOSS,0,2026-09-04T06:00:38,2026-09-04T06:03:46,187.0,0.63,6e32a9d,False,True,ok,True,Dave Churchill,False,False,False,1120,1100,0,3750,True,2125,6050,3360,6700,674,16176,4714,4625,408,125,57,70,2.394,5966.0,1788527016195,false,2,Overpool,SpeedlingAllIn,1Base;2Gate;EarlyRush,16184,1cb0f4b6-6dbe-46ff-b38d-fd5d1c3cb300,SpeedlingAllIn,0,16184,235.4551,14,109,109,6,22,21,8,320,512,240,58,119,1295,105,6,8,1200,16207,672,95,577,74,16,81,12,0,2,15,16184,Overpool,SpeedlingAllIn,1Base;2Gate;EarlyRush,false,16184
20260904-031526,KU4HQ02I,MadMixR,Random,(4)CircuitBreaker.scx,LOSS,0,2026-09-04T06:01:29,2026-09-04T06:04:07,156.5,0.63,6e32a9d,False,True,ok,True,MadMixR,False,False,False,1210,2400,0,2950,True,1040,4125,3630,4050,492,11808,4242,4050,784,350,58,68,2.663,6695.0,1788527039493,false,4,Overpool,1HatchSpire,,11813,f7537e1a-4402-4d95-883c-4d05b1ea80b3,1HatchSpire,0,11813,214.0229,18,52,52,45,48,45,8,320,512,240,34,71,1695,58,46,7,1322,11824,528,89,439,63,20,74,14,0,1,22,11813,Overpool,1HatchSpire,,false,11813
20260904-031526,KU4HQ05E,Ecgberht,Terran,(4)Python.scx,LOSS,0,2026-09-04T06:01:34,2026-09-04T06:04:30,174.9,0.63,6e32a9d,False,True,ok,True,Ecgberht,False,False,False,1645,2400,0,5375,True,3105,10500,4935,7675,707,16968,6962,6925,1376,1175,70,86,2.29,8500.0,1788527062011,false,4,12Hatch,3HatchLurker,1Base,16990,7612cf8c-fcaa-421c-8c51-46f5c0791b96,3HatchLurker,0,16990,254.1036,7,77,87,17,34,17,8,320,512,240,41,124,1715,156,19,18,1158,16991,1174,171,1003,100,51,143,24,1,3,45,16990,12Hatch,3HatchLurker,1Base,false,16990
20260904-031526,KU4HQ06F,WillBot,Random,(4)EmpireoftheSun.scm,LOSS,0,2026-09-04T06:02:47,2026-09-04T06:06:11,201.8,0.63,6e32a9d,False,True,ok,True,WillBot,False,False,False,1850,8300,0,9675,True,5375,19260,5550,22550,1108,26592,11682,11388,1384,1213,94,102,1.9,7024.0,1788527162294,false,4,Overpool,3HatchHydra,EarlyRush;1Base;2Gate,26600,44d89280-b1b6-4f58-917a-eda9eb78f36d,3HatchHydra,0,26600,293.6495,20,201,220,34,136,35,8,320,512,240,96,247,3150,208,37,17,2066,26629,3051,267,2784,183,73,202,40,0,25,39,26600,Overpool,3HatchHydra,EarlyRush;1Base;2Gate,false,26600
20260904-031526,KU4HQ018,Dave Churchill,Random,(2)HeartbreakRidge.scx,WIN,0,2026-09-04T06:03:46,2026-09-04T06:06:19,150.7,0.63,6e32a9d,False,True,ok,True,Infested Artosis,False,False,True,860,6400,4125,2950,False,975,1300,0,3200,478,11472,4114,4050,352,100,68,84,2.137,5433.0,1788527171751,true,2,Overpool,SpeedlingAllIn,1Base;2Gate;EarlyRush,11472,8948495c-0d64-4169-99ef-048aec2927a4,SpeedlingAllIn,1,11472,225.3911,6,26,26,41,128,53,8,320,512,240,39,27,785,54,54,5,624,11419,743,69,674,62,0,60,8,0,1,13,11472,Overpool,SpeedlingAllIn,1Base;2Gate;EarlyRush,true,11472
20260904-031526,KU4HQ02J,MadMixR,Random,(4)EmpireoftheSun.scm,WIN,0,2026-09-04T06:04:07,2026-09-04T06:07:43,214.0,0.63,6e32a9d,False,True,ok,True,Infested Artosis,False,False,True,2685,14800,11820,23300,False,3815,31850,0,12825,1076,25824,19314,18650,8120,7425,188,200,2.541,8634.0,1788527255253,true,4,12Pool,CrazyZerg,1Base,25825,3d34cf8b-1412-4c4a-9085-1cef7faeeaf4,CrazyZerg,1,25825,274.3994,13,244,381,131,294,172,8,320,512,240,114,229,3209,177,171,21,2400,25788,2253,280,1973,235,21,237,31,0,12,26,25825,12Pool,CrazyZerg,1Base,true,25825
20260904-031526,KU4HQ09F,VOID,Terran,(3)NeoMoonGlaive.scx,WIN,0,2026-09-04T06:04:28,2026-09-04T06:08:55,265.4,0.63,6e32a9d,False,True,ok,True,Infested Artosis,False,False,True,4040,42400,14295,49150,False,4690,65600,0,21800,1459,35016,38514,37050,15724,13600,282,316,2.957,7782.0,1788527327091,true,3,12Hatch,CrazyZerg,EarlyRush;2RaxAcademy;1Base,35032,119a3150-8399-4449-8dcf-74101d1528e7,CrazyZerg,1,35032,182.8355,17,507,772,327,668,429,8,320,512,240,259,507,8059,403,399,21,5402,35001,7804,1752,6052,492,1466,1686,51,2,13,24,35032,12Hatch,CrazyZerg,EarlyRush;2RaxAcademy;1Base,true,35032
20260904-031526,KU4HQ05F,Ecgberht,Terran,(4)Roadrunner.scx,LOSS,0,2026-09-04T06:04:30,2026-09-04T06:07:38,186.7,0.63,6e32a9d,False,True,ok,True,Ecgberht,False,False,False,1385,9250,0,9725,True,2705,18850,4155,10175,782,18768,9346,8713,2832,2313,80,102,2.373,7427.0,1788527251066,false,4,12Hatch,3HatchLurker,1Base,18788,9ad19170-4df6-4d1f-8a8f-c07a11785ffc,3HatchLurker,0,18788,247.1168,15,99,147,59,118,62,8,320,512,240,37,141,1800,185,64,18,1542,18789,1251,226,1025,128,78,197,24,1,4,58,18788,12Hatch,3HatchLurker,1Base,false,18788
20260904-031526,KU4HQ06G,WillBot,Random,(4)FightingSpirit.scx,LOSS,0,2026-09-04T06:06:11,2026-09-04T06:09:16,183.9,0.63,6e32a9d,False,True,ok,True,WillBot,False,False,False,455,2200,300,3650,True,4575,6175,1365,14750,968,23232,4314,3725,0,0,54,66,1.928,6517.0,1788527346875,false,4,4Pool,4Pool,2Gate;EarlyRush;1Base,23252,614e5b75-f39c-46a5-9396-517f2109f93b,4Pool,0,23252,274.0407,16,117,117,14,44,17,8,320,512,240,65,122,1701,180,17,16,1336,23253,765,105,660,68,42,74,31,0,0,9,23252,4Pool,4Pool,2Gate;EarlyRush;1Base,false,23252
20260904-031526,KU4HQ019,Dave Churchill,Random,(3)NeoMoonGlaive.scx,LOSS,0,2026-09-04T06:06:19,2026-09-04T06:09:12,171.9,0.63,6e32a9d,False,True,ok,True,Dave Churchill,False,False,False,940,1500,0,3350,True,1675,4750,2820,4850,582,13968,4330,4150,432,100,52,68,2.102,6398.0,1788527344335,false,3,Overpool,SpeedlingAllIn,EarlyRush;1Base;2Gate,13983,53a16c6b-fa74-493c-ad66-a0cb8c88bd2c,SpeedlingAllIn,0,13983,151.9994,9,77,77,8,30,8,8,320,512,240,49,94,952,80,8,8,900,13984,800,84,716,69,15,70,13,0,1,13,13983,Overpool,SpeedlingAllIn,EarlyRush;1Base;2Gate,false,13983
20260904-031526,KU4HQ05G,Ecgberht,Terran,(2)Benzene.scx,LOSS,0,2026-09-04T06:07:38,2026-09-04T06:10:13,153.5,0.63,6e32a9d,False,True,ok,True,Ecgberht,False,False,False,1265,500,0,5050,True,2530,9750,3795,6350,607,14568,6402,6075,1656,1050,68,132,2.059,6219.0,1788527405578,false,2,12Hatch,3HatchLurker,1Base,14572,89826389-0053-449d-a99e-87b8d9df6056,3HatchLurker,0,14572,277.5093,7,55,67,4,8,4,8,320,512,240,31,94,996,133,6,16,1116,14594,819,148,671,84,54,113,31,1,3,42,14572,12Hatch,3HatchLurker,1Base,false,14572
20260904-031526,KU4HQ02K,MadMixR,Random,(4)FightingSpirit.scx,WIN,0,2026-09-04T06:07:43,2026-09-04T06:10:08,144.4,0.63,6e32a9d,False,True,ok,True,Infested Artosis,False,False,True,1155,2200,4020,5350,False,1340,0,0,1400,503,12072,4658,4175,1904,1600,90,100,2.123,6042.0,1788527399839,true,4,12Pool,1HatchSpire,1Base,12092,d16dc87f-5088-4c29-b7d3-94407144d63a,1HatchSpire,1,12092,307.6392,9,0,0,16,32,25,8,320,512,240,13,2,512,6,26,6,484,12061,348,58,290,50,8,48,8,0,2,8,12092,12Pool,1HatchSpire,1Base,true,12092
20260904-031526,KU4HQ09G,VOID,Terran,(3)TauCross.scx,WIN,0,2026-09-04T06:08:55,2026-09-04T06:11:54,177.8,0.63,6e32a9d,False,True,ok,True,Infested Artosis,False,False,True,2545,12100,8745,14100,False,3140,9300,240,6050,825,19800,13410,13100,5040,4775,166,166,2.121,5687.0,1788527503598,true,3,12Hatch,CrazyZerg,1Base,19811,5932876b-77fd-4612-811c-f2152e17ff3c,CrazyZerg,1,19811,221.8558,8,100,130,106,212,135,8,320,512,240,68,101,2242,140,137,19,1542,19757,1324,179,1145,170,3,142,27,0,10,26,19811,12Hatch,CrazyZerg,1Base,true,19811
20260904-031526,KU4HQ01A,Dave Churchill,Random,(3)TauCross.scx,LOSS,0,2026-09-04T06:09:12,2026-09-04T06:12:15,180.9,0.63,6e32a9d,False,True,ok,True,Dave Churchill,False,False,False,1240,500,0,2950,True,1725,3700,3720,4850,582,13968,4066,4050,240,100,45,68,3.106,6469.0,1788527527899,false,3,Overpool,SpeedlingAllIn,EarlyRush;1Base;2Gate,13983,2b5c5200-e4b3-475d-b830-dcd7b1d0c593,SpeedlingAllIn,0,13983,193.6239,16,63,63,3,10,3,8,320,512,240,41,76,1024,82,3,7,872,13984,650,86,564,62,18,68,17,0,1,22,13983,Overpool,SpeedlingAllIn,EarlyRush;1Base;2Gate,false,13983
20260904-031526,KU4HQ06H,WillBot,Random,(4)Icarus.scm,LOSS,0,2026-09-04T06:09:16,2026-09-04T06:13:13,235.6,0.63,6e32a9d,False,True,ok,True,WillBot,False,False,False,3395,9000,600,17900,True,5475,33455,11085,26600,1300,31200,19050,18976,2880,2601,158,186,2.271,6391.0,1788527582185,false,4,Overpool,3HatchMuta,EarlyRush;1Base;2Gate,31219,77bc15f2-f777-48c9-bef3-52163a79bc86,3HatchMuta,0,31219,279.0614,39,271,328,54,168,61,8,320,512,240,113,341,4551,234,63,17,2942,31240,7931,372,7559,286,83,314,52,0,6,67,31219,Overpool,3HatchMuta,EarlyRush;1Base;2Gate,false,31219
20260904-031526,KU4HQ02L,MadMixR,Random,(4)Icarus.scm,WIN,0,2026-09-04T06:10:08,2026-09-04T06:13:40,210.9,0.63,6e32a9d,False,True,ok,True,Infested Artosis,False,False,True,2625,19400,14445,21700,False,4765,29570,5370,16900,1147,27528,17234,16989,6592,6289,158,166,2.224,7070.0,1788527613803,true,4,12Pool,CrazyZerg,1Base,27530,d3094944-44ba-45bf-bde6-19a7a72cba57,CrazyZerg,1,27530,297.7393,30,232,332,140,322,187,8,320,512,240,94,262,3346,191,183,22,3061,27490,2750,340,2410,233,75,271,54,0,15,46,27530,12Pool,CrazyZerg,1Base,true,27530
20260904-031526,KU4HQ05H,Ecgberht,Terran,(2)Destination.scx,WIN,0,2026-09-04T06:10:13,2026-09-04T06:13:30,195.8,0.63,6e32a9d,False,True,ok,True,Infested Artosis,False,False,True,1960,26800,8790,17950,False,2930,14050,0,13400,959,23016,15842,14900,5480,4975,181,216,2.071,6492.0,1788527602790,true,2,12Hatch,3HatchLurker,1Base,23035,2e254346-74fa-40f5-bf67-8ef12e5e5891,3HatchLurker,1,23035,222.9844,5,104,142,183,368,234,8,320,512,240,48,102,2551,212,212,19,1989,23003,1791,256,1535,209,42,227,20,1,8,45,23035,12Hatch,3HatchLurker,1Base,true,23035
20260904-031526,KU4HQ09H,VOID,Terran,(4)Andromeda.scx,WIN,0,2026-09-04T06:11:54,2026-09-04T06:15:22,205.3,0.63,6e32a9d,False,True,ok,True,Infested Artosis,False,False,True,6395,11950,7470,14575,False,2565,9700,0,5975,962,23088,25042,21550,7088,3275,252,252,1.864,7910.0,1788527711325,true,4,12Hatch,CrazyZerg,1Base;2RaxAcademy,23097,2eba6794-6f0d-4b9e-9ca9-dc9c791ae2c2,CrazyZerg,1,23097,225.9064,13,78,105,103,206,131,8,320,512,240,77,100,2782,133,131,16,1365,23060,2084,313,1771,295,4,243,61,2,7,29,23097,12Hatch,CrazyZerg,1Base;2RaxAcademy,true,23097
20260904-031526,KU4HQ01B,Dave Churchill,Random,(4)Andromeda.scx,LOSS,0,2026-09-04T06:12:15,2026-09-04T06:14:53,156.8,0.63,6e32a9d,False,True,ok,True,Dave Churchill,False,False,False,1000,800,0,2250,True,1055,3750,3000,3200,426,10224,3394,3350,384,100,41,52,2.35,8185.0,1788527684652,false,4,Overpool,SpeedlingAllIn,1Base,10232,3f03fb4f-d423-4cb4-bb4b-f388661394bb,SpeedlingAllIn,0,10232,216.3134,5,37,37,8,16,8,8,320,512,240,26,65,674,77,8,6,685,10233,412,87,325,51,40,57,29,0,1,13,10232,Overpool,SpeedlingAllIn,1Base,false,10232
20260904-031526,KU4HQ06I,WillBot,Random,(4)Jade.scx,LOSS,0,2026-09-04T06:13:13,2026-09-04T06:16:19,183.8,0.63,6e32a9d,False,True,ok,True,WillBot,False,False,False,455,2000,600,3400,True,4150,5575,1365,13250,904,21696,3914,3525,0,0,53,66,1.921,5965.0,1788527772264,false,4,4Pool,4Pool,2Gate;EarlyRush;1Base,21702,13cd8bf3-f2da-4e6b-8ce0-388bfb70e7dd,4Pool,0,21702,272.1968,10,99,99,12,40,16,8,320,512,240,58,106,1746,167,16,14,1289,21713,716,101,615,63,43,69,32,0,0,11,21702,4Pool,4Pool,2Gate;EarlyRush;1Base,false,21702
20260904-031526,KU4HQ05I,Ecgberht,Terran,(2)HeartbreakRidge.scx,WIN,0,2026-09-04T06:13:30,2026-09-04T06:16:17,165.6,0.63,6e32a9d,False,True,ok,True,Infested Artosis,False,False,True,1545,10400,4365,5400,False,1455,2200,0,5150,593,14232,6954,6750,1432,1350,98,118,2.395,6422.0,1788527769471,true,2,12Hatch,3HatchLurker,1Base,14231,3b51b275-871f-47e2-a8db-06b8ac3c0492,3HatchLurker,1,14231,223.3483,5,32,34,79,158,105,8,320,512,240,34,34,1181,101,101,14,784,14189,1253,114,1139,97,1,93,17,1,3,33,14231,12Hatch,3HatchLurker,1Base,true,14231
20260904-031526,KU4HQ02M,MadMixR,Random,(4)Jade.scx,LOSS,0,2026-09-04T06:13:40,2026-09-04T06:16:45,183.8,0.63,6e32a9d,False,True,ok,True,MadMixR,False,False,False,2070,6475,0,9400,True,5765,16350,6210,15625,862,20688,9458,9425,2376,2175,99,118,2.024,6868.0,1788527797120,false,4,12Pool,CrazyZerg,1Base,20710,c7ffbbff-0478-41e8-a71a-f52b611002d5,CrazyZerg,0,20710,285.4325,20,81,120,35,86,40,8,320,512,240,38,150,1823,241,40,25,1817,20741,3014,204,2810,138,37,158,39,0,7,46,20710,12Pool,CrazyZerg,1Base,false,20710
20260904-031526,KU4HQ01C,Dave Churchill,Random,(4)CircuitBreaker.scx,LOSS,0,2026-09-04T06:14:53,2026-09-04T06:18:50,235.1,0.63,6e32a9d,False,True,ok,True,Dave Churchill,False,False,False,1500,3800,0,5250,True,2175,9420,4500,8800,794,19056,6634,6625,432,200,60,70,2.031,6404.0,1788527917359,false,4,Overpool,SpeedlingAllIn,2Gate;EarlyRush;1Base,19067,d74100db-b147-4f03-a6d2-e5f2c89719d3,SpeedlingAllIn,0,19067,15.7081,14,161,161,20,76,20,8,320,512,240,84,177,1791,122,20,8,1515,19068,929,128,801,108,10,114,12,0,2,16,19067,Overpool,SpeedlingAllIn,2Gate;EarlyRush;1Base,false,19067
20260904-031526,KU4HQ09I,VOID,Terran,(4)CircuitBreaker.scx,WIN,0,2026-09-04T06:15:22,2026-09-04T06:18:57,214.2,0.63,6e32a9d,False,True,ok,True,Infested Artosis,False,False,True,4235,29800,12720,36775,False,4465,40500,0,15525,1103,26472,30910,29275,11192,9900,279,350,2.612,6677.0,1788527926868,true,4,12Hatch,CrazyZerg,1Base,26476,8e5241a5-80f7-43a3-80b3-6381d118d587,CrazyZerg,1,26476,162.8812,16,372,539,231,468,300,8,320,512,240,193,364,5724,291,287,21,3565,26444,3483,411,3072,399,10,354,43,2,12,33,26476,12Hatch,CrazyZerg,1Base,true,26476
20260904-031526,KU4HQ05J,Ecgberht,Terran,(3)NeoMoonGlaive.scx,LOSS,0,2026-09-04T06:16:17,2026-09-04T06:19:19,180.7,0.63,6e32a9d,False,True,ok,True,Ecgberht,False,False,False,1710,5300,0,6950,True,2830,12800,5130,8500,719,17256,7290,7250,1816,1750,62,86,2.324,6584.0,1788527950712,false,3,12Hatch,3HatchLurker,1Base,17269,09abb914-a8aa-4a2c-a762-ff848b31e76d,3HatchLurker,0,17269,233.2334,9,62,90,39,78,43,8,320,512,240,27,106,1527,170,45,18,1184,17296,1249,163,1086,101,52,140,19,1,3,40,17269,12Hatch,3HatchLurker,1Base,false,17269
20260904-031526,KU4HQ06J,WillBot,Random,(4)LaMancha1.1.scx,LOSS,0,2026-09-04T06:16:19,2026-09-04T06:19:48,207.8,0.63,6e32a9d,False,True,ok,True,WillBot,False,False,False,1980,6400,1050,8800,True,5175,14705,6015,20800,1059,25416,10994,10800,832,625,114,134,2.39,6554.0,1788527980345,false,4,Overpool,3HatchHydra,EarlyRush;1Base;2Gate,25422,2f91febd-c854-4017-bfe1-5c262d12e100,3HatchHydra,0,25422,270.3498,26,164,176,34,104,41,8,320,512,240,103,207,3106,210,41,17,2010,25423,5073,794,4279,179,687,741,45,0,8,52,25422,Overpool,3HatchHydra,EarlyRush;1Base;2Gate,false,25422
20260904-031526,KU4HQ02N,MadMixR,Random,(4)LaMancha1.1.scx,LOSS,0,2026-09-04T06:16:45,2026-09-04T06:19:50,183.7,0.63,6e32a9d,False,True,ok,True,MadMixR,False,False,False,1815,14350,1500,7950,True,4900,15790,5445,15600,856,20544,9354,9325,1080,850,66,86,2.064,8387.0,1788527983023,false,4,12Pool,3HatchHydra,EarlyRush;1Base;2Gate,20555,f6768930-8480-4ea2-acee-4da3d33c46db,3HatchHydra,0,20555,293.4204,9,108,126,66,244,71,8,320,512,240,54,169,1635,220,71,18,1589,20567,6821,886,5935,150,826,842,39,0,5,47,20555,12Pool,3HatchHydra,EarlyRush;1Base;2Gate,false,20555
20260904-031526,KU4HQ01D,Dave Churchill,Random,(4)EmpireoftheSun.scm,WIN,0,2026-09-04T06:18:50,2026-09-04T06:21:58,186.7,0.63,6e32a9d,False,True,ok,True,Infested Artosis,False,False,True,915,3900,2400,3050,False,500,3150,900,2500,702,16848,4146,3975,0,0,41,52,2.179,7094.0,1788528106387,true,4,Overpool,1HatchSpire,EarlyRush;1Base,16866,d6f721a5-4de3-4809-885e-bde8cf9bf218,1HatchSpire,1,16866,252.5055,10,61,61,63,78,66,8,320,512,240,51,65,2174,30,67,7,1507,16827,522,68,454,63,5,57,11,0,0,22,15723,Overpool,1HatchSpire,EarlyRush;1Base,true,16866
20260904-031526,KU4HQ09J,VOID,Terran,(4)EmpireoftheSun.scm,WIN,0,2026-09-04T06:18:57,2026-09-04T06:21:42,162.8,0.63,6e32a9d,False,True,ok,True,Infested Artosis,False,False,True,2960,10550,9195,10800,False,3140,10450,525,5275,822,19728,13346,12725,3824,3675,127,134,2.003,7760.0,1788528092313,true,4,12Hatch,CrazyZerg,2RaxAcademy;1Base,19749,30434771-474a-4846-a30c-fdae8b5a9e6f,CrazyZerg,1,19749,250.0225,18,100,127,90,180,123,8,320,512,240,69,108,2334,126,123,18,1471,19701,1749,195,1554,176,16,147,39,0,9,30,19749,12Hatch,CrazyZerg,2RaxAcademy;1Base,true,19749
20260904-031526,KU4HQ06K,WillBot,Random,(4)Python.scx,LOSS,0,2026-09-04T06:19:48,2026-09-04T06:22:41,172.0,0.63,6e32a9d,False,True,ok,True,WillBot,False,False,False,375,3400,0,3650,True,4425,6525,1125,15600,967,23208,4338,3600,0,0,57,66,1.854,7449.0,1788528152200,false,4,4Pool,4Pool,EarlyRush;1Base;2Gate,23221,b5c58df6-7815-411a-8b54-e4cde07c74b2,4Pool,0,23221,327.8725,15,114,114,17,62,17,8,320,512,240,66,121,1599,183,17,16,1261,23243,513,104,409,66,43,76,28,0,0,11,23221,4Pool,4Pool,EarlyRush;1Base;2Gate,false,23221
20260904-031526,KU4HQ02O,MadMixR,Random,(4)Python.scx,LOSS,0,2026-09-04T06:19:50,2026-09-04T06:22:13,141.3,0.63,6e32a9d,False,True,ok,True,MadMixR,False,False,False,1130,1350,0,2400,True,1245,2950,3390,3325,466,11184,3082,3075,464,450,43,68,2.457,7694.0,1788528125506,false,4,12Pool,1HatchSpire,Hydralisk,11193,ecde71b1-9e93-490e-b11c-65771a7822c4,1HatchSpire,0,11193,300.6260,14,29,29,27,27,28,8,320,512,240,20,50,997,42,29,11,1057,11194,578,78,500,43,30,62,15,0,1,23,11193,12Pool,1HatchSpire,Hydralisk,false,11193
20260904-031526,KU4HQ09K,VOID,Terran,(4)FightingSpirit.scx,WIN,0,2026-09-04T06:21:42,2026-09-04T06:24:32,168.4,0.63,6e32a9d,False,True,ok,True,Infested Artosis,False,False,True,2575,11750,10470,8600,False,3390,13070,7245,7125,1036,24864,11026,10900,2224,1850,93,134,1.872,5348.0,1788528266469,true,4,12Hatch,CrazyZerg,2RaxAcademy;1Base,24864,d3c9ed0a-4ba6-4ca3-8f07-54848fe524bc,CrazyZerg,1,24864,275.5425,21,84,111,97,194,137,8,320,512,240,46,145,2968,155,137,19,1858,24816,1792,240,1552,148,74,177,58,0,5,33,24864,12Hatch,CrazyZerg,2RaxAcademy;1Base,true,24864
20260904-031526,KU4HQ02P,MadMixR,Random,(4)Roadrunner.scx,WIN,0,2026-09-04T06:22:13,2026-09-04T06:24:26,132.1,0.63,6e32a9d,False,True,ok,True,Infested Artosis,False,False,True,1235,11150,3735,6050,False,1245,1150,0,5075,551,13224,5930,5400,2168,1700,95,100,1.89,5917.0,1788528258046,true,4,12Pool,1HatchSpire,Hydralisk;1Base,13239,712e056c-a09d-46d6-8b7a-edf42ce138d0,1HatchSpire,1,13239,317.0377,11,24,24,57,98,70,8,320,512,240,24,24,1227,14,72,11,1082,13185,504,76,428,68,8,63,11,0,2,8,13239,12Pool,1HatchSpire,Hydralisk;1Base,true,13239
20260904-031526,KU4HQ06L,WillBot,Random,(4)Roadrunner.scx,LOSS,0,2026-09-04T06:22:41,2026-09-04T06:25:52,189.6,0.63,6e32a9d,False,True,ok,True,WillBot,False,False,False,1340,8000,0,12650,True,2650,24760,4020,21800,1267,30408,13918,13875,424,100,62,72,1.563,5621.0,1788528344003,false,4,Overpool,SpeedlingAllIn,1Base;Hydralisk,30413,9badafb3-d0c8-462e-a0bb-fead9ad924e9,SpeedlingAllIn,0,30413,274.0661,29,487,487,69,85,70,8,320,512,240,228,470,6608,60,73,19,4357,30414,1863,271,1592,254,10,261,8,0,2,13,30413,Overpool,SpeedlingAllIn,1Base;Hydralisk,false,30413
20260904-031526,KU4HQ02Q,MadMixR,Random,(2)Benzene.scx,LOSS,0,2026-09-04T06:24:26,2026-09-04T06:27:21,174.3,0.63,6e32a9d,False,True,ok,True,MadMixR,False,False,False,2325,19000,150,10050,True,8875,21620,12975,24095,1104,26496,11610,11575,1752,1650,73,120,1.751,5403.0,1788528431975,false,2,12Pool,3HatchHydra,1Base;2Gate;EarlyRush,26507,d1ef2e31-8d60-4c67-b1b7-54f8829a978a,3HatchHydra,0,26507,281.3169,25,157,193,74,302,87,8,320,512,240,63,198,2788,298,87,27,2330,26535,7939,1711,6228,168,1764,1664,42,0,5,77,26507,12Pool,3HatchHydra,1Base;2Gate;EarlyRush,false,26507
20260904-031526,KU4HQ09L,VOID,Terran,(4)Icarus.scm,LOSS,0,2026-09-04T06:24:32,2026-09-04T06:27:49,196.2,0.63,6e32a9d,False,True,ok,True,VOID,False,False,False,2665,18900,300,25350,True,5390,45550,8895,20425,1276,30624,19438,19400,7744,7325,134,166,2.093,5460.0,1788528458913,false,4,12Hatch,CrazyZerg,2RaxAcademy;1Base,30630,c99280d2-6e09-4854-9b8b-f6b654425ad9,CrazyZerg,0,30630,243.4301,40,282,466,141,290,152,8,320,512,240,121,329,6019,399,149,20,3608,30636,2384,339,2045,255,53,271,57,0,11,39,30630,12Hatch,CrazyZerg,2RaxAcademy;1Base,false,30630
20260904-031526,KU4HQ06M,WillBot,Random,(2)Benzene.scx,LOSS,0,2026-09-04T06:25:52,2026-09-04T06:30:30,276.8,0.63,6e32a9d,False,True,ok,True,WillBot,False,False,False,5650,38700,750,28875,True,5475,53625,19275,42250,2101,50424,32838,32300,6080,3550,255,302,1.885,5390.0,1788528623083,false,2,Overpool,3HatchMuta,1Base;2Gate;EarlyRush,50439,1c2d65f7-b8dc-4302-80bc-e013345367b2,3HatchMuta,0,50439,336.6987,87,364,424,124,462,139,8,320,512,240,155,576,7939,302,136,17,5314,50470,7509,584,6925,491,87,459,121,0,4,67,50439,Overpool,3HatchMuta,1Base;2Gate;EarlyRush,false,50439
20260904-031526,KU4HQ02R,MadMixR,Random,(2)Destination.scx,LOSS,0,2026-09-04T06:27:21,2026-09-04T06:30:17,174.2,0.63,6e32a9d,False,True,ok,True,MadMixR,False,False,False,1900,9900,300,9125,True,8600,18475,5700,19450,1008,24192,10754,10675,1336,1225,80,86,1.796,5318.0,1788528607379,false,2,12Pool,3HatchHydra,1Base;2Gate;EarlyRush,24213,2a2d2eb9-d2df-48be-890a-8e765b71f8ba,3HatchHydra,0,24213,242.8598,30,202,230,43,160,81,8,320,512,240,89,219,3040,271,63,24,2255,24229,9388,1787,7601,170,1862,1744,34,0,9,63,24213,12Pool,3HatchHydra,1Base;2Gate;EarlyRush,false,24213
20260904-031526,KU4HQ09M,VOID,Terran,(4)Jade.scx,LOSS,0,2026-09-04T06:27:49,2026-09-04T06:30:48,177.2,0.63,6e32a9d,False,True,ok,True,VOID,False,False,False,3410,6450,600,9700,True,4740,17460,11130,11775,1161,27864,12490,12395,2536,2170,113,118,1.817,5852.0,1788528640590,false,4,12Hatch,CrazyZerg,2RaxAcademy;1Base,27871,f4651bd7-39c8-47b4-b416-47fef88dd397,CrazyZerg,0,27871,239.0226,23,101,131,60,120,65,8,320,512,240,51,193,3249,262,65,18,2402,27872,1912,271,1641,175,81,199,58,0,14,34,27871,12Hatch,CrazyZerg,2RaxAcademy;1Base,false,27871
20260904-031526,KU4HQ06N,WillBot,Random,(2)Destination.scx,LOSS,0,2026-09-04T06:30:30,2026-09-04T06:33:13,161.9,0.63,6e32a9d,False,True,ok,True,WillBot,False,False,False,455,5800,600,3900,True,4525,6500,1365,18000,1065,25560,4770,3975,0,0,60,66,1.716,4795.0,1788528785602,false,2,4Pool,4Pool,1Base;2Gate;EarlyRush,25577,8ba6eac5-90d9-4687-bd45-1d2232762cff,4Pool,0,25577,315.7072,27,122,122,26,92,29,8,320,512,240,70,129,1677,195,29,16,1545,25584,707,95,612,74,23,81,14,0,0,8,25577,4Pool,4Pool,1Base;2Gate;EarlyRush,false,25577
20260904-031526,KU4HQ09N,VOID,Terran,(4)LaMancha1.1.scx,WIN,0,2026-09-04T06:30:48,2026-09-04T06:35:40,291.7,0.63,6e32a9d,False,True,ok,True,Infested Artosis,False,False,True,6545,62950,14820,58125,False,5290,90775,8325,28925,1995,47880,52766,45569,19298,13769,291,320,2.839,5249.0,1788528932116,true,4,12Hatch,CrazyZerg,2RaxAcademy;1Base,47897,0b84f2e8-3939-4f7b-bf28-f8b6f7297f5e,CrazyZerg,1,47897,245.1175,61,763,1081,471,974,560,8,320,512,240,329,773,13895,553,548,21,8188,47839,6579,703,5876,644,60,604,85,2,12,57,47897,12Hatch,CrazyZerg,2RaxAcademy;1Base,true,47897
20260904-031526,KU4HQ06O,WillBot,Random,(2)HeartbreakRidge.scx,WIN,0,2026-09-04T06:33:13,2026-09-04T06:36:30,195.7,0.63,6e32a9d,False,True,ok,True,Infested Artosis,False,False,True,4620,42650,7395,35825,False,3865,39500,870,18675,1329,31896,32270,30725,10752,9375,274,286,1.784,4816.0,1788528980956,true,2,Overpool,CrazyZerg,2RaxAcademy;1Base,31901,a8bf7691-fcff-440c-861c-0cd6540bf8bb,CrazyZerg,1,31901,163.6965,36,395,524,238,514,319,8,320,512,240,213,405,8568,316,292,23,4447,31855,5423,1045,4378,427,714,382,53,597,13,36,31901,Overpool,CrazyZerg,2RaxAcademy;1Base,true,31901
20260904-031526,KU4HQ09O,VOID,Terran,(4)Python.scx,WIN,0,2026-09-04T06:35:40,2026-09-04T06:38:38,177.0,0.63,6e32a9d,False,True,ok,True,Infested Artosis,False,False,True,5065,30300,11070,29425,False,3165,22950,0,14500,1178,28272,31194,28050,10448,7575,316,352,1.8,6180.0,1788529111680,true,4,12Hatch,CrazyZerg,2RaxAcademy;1Base,28274,0af229d4-cdc9-49a9-83a3-aeb4c0b0357f,CrazyZerg,1,28274,230.6140,19,248,307,212,434,272,8,320,512,240,151,253,4707,269,267,20,3088,28239,3160,401,2759,381,9,318,70,2,11,41,28274,12Hatch,CrazyZerg,2RaxAcademy;1Base,true,28274
20260904-031526,KU4HQ06P,WillBot,Random,(3)NeoMoonGlaive.scx,WIN,0,2026-09-04T06:36:30,2026-09-04T06:38:18,107.8,0.63,6e32a9d,False,True,ok,True,Infested Artosis,False,False,True,375,2000,1485,1100,False,495,450,0,1350,272,6528,1170,1050,0,0,27,34,1.934,5225.0,1788529090464,true,3,4Pool,4Pool,1Base,6543,a05b9c85-0eeb-41ae-bf90-a7b74ad09abc,4Pool,1,6543,355.7233,1,9,9,21,40,25,8,320,512,240,19,9,309,7,25,7,214,6501,138,24,114,17,0,23,1,0,0,7,6543,4Pool,4Pool,1Base,true,6543
20260904-031526,KU4HQ06Q,WillBot,Random,(3)TauCross.scx,LOSS,0,2026-09-04T06:38:18,2026-09-04T06:41:37,198.1,0.63,6e32a9d,False,True,ok,True,WillBot,False,False,False,3940,20250,600,25200,True,5240,48190,11820,25725,1444,34656,20570,20450,8512,7575,150,166,1.78,4897.0,1788529288788,false,3,Overpool,CrazyZerg,1Base,34660,d74fcb51-be1d-489d-9744-e1d307991ba3,CrazyZerg,0,34660,346.2027,29,285,451,112,256,117,8,320,512,240,134,351,7575,379,142,21,4265,34661,2610,375,2235,258,73,306,59,0,10,62,34660,Overpool,CrazyZerg,1Base,false,34660
20260904-031526,KU4HQ09P,VOID,Terran,(4)Roadrunner.scx,LOSS,0,2026-09-04T06:38:38,2026-09-04T06:42:19,219.3,0.63,6e32a9d,False,True,ok,True,VOID,False,False,False,5015,15300,1650,19350,True,5765,27320,19545,17125,1551,37224,33858,25513,11928,1713,205,272,2.161,5750.0,1788529332024,false,4,12Hatch,CrazyZerg,EarlyRush;2RaxAcademy;1Base,37233,df284c9e-648a-4e34-963f-ee2e3adedc77,CrazyZerg,0,37233,302.3568,76,355,355,146,292,151,8,320,512,240,174,491,8046,384,163,19,4547,37222,10835,2517,8318,383,2448,2381,132,0,4,52,37233,12Hatch,CrazyZerg,EarlyRush;2RaxAcademy;1Base,false,37233
20260904-031526,KU4HQ06R,WillBot,Random,(4)Andromeda.scx,LOSS,0,2026-09-04T06:41:37,2026-09-04T06:46:19,280.5,0.63,6e32a9d,False,True,ok,True,WillBot,False,False,False,9260,56250,1800,40975,True,5440,74830,33255,42600,2163,51912,49766,48675,8384,6125,203,272,1.846,6880.0,1788529569883,false,4,Overpool,CrazyZerg,1Base,51927,88901794-ef46-4e94-ae53-bd01e3d78814,CrazyZerg,0,51927,333.3402,112,789,907,304,674,367,8,320,512,240,345,983,18663,639,393,23,9862,51928,5382,885,4497,732,146,670,202,2,11,40,51927,Overpool,CrazyZerg,1Base,false,51927
20260904-031526,KU4HQ06S,WillBot,Random,(4)CircuitBreaker.scx,LOSS,0,2026-09-04T06:46:19,2026-09-04T06:50:08,228.2,0.63,6e32a9d,False,True,ok,True,WillBot,False,False,False,9620,19050,0,28200,True,4890,51175,30660,23550,1812,43488,45098,39420,8128,2570,195,242,1.461,4504.0,1788529799169,false,4,Overpool,CrazyZerg,EarlyRush;1Base,43495,6aa74e56-e8ae-4430-9ae9-60732d4e8ab5,CrazyZerg,0,43495,362.4245,64,419,452,109,240,129,8,320,512,240,199,718,12171,411,167,23,6742,43496,9556,1989,7567,607,1578,1513,222,246,8,61,43495,Overpool,CrazyZerg,EarlyRush;1Base,false,43495
20260904-031526,KU4HQ06T,WillBot,Random,(4)EmpireoftheSun.scm,LOSS,0,2026-09-04T06:50:08,2026-09-04T06:52:39,149.8,0.63,6e32a9d,False,True,ok,True,WillBot,False,False,False,455,2400,450,3500,True,3450,5900,1365,13250,931,22344,4106,3575,0,0,59,66,1.414,5554.0,1788529952126,false,4,4Pool,4Pool,EarlyRush;1Base;2Gate,22353,4bf0de87-730d-4a72-91cd-802933b9bc71,4Pool,0,22353,365.2554,11,107,107,13,42,15,8,320,512,240,62,114,1820,166,15,15,1333,22382,742,84,658,65,21,71,13,0,0,8,22353,4Pool,4Pool,EarlyRush;1Base;2Gate,false,22353
20260904-031526,KU4HQ06U,WillBot,Random,(4)FightingSpirit.scx,LOSS,0,2026-09-04T06:52:39,2026-09-04T06:55:34,173.9,0.63,6e32a9d,False,True,ok,True,WillBot,False,False,False,3330,9250,0,17450,True,4990,32500,10890,20175,1166,27984,17634,17513,6016,5163,142,182,1.446,4312.0,1788530124074,false,4,Overpool,CrazyZerg,1Base;2RaxAcademy,27995,ddda0e53-2e9e-45c4-99ac-7bf7826059fc,CrazyZerg,0,27995,256.5536,24,203,292,56,130,58,8,320,512,240,100,286,6881,313,73,23,3229,28007,2529,318,2211,235,68,254,54,0,10,38,27995,Overpool,CrazyZerg,1Base;2RaxAcademy,false,27995
20260904-031526,KU4HQ06V,WillBot,Random,(4)Icarus.scm,LOSS,0,2026-09-04T06:55:34,2026-09-04T06:58:04,149.8,0.63,6e32a9d,False,True,ok,True,WillBot,False,False,False,375,1100,0,3850,True,3890,7200,1125,16925,1046,25104,4762,3850,0,0,37,50,1.097,4275.0,1788530277405,false,4,4Pool,4Pool,2RaxAcademy;1Base,25112,9a415051-0163-4823-94cd-d1e6a78b5d32,4Pool,0,25112,391.7288,21,113,113,10,20,13,8,320,512,240,72,139,1785,256,21,22,1742,25117,547,115,432,72,49,105,10,0,0,10,25112,4Pool,4Pool,2RaxAcademy;1Base,false,25112
20260904-031526,KU4HQ06W,WillBot,Random,(4)Jade.scx,WIN,0,2026-09-04T06:58:04,2026-09-04T07:00:44,158.9,0.63,6e32a9d,False,True,ok,True,Infested Artosis,False,False,True,2190,18650,5625,19000,False,2540,18050,0,8825,966,23184,16602,15500,7232,6250,169,182,1.538,4494.0,1788530436487,true,4,Overpool,CrazyZerg,1Base,23190,0a309058-e8b3-4466-bc1a-32b60dc89e25,CrazyZerg,1,23190,232.3379,14,155,211,143,296,171,8,320,512,240,94,161,4101,189,177,19,1966,23160,1493,217,1276,192,11,189,17,0,11,27,23190,Overpool,CrazyZerg,1Base,true,23190
20260904-031526,KU4HQ06X,WillBot,Random,(4)LaMancha1.1.scx,LOSS,0,2026-09-04T07:00:44,2026-09-04T07:04:15,210.2,0.63,6e32a9d,False,True,ok,True,WillBot,False,False,False,3275,36600,900,32800,True,5190,63930,9825,35900,1698,40752,23710,23650,10256,9700,140,166,1.359,4276.0,1788530645766,false,4,Overpool,CrazyZerg,1Base,40767,86904ea1-ce97-463e-a363-60d4e1e852cf,CrazyZerg,0,40767,412.5557,34,344,586,195,432,218,8,320,512,240,147,410,9007,485,255,23,4855,40764,2880,392,2488,302,65,323,57,0,12,50,40767,Overpool,CrazyZerg,1Base,false,40767
